,stationID,lon,lat,altitude,siteLevel,totalCloud,WD,WV,airPressure,Transformation_3h,pastWeather1,pastWeather2,rainfall_6h,lowCloudiness,lowCloudCover,lowCloudHigh,dewPoint,visibility,currentWeather,temperature,lowCloudiness,highCloudiness,flag1,flag2,temperatureChange_24h,transformer_24h,time,year,month,day,hour
0,52674.0,101.93,38.22,2094.0,16.0,9.0,220.0,5.0,9999.0,-1.0,0.0,0.0,0.0,9999.0,9999.0,9999.0,-24.0,30.0,0.0,-9.3,9999.0,9999.0,1.0,2.0,9999.0,9999.0,2017-12-31 23:00,2017.0,12.0,31.0,23.0
1,52674.0,101.93,38.22,2094.0,16.0,9.0,290.0,3.0,9999.0,-13.0,0.0,0.0,0.0,9999.0,9999.0,9999.0,-24.4,30.0,0.0,-11.4,9999.0,9999.0,1.0,2.0,1.0,-3.0,2018-01-01 02:00,2018.0,1.0,1.0,2.0
2,52674.0,101.93,38.22,2094.0,16.0,9.0,220.0,2.0,9999.0,-7.0,0.0,0.0,0.0,9999.0,9999.0,9999.0,-24.6,30.0,0.0,-14.0,9999.0,9999.0,1.0,2.0,-5.0,-2.0,2018-01-01 05:00,2018.0,1.0,1.0,5.0
3,52674.0,101.93,38.22,2094.0,16.0,0.0,180.0,1.0,9999.0,-1.0,0.0,0.0,0.0,9999.0,0.0,9999.0,-26.3,30.0,0.0,-16.5,9999.0,9999.0,1.0,2.0,-8.0,-2.0,2018-01-01 08:00,2018.0,1.0,1.0,8.0
4,52674.0,101.93,38.22,2094.0,16.0,0.0,290.0,2.0,9999.0,14.0,0.0,0.0,0.0,9999.0,0.0,9999.0,-23.7,30.0,0.0,-7.0,9999.0,9999.0,1.0,2.0,9999.0,9999.0,2018-01-01 11:00,2018.0,1.0,1.0,11.0
5,52674.0,101.93,38.22,2094.0,16.0,0.0,20.0,3.0,9999.0,-19.0,0.0,0.0,0.0,9999.0,0.0,9999.0,-23.7,30.0,0.0,-4.1,9999.0,9999.0,1.0,2.0,-5.0,0.0,2018-01-01 14:00,2018.0,1.0,1.0,14.0
6,52674.0,101.93,38.22,2094.0,16.0,2.0,40.0,4.0,9999.0,11.0,0.0,0.0,0.0,9999.0,2.0,2500.0,-22.2,30.0,0.0,-4.8,9999.0,9999.0,1.0,2.0,-4.0,0.0,2018-01-01 17:00,2018.0,1.0,1.0,17.0
7,52674.0,101.93,38.22,2094.0,16.0,0.0,160.0,3.0,9999.0,27.0,0.0,0.0,0.0,9999.0,0.0,9999.0,-23.4,30.0,0.0,-12.0,9999.0,9999.0,1.0,2.0,-3.0,1.0,2018-01-01 20:00,2018.0,1.0,1.0,20.0
8,52674.0,101.93,38.22,2094.0,16.0,9.0,160.0,3.0,9999.0,3.0,0.0,0.0,0.0,9999.0,9999.0,9999.0,-23.4,30.0,0.0,-13.6,9999.0,9999.0,1.0,2.0,9999.0,9999.0,2018-01-01 23:00,2018.0,1.0,1.0,23.0
9,52674.0,101.93,38.22,2094.0,16.0,9.0,340.0,1.0,9999.0,-5.0,0.0,0.0,0.0,9999.0,9999.0,9999.0,-22.1,30.0,0.0,-11.2,9999.0,9999.0,1.0,2.0,0.0,2.0,2018-01-02 02:00,2018.0,1.0,2.0,2.0
10,52674.0,101.93,38.22,2094.0,16.0,9.0,160.0,2.0,9999.0,-4.0,0.0,0.0,0.0,9999.0,9999.0,9999.0,-22.9,30.0,0.0,-13.8,9999.0,9999.0,1.0,2.0,0.0,3.0,2018-01-02 05:00,2018.0,1.0,2.0,5.0
11,52674.0,101.93,38.22,2094.0,16.0,7.0,180.0,2.0,9999.0,11.0,0.0,0.0,0.0,9999.0,7.0,2500.0,-22.8,30.0,0.0,-16.8,9999.0,9999.0,1.0,2.0,0.0,4.0,2018-01-02 08:00,2018.0,1.0,2.0,8.0
12,52674.0,101.93,38.22,2094.0,16.0,7.0,70.0,3.0,9999.0,11.0,0.0,0.0,0.0,9999.0,7.0,1500.0,-18.0,30.0,0.0,-11.3,9999.0,9999.0,1.0,2.0,9999.0,9999.0,2018-01-02 11:00,2018.0,1.0,2.0,11.0
13,52674.0,101.93,38.22,2094.0,16.0,7.0,70.0,6.0,9999.0,-22.0,0.0,0.0,0.0,9999.0,7.0,1500.0,-18.7,30.0,0.0,-9.6,9999.0,9999.0,1.0,2.0,-6.0,3.0,2018-01-02 14:00,2018.0,1.0,2.0,14.0
14,52674.0,101.93,38.22,2094.0,16.0,7.0,90.0,5.0,9999.0,9.0,0.0,0.0,0.0,9999.0,7.0,1500.0,-18.6,30.0,0.0,-10.2,9999.0,9999.0,1.0,2.0,-5.0,3.0,2018-01-02 17:00,2018.0,1.0,2.0,17.0
15,52674.0,101.93,38.22,2094.0,16.0,7.0,160.0,3.0,9999.0,16.0,0.0,0.0,0.0,9999.0,7.0,1500.0,-20.8,30.0,0.0,-14.9,9999.0,9999.0,1.0,2.0,-3.0,2.0,2018-01-02 20:00,2018.0,1.0,2.0,20.0
16,52674.0,101.93,38.22,2094.0,16.0,9.0,70.0,2.0,9999.0,6.0,0.0,0.0,0.0,9999.0,9999.0,9999.0,-19.5,30.0,0.0,-14.1,9999.0,9999.0,1.0,2.0,9999.0,9999.0,2018-01-02 23:00,2018.0,1.0,2.0,23.0
17,52674.0,101.93,38.22,2094.0,16.0,9.0,110.0,1.0,9999.0,-11.0,0.0,0.0,0.0,9999.0,9999.0,9999.0,-21.3,30.0,0.0,-15.4,9999.0,9999.0,1.0,2.0,-4.0,2.0,2018-01-03 02:00,2018.0,1.0,3.0,2.0
18,52674.0,101.93,38.22,2094.0,16.0,9.0,90.0,2.0,9999.0,-14.0,0.0,0.0,0.0,9999.0,9999.0,9999.0,-19.0,30.0,0.0,-15.4,9999.0,9999.0,1.0,2.0,-2.0,1.0,2018-01-03 05:00,2018.0,1.0,3.0,5.0
19,52674.0,101.93,38.22,2094.0,16.0,8.0,290.0,1.0,9999.0,-9.0,0.0,0.0,0.0,9999.0,8.0,1500.0,-19.6,30.0,0.0,-15.8,9999.0,9999.0,1.0,2.0,1.0,-1.0,2018-01-03 08:00,2018.0,1.0,3.0,8.0
20,52674.0,101.93,38.22,2094.0,16.0,7.0,360.0,2.0,9999.0,-2.0,0.0,0.0,0.0,9999.0,7.0,1500.0,-17.9,30.0,0.0,-12.6,9999.0,9999.0,1.0,2.0,9999.0,9999.0,2018-01-03 11:00,2018.0,1.0,3.0,11.0
21,52674.0,101.93,38.22,2094.0,16.0,7.0,90.0,6.0,9999.0,-26.0,7.0,0.0,0.0,9999.0,7.0,1500.0,-16.6,21.0,70.0,-12.7,9999.0,9999.0,1.0,2.0,-3.0,-3.0,2018-01-03 14:00,2018.0,1.0,3.0,14.0
22,52674.0,101.93,38.22,2094.0,16.0,7.0,70.0,4.0,9999.0,2.0,7.0,7.0,9999.0,9999.0,7.0,1500.0,-16.3,6.0,70.0,-13.7,9999.0,9999.0,1.0,2.0,-4.0,-4.0,2018-01-03 17:00,2018.0,1.0,3.0,17.0
23,52674.0,101.93,38.22,2094.0,16.0,4.0,200.0,2.0,9999.0,15.0,7.0,0.0,0.1,9999.0,4.0,2500.0,-19.6,30.0,0.0,-17.5,9999.0,9999.0,1.0,2.0,-3.0,-4.0,2018-01-03 20:00,2018.0,1.0,3.0,20.0
24,52674.0,101.93,38.22,2094.0,16.0,9.0,160.0,1.0,9999.0,-6.0,0.0,0.0,9999.0,9999.0,9999.0,9999.0,-20.9,30.0,0.0,-18.4,9999.0,9999.0,1.0,2.0,9999.0,9999.0,2018-01-03 23:00,2018.0,1.0,3.0,23.0
25,52674.0,101.93,38.22,2094.0,16.0,9.0,220.0,2.0,9999.0,-24.0,0.0,0.0,0.0,9999.0,9999.0,9999.0,-22.4,30.0,0.0,-19.2,9999.0,9999.0,1.0,2.0,-4.0,-6.0,2018-01-04 02:00,2018.0,1.0,4.0,2.0
26,52674.0,101.93,38.22,2094.0,16.0,9.0,160.0,2.0,9999.0,-11.0,0.0,0.0,0.0,9999.0,9999.0,9999.0,-22.8,30.0,0.0,-20.1,9999.0,9999.0,1.0,2.0,-5.0,-6.0,2018-01-04 05:00,2018.0,1.0,4.0,5.0
27,52674.0,101.93,38.22,2094.0,16.0,0.0,270.0,3.0,9999.0,-8.0,0.0,0.0,0.0,9999.0,0.0,9999.0,-22.0,30.0,0.0,-18.6,9999.0,9999.0,1.0,2.0,-3.0,-6.0,2018-01-04 08:00,2018.0,1.0,4.0,8.0
28,52674.0,101.93,38.22,2094.0,16.0,0.0,70.0,2.0,9999.0,0.0,0.0,0.0,0.0,9999.0,0.0,9999.0,-16.6,30.0,0.0,-11.4,9999.0,9999.0,1.0,2.0,9999.0,9999.0,2018-01-04 11:00,2018.0,1.0,4.0,11.0
29,52674.0,101.93,38.22,2094.0,16.0,0.0,90.0,4.0,9999.0,-18.0,0.0,0.0,0.0,9999.0,0.0,9999.0,-14.8,30.0,0.0,-8.7,9999.0,9999.0,1.0,2.0,4.0,-5.0,2018-01-04 14:00,2018.0,1.0,4.0,14.0
30,52674.0,101.93,38.22,2094.0,16.0,0.0,70.0,3.0,9999.0,6.0,0.0,0.0,0.0,9999.0,0.0,9999.0,-14.1,22.0,0.0,-9.9,9999.0,9999.0,1.0,2.0,4.0,-5.0,2018-01-04 17:00,2018.0,1.0,4.0,17.0
31,52674.0,101.93,38.22,2094.0,16.0,0.0,140.0,2.0,9999.0,11.0,0.0,0.0,0.0,9999.0,0.0,9999.0,-17.8,9.0,0.0,-16.1,9999.0,9999.0,1.0,2.0,1.0,-5.0,2018-01-04 20:00,2018.0,1.0,4.0,20.0
32,52674.0,101.93,38.22,2094.0,16.0,9.0,180.0,1.0,9999.0,-5.0,4.0,0.0,0.0,9999.0,9999.0,9999.0,-20.0,6.0,10.0,-17.8,9999.0,9999.0,1.0,2.0,9999.0,9999.0,2018-01-04 23:00,2018.0,1.0,4.0,23.0
33,52674.0,101.93,38.22,2094.0,16.0,9.0,270.0,1.0,9999.0,-5.0,7.0,4.0,0.0,9999.0,9999.0,9999.0,-17.6,2.5,70.0,-15.8,9999.0,9999.0,1.0,2.0,3.0,-3.0,2018-01-05 02:00,2018.0,1.0,5.0,2.0
34,52674.0,101.93,38.22,2094.0,16.0,9.0,250.0,2.0,9999.0,-12.0,7.0,0.0,0.0,9999.0,9999.0,9999.0,-16.2,6.0,70.0,-14.5,9999.0,9999.0,1.0,2.0,6.0,-3.0,2018-01-05 05:00,2018.0,1.0,5.0,5.0
35,52674.0,101.93,38.22,2094.0,16.0,8.0,250.0,3.0,9999.0,8.0,9999.0,9999.0,0.1,9999.0,8.0,1500.0,-15.3,6.0,70.0,-13.7,9999.0,9999.0,1.0,2.0,5.0,-2.0,2018-01-05 08:00,2018.0,1.0,5.0,8.0
36,52674.0,101.93,38.22,2094.0,16.0,7.0,90.0,1.0,9999.0,3.0,7.0,7.0,9999.0,9999.0,7.0,1500.0,-13.7,7.0,22.0,-12.2,9999.0,9999.0,1.0,2.0,9999.0,9999.0,2018-01-05 11:00,2018.0,1.0,5.0,11.0
37,52674.0,101.93,38.22,2094.0,16.0,7.0,90.0,2.0,9999.0,-17.0,7.0,0.0,0.0,9999.0,7.0,1500.0,-13.5,15.0,22.0,-9.5,9999.0,9999.0,1.0,2.0,-1.0,-1.0,2018-01-05 14:00,2018.0,1.0,5.0,14.0
38,52674.0,101.93,38.22,2094.0,16.0,7.0,90.0,3.0,9999.0,20.0,7.0,0.0,0.0,9999.0,7.0,1500.0,-14.0,9.0,22.0,-11.6,9999.0,9999.0,1.0,2.0,-2.0,0.0,2018-01-05 17:00,2018.0,1.0,5.0,17.0
39,52674.0,101.93,38.22,2094.0,16.0,8.0,290.0,6.0,9999.0,29.0,7.0,0.0,0.1,9999.0,8.0,1500.0,-16.7,30.0,22.0,-12.6,9999.0,9999.0,1.0,2.0,4.0,2.0,2018-01-05 20:00,2018.0,1.0,5.0,20.0
40,52674.0,101.93,38.22,2094.0,16.0,9.0,270.0,3.0,9999.0,12.0,0.0,0.0,9999.0,9999.0,9999.0,9999.0,-17.5,30.0,0.0,-13.3,9999.0,9999.0,1.0,2.0,9999.0,9999.0,2018-01-05 23:00,2018.0,1.0,5.0,23.0
41,52674.0,101.93,38.22,2094.0,16.0,9.0,290.0,2.0,9999.0,-10.0,0.0,0.0,0.0,9999.0,9999.0,9999.0,-18.4,30.0,0.0,-14.4,9999.0,9999.0,1.0,2.0,1.0,3.0,2018-01-06 02:00,2018.0,1.0,6.0,2.0
42,52674.0,101.93,38.22,2094.0,16.0,9.0,320.0,1.0,9999.0,2.0,0.0,0.0,0.0,9999.0,9999.0,9999.0,-16.7,6.0,0.0,-13.3,9999.0,9999.0,1.0,2.0,1.0,5.0,2018-01-06 05:00,2018.0,1.0,6.0,5.0
43,52674.0,101.93,38.22,2094.0,16.0,8.0,0.0,0.0,9999.0,15.0,9999.0,9999.0,0.9,9999.0,8.0,1500.0,-15.9,9999.0,70.0,-14.0,9999.0,9999.0,1.0,2.0,0.0,5.0,2018-01-06 08:00,2018.0,1.0,6.0,8.0
44,52674.0,101.93,38.22,2094.0,16.0,7.0,290.0,1.0,9999.0,8.0,7.0,0.0,9999.0,9999.0,7.0,1500.0,-17.1,30.0,0.0,-13.4,9999.0,9999.0,1.0,2.0,9999.0,9999.0,2018-01-06 11:00,2018.0,1.0,6.0,11.0
45,52674.0,101.93,38.22,2094.0,16.0,7.0,250.0,1.0,9999.0,-20.0,7.0,0.0,0.1,9999.0,7.0,1500.0,-15.5,30.0,0.0,-8.6,9999.0,9999.0,1.0,2.0,1.0,6.0,2018-01-06 14:00,2018.0,1.0,6.0,14.0
46,52674.0,101.93,38.22,2094.0,16.0,7.0,110.0,3.0,9999.0,10.0,7.0,0.0,9999.0,9999.0,7.0,1500.0,-14.8,3.8,71.0,-12.6,9999.0,9999.0,1.0,2.0,-1.0,5.0,2018-01-06 17:00,2018.0,1.0,6.0,17.0
47,52674.0,101.93,38.22,2094.0,16.0,7.0,220.0,1.0,9999.0,14.0,7.0,0.0,0.7,9999.0,7.0,1500.0,-18.1,8.0,70.0,-16.4,9999.0,9999.0,1.0,2.0,-4.0,3.0,2018-01-06 20:00,2018.0,1.0,6.0,20.0
48,52674.0,101.93,38.22,2094.0,16.0,9.0,220.0,4.0,9999.0,4.0,0.0,0.0,9999.0,9999.0,9999.0,9999.0,-19.5,30.0,0.0,-16.4,9999.0,9999.0,1.0,2.0,9999.0,9999.0,2018-01-06 23:00,2018.0,1.0,6.0,23.0
49,52674.0,101.93,38.22,2094.0,16.0,9.0,250.0,1.0,9999.0,-15.0,0.0,0.0,0.1,9999.0,9999.0,9999.0,-23.6,30.0,0.0,-19.4,9999.0,9999.0,1.0,2.0,-5.0,2.0,2018-01-07 02:00,2018.0,1.0,7.0,2.0
50,52674.0,101.93,38.22,2094.0,16.0,9.0,140.0,1.0,9999.0,-3.0,0.0,0.0,0.0,9999.0,9999.0,9999.0,-23.7,30.0,0.0,-19.2,9999.0,9999.0,1.0,2.0,-6.0,1.0,2018-01-07 05:00,2018.0,1.0,7.0,5.0
51,52674.0,101.93,38.22,2094.0,16.0,7.0,220.0,4.0,9999.0,12.0,0.0,0.0,9999.0,9999.0,7.0,1500.0,-23.7,30.0,0.0,-19.4,9999.0,9999.0,1.0,2.0,-5.0,1.0,2018-01-07 08:00,2018.0,1.0,7.0,8.0
52,52674.0,101.93,38.22,2094.0,16.0,7.0,290.0,5.0,9999.0,13.0,0.0,0.0,0.0,9999.0,7.0,1500.0,-20.8,30.0,0.0,-15.0,9999.0,9999.0,1.0,2.0,9999.0,9999.0,2018-01-07 11:00,2018.0,1.0,7.0,11.0
53,52674.0,101.93,38.22,2094.0,16.0,7.0,320.0,7.0,9999.0,-6.0,0.0,0.0,0.0,9999.0,7.0,1500.0,-19.1,30.0,0.0,-13.1,9999.0,9999.0,1.0,2.0,-5.0,3.0,2018-01-07 14:00,2018.0,1.0,7.0,14.0
54,52674.0,101.93,38.22,2094.0,16.0,7.0,290.0,7.0,9999.0,18.0,0.0,0.0,0.0,9999.0,7.0,1500.0,-20.6,30.0,0.0,-13.3,9999.0,9999.0,1.0,2.0,-1.0,4.0,2018-01-07 17:00,2018.0,1.0,7.0,17.0
55,52674.0,101.93,38.22,2094.0,16.0,7.0,270.0,14.0,9999.0,20.0,0.0,0.0,0.0,9999.0,7.0,1500.0,-24.3,22.0,0.0,-13.4,9999.0,9999.0,1.0,2.0,3.0,4.0,2018-01-07 20:00,2018.0,1.0,7.0,20.0
56,52674.0,101.93,38.22,2094.0,16.0,9.0,270.0,12.0,9999.0,5.0,0.0,0.0,0.0,9999.0,9999.0,9999.0,-25.3,30.0,0.0,-13.1,9999.0,9999.0,1.0,2.0,9999.0,9999.0,2018-01-07 23:00,2018.0,1.0,7.0,23.0
57,52674.0,101.93,38.22,2094.0,16.0,9.0,250.0,10.0,9999.0,-8.0,0.0,0.0,0.0,9999.0,9999.0,9999.0,-28.3,30.0,0.0,-11.8,9999.0,9999.0,1.0,2.0,8.0,5.0,2018-01-08 02:00,2018.0,1.0,8.0,2.0
58,52674.0,101.93,38.22,2094.0,16.0,9.0,250.0,7.0,9999.0,-10.0,0.0,0.0,0.0,9999.0,9999.0,9999.0,-26.5,30.0,0.0,-16.4,9999.0,9999.0,1.0,2.0,3.0,4.0,2018-01-08 05:00,2018.0,1.0,8.0,5.0
59,52674.0,101.93,38.22,2094.0,16.0,3.0,270.0,2.0,9999.0,1.0,0.0,0.0,0.0,9999.0,3.0,2500.0,-28.9,30.0,0.0,-17.8,9999.0,9999.0,1.0,2.0,2.0,3.0,2018-01-08 08:00,2018.0,1.0,8.0,8.0
60,52674.0,101.93,38.22,2094.0,16.0,0.0,290.0,5.0,9999.0,3.0,0.0,0.0,0.0,9999.0,0.0,9999.0,-22.7,30.0,0.0,-10.6,9999.0,9999.0,1.0,2.0,9999.0,9999.0,2018-01-08 11:00,2018.0,1.0,8.0,11.0
61,52674.0,101.96,38.23,1977.0,16.0,0.0,320.0,9.0,9999.0,-18.0,0.0,0.0,0.0,9999.0,0.0,9999.0,-29.0,30.0,0.0,-4.8,9999.0,9999.0,1.0,2.0,8.0,1.0,2018-01-08 14:00,2018.0,1.0,8.0,14.0
62,52674.0,101.93,38.22,2094.0,16.0,0.0,320.0,9.0,9999.0,12.0,0.0,0.0,0.0,9999.0,0.0,9999.0,-30.1,30.0,0.0,-6.2,9999.0,9999.0,1.0,2.0,7.0,1.0,2018-01-08 17:00,2018.0,1.0,8.0,17.0
63,52674.0,101.93,38.22,2094.0,16.0,0.0,270.0,4.0,9999.0,16.0,0.0,0.0,0.0,9999.0,0.0,9999.0,-27.2,30.0,0.0,-13.4,9999.0,9999.0,1.0,2.0,0.0,0.0,2018-01-08 20:00,2018.0,1.0,8.0,20.0
64,52674.0,101.93,38.22,2094.0,16.0,9.0,270.0,11.0,9999.0,-4.0,0.0,0.0,0.0,9999.0,9999.0,9999.0,-27.8,30.0,0.0,-9.0,9999.0,9999.0,1.0,2.0,9999.0,9999.0,2018-01-08 23:00,2018.0,1.0,8.0,23.0
65,52674.0,101.93,38.22,2094.0,16.0,9.0,250.0,8.0,9999.0,-6.0,0.0,0.0,0.0,9999.0,9999.0,9999.0,-27.4,30.0,0.0,-9.1,9999.0,9999.0,1.0,2.0,3.0,-1.0,2018-01-09 02:00,2018.0,1.0,9.0,2.0
66,52674.0,101.93,38.22,2094.0,16.0,9.0,250.0,13.0,9999.0,0.0,0.0,0.0,0.0,9999.0,9999.0,9999.0,-27.8,30.0,0.0,-8.3,9999.0,9999.0,1.0,2.0,8.0,0.0,2018-01-09 05:00,2018.0,1.0,9.0,5.0
67,52674.0,101.93,38.22,2094.0,16.0,7.0,270.0,7.0,9999.0,16.0,0.0,0.0,0.0,9999.0,7.0,1500.0,-25.4,30.0,0.0,-10.4,9999.0,9999.0,1.0,2.0,7.0,2.0,2018-01-09 08:00,2018.0,1.0,9.0,8.0
68,52674.0,101.93,38.22,2094.0,16.0,0.0,270.0,11.0,9999.0,8.0,0.0,0.0,0.0,9999.0,0.0,9999.0,-24.3,30.0,0.0,-6.1,9999.0,9999.0,1.0,2.0,9999.0,9999.0,2018-01-09 11:00,2018.0,1.0,9.0,11.0
69,52674.0,101.93,38.22,2094.0,16.0,0.0,290.0,14.0,9999.0,-9.0,0.0,0.0,0.0,9999.0,0.0,9999.0,-24.5,30.0,0.0,-3.6,9999.0,9999.0,1.0,2.0,1.0,3.0,2018-01-09 14:00,2018.0,1.0,9.0,14.0
70,52674.0,101.93,38.22,2094.0,16.0,0.0,290.0,9.0,9999.0,10.0,0.0,0.0,0.0,9999.0,0.0,9999.0,-24.4,30.0,0.0,-4.3,9999.0,9999.0,1.0,2.0,2.0,3.0,2018-01-09 17:00,2018.0,1.0,9.0,17.0
71,52674.0,101.93,38.22,2094.0,16.0,0.0,320.0,5.0,9999.0,17.0,0.0,0.0,0.0,9999.0,0.0,9999.0,-24.0,30.0,0.0,-9.7,9999.0,9999.0,1.0,2.0,4.0,3.0,2018-01-09 20:00,2018.0,1.0,9.0,20.0
72,52674.0,101.93,38.22,2094.0,16.0,9.0,270.0,5.0,9999.0,0.0,0.0,0.0,0.0,9999.0,9999.0,9999.0,-24.9,30.0,0.0,-11.2,9999.0,9999.0,1.0,2.0,9999.0,9999.0,2018-01-09 23:00,2018.0,1.0,9.0,23.0
73,52674.0,101.93,38.22,2094.0,16.0,9.0,270.0,6.0,9999.0,-11.0,0.0,0.0,0.0,9999.0,9999.0,9999.0,-24.6,30.0,0.0,-12.0,9999.0,9999.0,1.0,2.0,-3.0,3.0,2018-01-10 02:00,2018.0,1.0,10.0,2.0
74,52674.0,101.93,38.22,2094.0,16.0,9.0,250.0,8.0,9999.0,-11.0,0.0,0.0,0.0,9999.0,9999.0,9999.0,-24.3,30.0,0.0,-9.6,9999.0,9999.0,1.0,2.0,-1.0,2.0,2018-01-10 05:00,2018.0,1.0,10.0,5.0
75,52674.0,101.93,38.22,2094.0,16.0,0.0,320.0,5.0,9999.0,1.0,0.0,0.0,0.0,9999.0,0.0,9999.0,-24.2,30.0,0.0,-10.8,9999.0,9999.0,1.0,2.0,0.0,1.0,2018-01-10 08:00,2018.0,1.0,10.0,8.0
76,52674.0,101.93,38.22,2094.0,16.0,0.0,270.0,8.0,9999.0,9.0,0.0,0.0,0.0,9999.0,0.0,9999.0,-23.7,30.0,0.0,-2.7,9999.0,9999.0,1.0,2.0,9999.0,9999.0,2018-01-10 11:00,2018.0,1.0,10.0,11.0
77,52674.0,101.93,38.22,2094.0,16.0,0.0,290.0,12.0,9999.0,-14.0,0.0,0.0,0.0,9999.0,0.0,9999.0,-25.1,30.0,0.0,-1.0,9999.0,9999.0,1.0,2.0,3.0,0.0,2018-01-10 14:00,2018.0,1.0,10.0,14.0
78,52674.0,101.93,38.22,2094.0,16.0,0.0,320.0,9.0,9999.0,7.0,0.0,0.0,0.0,9999.0,0.0,9999.0,-25.8,30.0,0.0,-1.8,9999.0,9999.0,1.0,2.0,3.0,0.0,2018-01-10 17:00,2018.0,1.0,10.0,17.0
79,52674.0,101.93,38.22,2094.0,16.0,0.0,220.0,5.0,9999.0,12.0,0.0,0.0,0.0,9999.0,0.0,9999.0,-26.2,30.0,0.0,-10.4,9999.0,9999.0,1.0,2.0,-1.0,-1.0,2018-01-10 20:00,2018.0,1.0,10.0,20.0
80,52674.0,101.93,38.22,2094.0,16.0,9.0,270.0,7.0,9999.0,-2.0,0.0,0.0,0.0,9999.0,9999.0,9999.0,-24.8,30.0,0.0,-10.6,9999.0,9999.0,1.0,2.0,9999.0,9999.0,2018-01-10 23:00,2018.0,1.0,10.0,23.0
81,52674.0,101.93,38.22,2094.0,16.0,9.0,290.0,2.0,9999.0,-7.0,0.0,0.0,0.0,9999.0,9999.0,9999.0,-26.0,30.0,0.0,-12.4,9999.0,9999.0,1.0,2.0,0.0,-1.0,2018-01-11 02:00,2018.0,1.0,11.0,2.0
82,52674.0,101.93,38.22,2094.0,16.0,9.0,250.0,2.0,9999.0,-4.0,0.0,0.0,0.0,9999.0,9999.0,9999.0,-26.2,30.0,0.0,-12.2,9999.0,9999.0,1.0,2.0,-3.0,0.0,2018-01-11 05:00,2018.0,1.0,11.0,5.0
83,52674.0,101.93,38.22,2094.0,16.0,0.0,160.0,2.0,9999.0,6.0,0.0,0.0,0.0,9999.0,0.0,9999.0,-26.7,30.0,0.0,-16.0,9999.0,9999.0,1.0,2.0,-5.0,1.0,2018-01-11 08:00,2018.0,1.0,11.0,8.0
84,52674.0,101.93,38.22,2094.0,16.0,2.0,270.0,3.0,9999.0,7.0,0.0,0.0,0.0,9999.0,2.0,2500.0,-25.4,30.0,0.0,-5.4,9999.0,9999.0,1.0,2.0,9999.0,9999.0,2018-01-11 11:00,2018.0,1.0,11.0,11.0
85,52674.0,101.93,38.22,2094.0,16.0,6.0,110.0,2.0,9999.0,-19.0,0.0,0.0,0.0,9999.0,6.0,1500.0,-23.8,30.0,0.0,-0.3,9999.0,9999.0,1.0,2.0,1.0,0.0,2018-01-11 14:00,2018.0,1.0,11.0,14.0
86,52674.0,101.93,38.22,2094.0,16.0,0.0,110.0,3.0,9999.0,3.0,0.0,0.0,0.0,9999.0,0.0,600.0,-24.2,30.0,0.0,-1.7,9999.0,9999.0,1.0,2.0,0.0,0.0,2018-01-11 17:00,2018.0,1.0,11.0,17.0
87,52674.0,101.93,38.22,2094.0,16.0,0.0,160.0,2.0,9999.0,1.0,0.0,0.0,0.0,9999.0,0.0,9999.0,-24.7,30.0,0.0,-10.5,9999.0,9999.0,1.0,2.0,0.0,-2.0,2018-01-11 20:00,2018.0,1.0,11.0,20.0
88,52674.0,101.93,38.22,2094.0,16.0,9.0,270.0,4.0,9999.0,-12.0,0.0,0.0,0.0,9999.0,9999.0,9999.0,-23.8,30.0,0.0,-11.1,9999.0,9999.0,1.0,2.0,9999.0,9999.0,2018-01-11 23:00,2018.0,1.0,11.0,23.0
89,52674.0,101.93,38.22,2094.0,16.0,9.0,250.0,1.0,9999.0,-20.0,0.0,0.0,0.0,9999.0,9999.0,9999.0,-24.8,30.0,0.0,-13.3,9999.0,9999.0,1.0,2.0,-1.0,-4.0,2018-01-12 02:00,2018.0,1.0,12.0,2.0
90,52674.0,101.93,38.22,2094.0,16.0,9.0,160.0,2.0,9999.0,-19.0,0.0,0.0,0.0,9999.0,9999.0,9999.0,-25.2,30.0,0.0,-14.4,9999.0,9999.0,1.0,2.0,-2.0,-5.0,2018-01-12 05:00,2018.0,1.0,12.0,5.0
91,52674.0,101.93,38.22,2094.0,16.0,0.0,250.0,2.0,9999.0,-12.0,0.0,0.0,0.0,9999.0,0.0,9999.0,-25.3,30.0,0.0,-13.8,9999.0,9999.0,1.0,2.0,2.0,-7.0,2018-01-12 08:00,2018.0,1.0,12.0,8.0
92,52674.0,101.93,38.22,2094.0,16.0,7.0,290.0,3.0,9999.0,5.0,0.0,0.0,0.0,9999.0,7.0,1500.0,-24.6,30.0,0.0,-3.0,9999.0,9999.0,1.0,2.0,9999.0,9999.0,2018-01-12 11:00,2018.0,1.0,12.0,11.0
93,52674.0,101.93,38.22,2094.0,16.0,7.0,40.0,2.0,9999.0,-22.0,0.0,0.0,0.0,9999.0,7.0,1500.0,-25.2,30.0,0.0,2.3,9999.0,9999.0,1.0,2.0,3.0,-8.0,2018-01-12 14:00,2018.0,1.0,12.0,14.0
94,52674.0,101.93,38.22,2094.0,16.0,7.0,70.0,2.0,9999.0,1.0,0.0,0.0,0.0,9999.0,7.0,1500.0,-23.8,30.0,0.0,1.7,9999.0,9999.0,1.0,2.0,3.0,-8.0,2018-01-12 17:00,2018.0,1.0,12.0,17.0
95,52674.0,101.93,38.22,2094.0,16.0,7.0,270.0,3.0,9999.0,10.0,0.0,0.0,0.0,9999.0,7.0,2500.0,-23.9,30.0,0.0,-6.2,9999.0,9999.0,1.0,2.0,4.0,-7.0,2018-01-12 20:00,2018.0,1.0,12.0,20.0
96,52674.0,101.93,38.22,2094.0,16.0,9.0,250.0,4.0,9999.0,4.0,0.0,0.0,0.0,9999.0,9999.0,9999.0,-26.4,30.0,0.0,-9.7,9999.0,9999.0,1.0,2.0,9999.0,9999.0,2018-01-12 23:00,2018.0,1.0,12.0,23.0
97,52674.0,101.93,38.22,2094.0,16.0,9.0,140.0,1.0,9999.0,-13.0,0.0,0.0,0.0,9999.0,9999.0,9999.0,-26.9,30.0,0.0,-12.6,9999.0,9999.0,1.0,2.0,1.0,-5.0,2018-01-13 02:00,2018.0,1.0,13.0,2.0
98,52674.0,101.93,38.22,2094.0,16.0,9.0,220.0,1.0,9999.0,-21.0,0.0,0.0,0.0,9999.0,9999.0,9999.0,-28.0,30.0,0.0,-12.5,9999.0,9999.0,1.0,2.0,2.0,-5.0,2018-01-13 05:00,2018.0,1.0,13.0,5.0
99,52674.0,101.93,38.22,2094.0,16.0,7.0,290.0,9.0,9999.0,22.0,9999.0,9999.0,0.0,9999.0,7.0,2500.0,-24.3,6.0,7.0,-11.6,9999.0,9999.0,1.0,2.0,2.0,-1.0,2018-01-13 08:00,2018.0,1.0,13.0,8.0
100,52674.0,101.93,38.22,2094.0,16.0,3.0,290.0,10.0,9999.0,22.0,0.0,0.0,0.0,9999.0,3.0,2500.0,-21.2,30.0,0.0,-8.6,9999.0,9999.0,1.0,2.0,9999.0,9999.0,2018-01-13 11:00,2018.0,1.0,13.0,11.0
101,52674.0,101.93,38.22,2094.0,16.0,2.0,340.0,5.0,9999.0,-15.0,0.0,0.0,0.0,9999.0,2.0,2500.0,-20.8,30.0,0.0,-1.3,9999.0,9999.0,1.0,2.0,-4.0,1.0,2018-01-13 14:00,2018.0,1.0,13.0,14.0
102,52674.0,101.93,38.22,2094.0,16.0,2.0,140.0,3.0,9999.0,6.0,0.0,0.0,0.0,9999.0,2.0,2500.0,-20.6,30.0,0.0,-1.7,9999.0,9999.0,1.0,2.0,-3.0,2.0,2018-01-13 17:00,2018.0,1.0,13.0,17.0
103,52674.0,101.93,38.22,2094.0,16.0,5.0,220.0,3.0,9999.0,12.0,0.0,0.0,0.0,9999.0,5.0,2500.0,-21.8,30.0,0.0,-7.2,9999.0,9999.0,1.0,2.0,-1.0,2.0,2018-01-13 20:00,2018.0,1.0,13.0,20.0
104,52674.0,101.93,38.22,2094.0,16.0,9.0,220.0,3.0,9999.0,-8.0,0.0,0.0,0.0,9999.0,9999.0,9999.0,-23.8,30.0,0.0,-12.5,9999.0,9999.0,1.0,2.0,9999.0,9999.0,2018-01-13 23:00,2018.0,1.0,13.0,23.0
105,52674.0,101.93,38.22,2094.0,16.0,9.0,220.0,2.0,9999.0,-17.0,0.0,0.0,0.0,9999.0,9999.0,9999.0,-23.9,30.0,0.0,-13.5,9999.0,9999.0,1.0,2.0,-1.0,0.0,2018-01-14 02:00,2018.0,1.0,14.0,2.0
106,52674.0,101.93,38.22,2094.0,16.0,9.0,270.0,3.0,9999.0,-6.0,0.0,0.0,0.0,9999.0,9999.0,9999.0,-23.1,30.0,0.0,-12.0,9999.0,9999.0,1.0,2.0,1.0,2.0,2018-01-14 05:00,2018.0,1.0,14.0,5.0
107,52674.0,101.93,38.22,2094.0,16.0,3.0,250.0,4.0,9999.0,3.0,0.0,0.0,0.0,9999.0,3.0,2500.0,-24.7,30.0,0.0,-13.2,9999.0,9999.0,1.0,2.0,-2.0,0.0,2018-01-14 08:00,2018.0,1.0,14.0,8.0
108,52674.0,101.93,38.22,2094.0,16.0,0.0,290.0,3.0,9999.0,0.0,0.0,0.0,0.0,9999.0,0.0,9999.0,-23.3,30.0,0.0,-3.6,9999.0,9999.0,1.0,2.0,9999.0,9999.0,2018-01-14 11:00,2018.0,1.0,14.0,11.0
109,52674.0,101.93,38.22,2094.0,16.0,2.0,180.0,1.0,9999.0,-38.0,0.0,0.0,0.0,9999.0,2.0,2500.0,-22.7,30.0,0.0,2.0,9999.0,9999.0,1.0,2.0,3.0,-5.0,2018-01-14 14:00,2018.0,1.0,14.0,14.0
110,52674.0,101.93,38.22,2094.0,16.0,7.0,90.0,3.0,9999.0,-5.0,0.0,0.0,0.0,9999.0,7.0,1500.0,-22.0,30.0,0.0,0.1,9999.0,9999.0,1.0,2.0,2.0,-6.0,2018-01-14 17:00,2018.0,1.0,14.0,17.0
111,52674.0,101.93,38.22,2094.0,16.0,7.0,320.0,3.0,9999.0,17.0,0.0,0.0,0.0,9999.0,7.0,1500.0,-21.6,30.0,0.0,-3.5,9999.0,9999.0,1.0,2.0,4.0,-5.0,2018-01-14 20:00,2018.0,1.0,14.0,20.0
112,52674.0,101.93,38.22,2094.0,16.0,9.0,290.0,5.0,9999.0,25.0,0.0,0.0,0.0,9999.0,9999.0,9999.0,-21.1,30.0,0.0,-5.0,9999.0,9999.0,1.0,2.0,9999.0,9999.0,2018-01-14 23:00,2018.0,1.0,14.0,23.0
113,52674.0,101.93,38.22,2094.0,16.0,9.0,290.0,6.0,9999.0,5.0,0.0,0.0,0.0,9999.0,9999.0,9999.0,-22.0,30.0,0.0,-7.5,9999.0,9999.0,1.0,2.0,6.0,0.0,2018-01-15 02:00,2018.0,1.0,15.0,2.0
114,52674.0,101.93,38.22,2094.0,16.0,9.0,270.0,5.0,9999.0,7.0,0.0,0.0,0.0,9999.0,9999.0,9999.0,-22.1,30.0,0.0,-10.3,9999.0,9999.0,1.0,2.0,2.0,1.0,2018-01-15 05:00,2018.0,1.0,15.0,5.0
115,52674.0,101.93,38.22,2094.0,16.0,3.0,250.0,3.0,9999.0,11.0,0.0,0.0,0.0,9999.0,3.0,2500.0,-24.3,30.0,0.0,-11.6,9999.0,9999.0,1.0,2.0,2.0,2.0,2018-01-15 08:00,2018.0,1.0,15.0,8.0
116,52674.0,101.93,38.22,2094.0,16.0,7.0,270.0,6.0,9999.0,21.0,0.0,0.0,0.0,9999.0,7.0,1500.0,-20.0,30.0,0.0,-7.6,9999.0,9999.0,1.0,2.0,9999.0,9999.0,2018-01-15 11:00,2018.0,1.0,15.0,11.0
117,52674.0,101.93,38.22,2094.0,16.0,7.0,20.0,2.0,9999.0,-18.0,0.0,0.0,0.0,9999.0,7.0,1500.0,-19.1,30.0,0.0,-2.8,9999.0,9999.0,1.0,2.0,-5.0,6.0,2018-01-15 14:00,2018.0,1.0,15.0,14.0
118,52674.0,101.93,38.22,2094.0,16.0,7.0,320.0,3.0,9999.0,2.0,0.0,0.0,0.0,9999.0,7.0,1500.0,-20.8,30.0,0.0,-1.3,9999.0,9999.0,1.0,2.0,-1.0,7.0,2018-01-15 17:00,2018.0,1.0,15.0,17.0
119,52674.0,101.93,38.22,2094.0,16.0,7.0,250.0,1.0,9999.0,0.0,0.0,0.0,0.0,9999.0,7.0,1500.0,-21.6,30.0,0.0,-6.6,9999.0,9999.0,1.0,2.0,-3.0,5.0,2018-01-15 20:00,2018.0,1.0,15.0,20.0
120,52674.0,101.93,38.22,2094.0,16.0,9.0,270.0,2.0,9999.0,-19.0,0.0,0.0,0.0,9999.0,9999.0,9999.0,-23.2,30.0,0.0,-9.2,9999.0,9999.0,1.0,2.0,9999.0,9999.0,2018-01-15 23:00,2018.0,1.0,15.0,23.0
121,52674.0,101.93,38.22,2094.0,16.0,9.0,250.0,6.0,9999.0,-25.0,0.0,0.0,0.0,9999.0,9999.0,9999.0,-21.8,30.0,0.0,-7.2,9999.0,9999.0,1.0,2.0,0.0,-2.0,2018-01-16 02:00,2018.0,1.0,16.0,2.0
122,52674.0,101.93,38.22,2094.0,16.0,9.0,250.0,4.0,9999.0,-30.0,0.0,0.0,0.0,9999.0,9999.0,9999.0,-25.9,30.0,0.0,-7.9,9999.0,9999.0,1.0,2.0,2.0,-6.0,2018-01-16 05:00,2018.0,1.0,16.0,5.0
123,52674.0,101.93,38.22,2094.0,16.0,7.0,250.0,5.0,9999.0,-17.0,0.0,0.0,0.0,9999.0,7.0,1500.0,-23.8,30.0,0.0,-4.2,9999.0,9999.0,1.0,2.0,7.0,-9.0,2018-01-16 08:00,2018.0,1.0,16.0,8.0
124,52674.0,101.93,38.22,2094.0,16.0,0.0,250.0,7.0,9999.0,-14.0,0.0,0.0,0.0,9999.0,0.0,9999.0,-27.1,30.0,0.0,6.2,9999.0,9999.0,1.0,2.0,9999.0,9999.0,2018-01-16 11:00,2018.0,1.0,16.0,11.0
125,52674.0,101.93,38.22,2094.0,16.0,5.0,340.0,9.0,9999.0,-12.0,0.0,0.0,0.0,9999.0,5.0,600.0,-26.8,27.0,0.0,6.6,9999.0,9999.0,1.0,2.0,9.0,-12.0,2018-01-16 14:00,2018.0,1.0,16.0,14.0
126,52674.0,101.93,38.22,2094.0,16.0,7.0,90.0,5.0,9999.0,7.0,0.0,0.0,0.0,9999.0,7.0,1500.0,-21.8,30.0,0.0,-1.1,9999.0,9999.0,1.0,2.0,0.0,-11.0,2018-01-16 17:00,2018.0,1.0,16.0,17.0
127,52674.0,101.93,38.22,2094.0,16.0,7.0,290.0,7.0,9999.0,51.0,0.0,0.0,0.0,9999.0,7.0,1500.0,-21.4,30.0,0.0,-4.9,9999.0,9999.0,1.0,2.0,2.0,-6.0,2018-01-16 20:00,2018.0,1.0,16.0,20.0
128,52674.0,101.93,38.22,2094.0,16.0,9.0,320.0,3.0,9999.0,27.0,0.0,0.0,0.0,9999.0,9999.0,9999.0,-18.3,30.0,0.0,-8.6,9999.0,9999.0,1.0,2.0,9999.0,9999.0,2018-01-16 23:00,2018.0,1.0,16.0,23.0
129,52674.0,101.93,38.22,2094.0,16.0,9.0,250.0,3.0,9999.0,5.0,0.0,0.0,0.0,9999.0,9999.0,9999.0,-19.6,30.0,0.0,-12.3,9999.0,9999.0,1.0,2.0,-5.0,2.0,2018-01-17 02:00,2018.0,1.0,17.0,2.0
130,52674.0,101.93,38.22,2094.0,16.0,9.0,220.0,2.0,9999.0,2.0,0.0,0.0,0.0,9999.0,9999.0,9999.0,-21.2,30.0,0.0,-14.7,9999.0,9999.0,1.0,2.0,-7.0,5.0,2018-01-17 05:00,2018.0,1.0,17.0,5.0
131,52674.0,101.93,38.22,2094.0,16.0,7.0,180.0,2.0,9999.0,4.0,0.0,0.0,0.0,9999.0,7.0,1500.0,-21.0,30.0,0.0,-15.3,9999.0,9999.0,1.0,2.0,-11.0,7.0,2018-01-17 08:00,2018.0,1.0,17.0,8.0
132,52674.0,101.93,38.22,2094.0,16.0,2.0,20.0,1.0,9999.0,7.0,0.0,0.0,0.0,9999.0,2.0,2500.0,-17.6,30.0,0.0,-6.0,9999.0,9999.0,1.0,2.0,9999.0,9999.0,2018-01-17 11:00,2018.0,1.0,17.0,11.0
133,52674.0,101.93,38.22,2094.0,16.0,2.0,70.0,4.0,9999.0,-17.0,0.0,0.0,0.0,9999.0,2.0,2500.0,-18.4,30.0,0.0,-2.4,9999.0,9999.0,1.0,2.0,-9.0,9.0,2018-01-17 14:00,2018.0,1.0,17.0,14.0
134,52674.0,101.97,38.23,1977.0,16.0,7.0,110.0,4.0,9999.0,3.0,0.0,0.0,0.0,9999.0,7.0,2500.0,-17.3,30.0,0.0,-3.4,9999.0,9999.0,1.0,2.0,-2.0,8.0,2018-01-17 17:00,2018.0,1.0,17.0,17.0
135,52674.0,101.93,38.22,2094.0,16.0,7.0,250.0,2.0,9999.0,19.0,0.0,0.0,0.0,9999.0,7.0,2500.0,-19.4,30.0,0.0,-9.2,9999.0,9999.0,1.0,2.0,-4.0,5.0,2018-01-17 20:00,2018.0,1.0,17.0,20.0
136,52674.0,101.93,38.22,2094.0,16.0,9.0,250.0,3.0,9999.0,-1.0,0.0,0.0,0.0,9999.0,9999.0,9999.0,-22.7,30.0,0.0,-7.8,9999.0,9999.0,1.0,2.0,9999.0,9999.0,2018-01-17 23:00,2018.0,1.0,17.0,23.0
137,52674.0,101.93,38.22,2094.0,16.0,9.0,200.0,1.0,9999.0,7.0,0.0,0.0,0.0,9999.0,9999.0,9999.0,-24.5,30.0,0.0,-7.4,9999.0,9999.0,1.0,2.0,5.0,2.0,2018-01-18 02:00,2018.0,1.0,18.0,2.0
138,52674.0,101.93,38.22,2094.0,16.0,9.0,200.0,2.0,9999.0,2.0,0.0,0.0,0.0,9999.0,9999.0,9999.0,-24.3,30.0,0.0,-8.7,9999.0,9999.0,1.0,2.0,6.0,2.0,2018-01-18 05:00,2018.0,1.0,18.0,5.0
139,52674.0,101.93,38.22,2094.0,16.0,7.0,250.0,4.0,9999.0,10.0,0.0,0.0,0.0,9999.0,7.0,1500.0,-23.1,30.0,0.0,-6.3,9999.0,9999.0,1.0,2.0,9.0,3.0,2018-01-18 08:00,2018.0,1.0,18.0,8.0
140,52674.0,101.93,38.22,2094.0,16.0,7.0,110.0,1.0,9999.0,9.0,0.0,0.0,0.0,9999.0,7.0,1500.0,-22.3,30.0,0.0,-3.1,9999.0,9999.0,1.0,2.0,9999.0,9999.0,2018-01-18 11:00,2018.0,1.0,18.0,11.0
141,52674.0,101.93,38.22,2094.0,16.0,7.0,70.0,2.0,9999.0,-9.0,0.0,0.0,0.0,9999.0,7.0,1500.0,-22.5,30.0,0.0,-1.2,9999.0,9999.0,1.0,2.0,1.0,4.0,2018-01-18 14:00,2018.0,1.0,18.0,14.0
142,52674.0,101.93,38.22,2094.0,16.0,7.0,70.0,4.0,9999.0,12.0,0.0,0.0,0.0,9999.0,7.0,1500.0,-21.5,30.0,0.0,-2.1,9999.0,9999.0,1.0,2.0,1.0,5.0,2018-01-18 17:00,2018.0,1.0,18.0,17.0
143,52674.0,101.93,38.22,2094.0,16.0,7.0,220.0,3.0,9999.0,16.0,0.0,0.0,0.0,9999.0,7.0,1500.0,-23.1,30.0,0.0,-9.1,9999.0,9999.0,1.0,2.0,0.0,5.0,2018-01-18 20:00,2018.0,1.0,18.0,20.0
144,52674.0,101.93,38.22,2094.0,16.0,9.0,250.0,5.0,9999.0,0.0,0.0,0.0,0.0,9999.0,9999.0,9999.0,-23.1,30.0,0.0,-9.1,9999.0,9999.0,1.0,2.0,9999.0,9999.0,2018-01-18 23:00,2018.0,1.0,18.0,23.0
145,52674.0,101.93,38.22,2094.0,16.0,9.0,220.0,3.0,9999.0,-10.0,0.0,0.0,0.0,9999.0,9999.0,9999.0,-23.1,30.0,0.0,-10.3,9999.0,9999.0,1.0,2.0,-3.0,3.0,2018-01-19 02:00,2018.0,1.0,19.0,2.0
146,52674.0,101.93,38.22,2094.0,16.0,9.0,180.0,1.0,9999.0,-10.0,0.0,0.0,0.0,9999.0,9999.0,9999.0,-23.7,30.0,0.0,-12.7,9999.0,9999.0,1.0,2.0,-4.0,2.0,2018-01-19 05:00,2018.0,1.0,19.0,5.0
147,52674.0,101.93,38.22,2094.0,16.0,2.0,0.0,0.0,9999.0,4.0,0.0,0.0,0.0,9999.0,2.0,2500.0,-23.8,30.0,0.0,-13.4,9999.0,9999.0,1.0,2.0,-7.0,1.0,2018-01-19 08:00,2018.0,1.0,19.0,8.0
148,52674.0,101.97,38.23,1977.0,16.0,1.0,140.0,1.0,9999.0,-2.0,0.0,0.0,0.0,9999.0,1.0,1500.0,-21.9,30.0,0.0,-3.8,9999.0,9999.0,1.0,2.0,9999.0,9999.0,2018-01-19 11:00,2018.0,1.0,19.0,11.0
149,52674.0,101.93,38.22,2094.0,16.0,7.0,90.0,2.0,9999.0,-17.0,0.0,0.0,0.0,9999.0,7.0,1500.0,-21.7,30.0,0.0,-1.7,9999.0,9999.0,1.0,2.0,-1.0,-1.0,2018-01-19 14:00,2018.0,1.0,19.0,14.0
150,52674.0,101.93,38.22,2094.0,16.0,6.0,70.0,3.0,9999.0,2.0,0.0,0.0,0.0,9999.0,6.0,1500.0,-22.1,30.0,0.0,-2.9,9999.0,9999.0,1.0,2.0,-1.0,-2.0,2018-01-19 17:00,2018.0,1.0,19.0,17.0
151,52674.0,101.93,38.22,2094.0,16.0,7.0,220.0,5.0,9999.0,15.0,0.0,0.0,0.0,9999.0,7.0,1500.0,-23.0,30.0,0.0,-8.2,9999.0,9999.0,1.0,2.0,1.0,-2.0,2018-01-19 20:00,2018.0,1.0,19.0,20.0
152,52674.0,101.93,38.22,2094.0,16.0,9.0,220.0,6.0,9999.0,-6.0,0.0,0.0,0.0,9999.0,9999.0,9999.0,-18.7,30.0,0.0,-6.1,9999.0,9999.0,1.0,2.0,9999.0,9999.0,2018-01-19 23:00,2018.0,1.0,19.0,23.0
153,52674.0,101.93,38.22,2094.0,16.0,9.0,160.0,2.0,9999.0,-11.0,0.0,0.0,0.0,9999.0,9999.0,9999.0,-18.6,30.0,0.0,-10.5,9999.0,9999.0,1.0,2.0,0.0,-3.0,2018-01-20 02:00,2018.0,1.0,20.0,2.0
154,52674.0,101.93,38.22,2094.0,16.0,9.0,90.0,1.0,9999.0,-5.0,0.0,0.0,0.0,9999.0,9999.0,9999.0,-18.8,30.0,0.0,-10.5,9999.0,9999.0,1.0,2.0,2.0,-2.0,2018-01-20 05:00,2018.0,1.0,20.0,5.0
155,52674.0,101.93,38.22,2094.0,16.0,2.0,320.0,2.0,9999.0,6.0,0.0,0.0,0.0,9999.0,2.0,2500.0,-19.7,30.0,0.0,-11.2,9999.0,9999.0,1.0,2.0,2.0,-2.0,2018-01-20 08:00,2018.0,1.0,20.0,8.0
156,52674.0,101.93,38.22,2094.0,16.0,2.0,20.0,1.0,9999.0,8.0,0.0,0.0,0.0,9999.0,2.0,2500.0,-17.9,30.0,0.0,-0.8,9999.0,9999.0,1.0,2.0,9999.0,9999.0,2018-01-20 11:00,2018.0,1.0,20.0,11.0
157,52674.0,101.93,38.22,2094.0,16.0,2.0,340.0,5.0,9999.0,-22.0,0.0,0.0,0.0,9999.0,2.0,2500.0,-24.4,30.0,0.0,3.3,9999.0,9999.0,1.0,2.0,5.0,-1.0,2018-01-20 14:00,2018.0,1.0,20.0,14.0
158,52674.0,101.93,38.22,2094.0,16.0,3.0,90.0,3.0,9999.0,4.0,0.0,0.0,0.0,9999.0,3.0,2500.0,-20.3,30.0,0.0,1.4,9999.0,9999.0,1.0,2.0,4.0,-1.0,2018-01-20 17:00,2018.0,1.0,20.0,17.0
159,52674.0,101.93,38.22,2094.0,16.0,7.0,270.0,3.0,9999.0,20.0,0.0,0.0,0.0,9999.0,7.0,2500.0,-20.5,30.0,0.0,-2.8,9999.0,9999.0,1.0,2.0,5.0,-1.0,2018-01-20 20:00,2018.0,1.0,20.0,20.0
160,52674.0,101.93,38.22,2094.0,16.0,9.0,250.0,4.0,9999.0,-6.0,0.0,0.0,0.0,9999.0,9999.0,9999.0,-20.2,30.0,0.0,-7.4,9999.0,9999.0,1.0,2.0,9999.0,9999.0,2018-01-20 23:00,2018.0,1.0,20.0,23.0
161,52674.0,101.93,38.22,2094.0,16.0,9.0,250.0,6.0,9999.0,-2.0,0.0,0.0,0.0,9999.0,9999.0,9999.0,-18.0,30.0,0.0,-7.7,9999.0,9999.0,1.0,2.0,3.0,0.0,2018-01-21 02:00,2018.0,1.0,21.0,2.0
162,52674.0,101.93,38.22,2094.0,16.0,9.0,250.0,4.0,9999.0,-8.0,0.0,0.0,0.0,9999.0,9999.0,9999.0,-18.5,30.0,0.0,-8.2,9999.0,9999.0,1.0,2.0,2.0,0.0,2018-01-21 05:00,2018.0,1.0,21.0,5.0
163,52674.0,101.93,38.22,2094.0,16.0,7.0,250.0,6.0,9999.0,-6.0,0.0,0.0,0.0,9999.0,7.0,1500.0,-19.0,30.0,0.0,-8.5,9999.0,9999.0,1.0,2.0,3.0,-1.0,2018-01-21 08:00,2018.0,1.0,21.0,8.0
164,52674.0,101.93,38.22,2094.0,16.0,7.0,270.0,2.0,9999.0,4.0,0.0,0.0,0.0,9999.0,7.0,1500.0,-19.5,30.0,0.0,-4.2,9999.0,9999.0,1.0,2.0,9999.0,9999.0,2018-01-21 11:00,2018.0,1.0,21.0,11.0
165,52674.0,101.93,38.22,2094.0,16.0,5.0,20.0,3.0,9999.0,-28.0,0.0,0.0,0.0,9999.0,5.0,2500.0,-15.3,30.0,0.0,-0.3,9999.0,9999.0,1.0,2.0,-4.0,-2.0,2018-01-21 14:00,2018.0,1.0,21.0,14.0
166,52674.0,101.93,38.22,2094.0,16.0,7.0,360.0,5.0,9999.0,4.0,0.0,0.0,0.0,9999.0,7.0,1000.0,-16.8,30.0,0.0,-0.6,9999.0,9999.0,1.0,2.0,-2.0,-2.0,2018-01-21 17:00,2018.0,1.0,21.0,17.0
167,52674.0,101.93,38.22,2094.0,16.0,7.0,290.0,5.0,9999.0,12.0,0.0,0.0,0.0,9999.0,7.0,1500.0,-16.7,30.0,0.0,-4.6,9999.0,9999.0,1.0,2.0,-2.0,-3.0,2018-01-21 20:00,2018.0,1.0,21.0,20.0
168,52674.0,101.93,38.22,2094.0,16.0,9.0,270.0,3.0,9999.0,-6.0,0.0,0.0,0.0,9999.0,9999.0,9999.0,-16.9,30.0,0.0,-7.9,9999.0,9999.0,1.0,2.0,9999.0,9999.0,2018-01-21 23:00,2018.0,1.0,21.0,23.0
169,52674.0,101.93,38.22,2094.0,16.0,9.0,220.0,5.0,9999.0,-9.0,0.0,0.0,0.0,9999.0,9999.0,9999.0,-16.9,30.0,0.0,-8.7,9999.0,9999.0,1.0,2.0,-1.0,-4.0,2018-01-22 02:00,2018.0,1.0,22.0,2.0
170,52674.0,101.93,38.22,2094.0,16.0,9.0,160.0,2.0,9999.0,-8.0,0.0,0.0,0.0,9999.0,9999.0,9999.0,-18.7,30.0,0.0,-10.1,9999.0,9999.0,1.0,2.0,-2.0,-4.0,2018-01-22 05:00,2018.0,1.0,22.0,5.0
171,52674.0,101.93,38.22,2094.0,16.0,2.0,90.0,2.0,9999.0,3.0,0.0,0.0,0.0,9999.0,2.0,2500.0,-20.5,30.0,0.0,-9.5,9999.0,9999.0,1.0,2.0,-1.0,-3.0,2018-01-22 08:00,2018.0,1.0,22.0,8.0
172,52674.0,101.93,38.22,2094.0,16.0,0.0,20.0,2.0,9999.0,11.0,0.0,0.0,0.0,9999.0,0.0,9999.0,-18.0,30.0,0.0,-3.3,9999.0,9999.0,1.0,2.0,9999.0,9999.0,2018-01-22 11:00,2018.0,1.0,22.0,11.0
173,52674.0,101.93,38.22,2094.0,16.0,0.0,90.0,4.0,9999.0,-18.0,0.0,0.0,0.0,9999.0,0.0,9999.0,-16.9,30.0,0.0,-0.2,9999.0,9999.0,1.0,2.0,0.0,-1.0,2018-01-22 14:00,2018.0,1.0,22.0,14.0
174,52674.0,101.93,38.22,2094.0,16.0,0.0,70.0,6.0,9999.0,9.0,0.0,0.0,0.0,9999.0,0.0,9999.0,-15.3,30.0,0.0,-2.3,9999.0,9999.0,1.0,2.0,-2.0,-1.0,2018-01-22 17:00,2018.0,1.0,22.0,17.0
175,52674.0,101.93,38.22,2094.0,16.0,0.0,140.0,3.0,9999.0,19.0,0.0,0.0,0.0,9999.0,0.0,9999.0,-16.0,30.0,0.0,-7.2,9999.0,9999.0,1.0,2.0,-3.0,0.0,2018-01-22 20:00,2018.0,1.0,22.0,20.0
176,52674.0,101.93,38.22,2094.0,16.0,9.0,160.0,3.0,9999.0,-1.0,0.0,0.0,0.0,9999.0,9999.0,9999.0,-17.2,30.0,0.0,-12.6,9999.0,9999.0,1.0,2.0,9999.0,9999.0,2018-01-22 23:00,2018.0,1.0,22.0,23.0
177,52674.0,101.93,38.22,2094.0,16.0,9.0,160.0,3.0,9999.0,-13.0,0.0,0.0,0.0,9999.0,9999.0,9999.0,-18.7,30.0,0.0,-14.7,9999.0,9999.0,1.0,2.0,-6.0,0.0,2018-01-23 02:00,2018.0,1.0,23.0,2.0
178,52674.0,101.93,38.22,2094.0,16.0,9.0,180.0,2.0,9999.0,-11.0,0.0,0.0,0.0,9999.0,9999.0,9999.0,-19.9,30.0,0.0,-16.3,9999.0,9999.0,1.0,2.0,-6.0,0.0,2018-01-23 05:00,2018.0,1.0,23.0,5.0
179,52674.0,101.93,38.22,2094.0,16.0,2.0,220.0,2.0,9999.0,1.0,0.0,0.0,0.0,9999.0,2.0,2500.0,-19.8,30.0,0.0,-15.7,9999.0,9999.0,1.0,2.0,-6.0,0.0,2018-01-23 08:00,2018.0,1.0,23.0,8.0
180,52674.0,101.93,38.22,2094.0,16.0,0.0,20.0,1.0,9999.0,6.0,0.0,0.0,0.0,9999.0,0.0,9999.0,-15.8,30.0,0.0,-5.9,9999.0,9999.0,1.0,2.0,9999.0,9999.0,2018-01-23 11:00,2018.0,1.0,23.0,11.0
181,52674.0,101.93,38.22,2094.0,16.0,0.0,90.0,3.0,9999.0,-5.0,0.0,0.0,0.0,9999.0,0.0,9999.0,-16.0,30.0,0.0,-1.9,9999.0,9999.0,1.0,2.0,-2.0,1.0,2018-01-23 14:00,2018.0,1.0,23.0,14.0
182,52674.0,101.93,38.22,2094.0,16.0,0.0,110.0,5.0,9999.0,1.0,0.0,0.0,0.0,9999.0,0.0,9999.0,-17.3,30.0,0.0,-2.6,9999.0,9999.0,1.0,2.0,0.0,0.0,2018-01-23 17:00,2018.0,1.0,23.0,17.0
183,52674.0,101.93,38.22,2094.0,16.0,0.0,160.0,3.0,9999.0,4.0,0.0,0.0,0.0,9999.0,0.0,9999.0,-18.9,30.0,0.0,-8.6,9999.0,9999.0,1.0,2.0,-1.0,-2.0,2018-01-23 20:00,2018.0,1.0,23.0,20.0
184,52674.0,101.93,38.22,2094.0,16.0,9.0,200.0,1.0,9999.0,1.0,0.0,0.0,0.0,9999.0,9999.0,9999.0,-19.6,30.0,0.0,-12.9,9999.0,9999.0,1.0,2.0,9999.0,9999.0,2018-01-23 23:00,2018.0,1.0,23.0,23.0
185,52674.0,101.93,38.22,2094.0,16.0,9.0,250.0,5.0,9999.0,-18.0,0.0,0.0,0.0,9999.0,9999.0,9999.0,-19.5,30.0,0.0,-10.7,9999.0,9999.0,1.0,2.0,4.0,-2.0,2018-01-24 02:00,2018.0,1.0,24.0,2.0
186,52674.0,101.93,38.22,2094.0,16.0,9.0,110.0,1.0,9999.0,-17.0,0.0,0.0,0.0,9999.0,9999.0,9999.0,-20.1,30.0,0.0,-12.8,9999.0,9999.0,1.0,2.0,4.0,-3.0,2018-01-24 05:00,2018.0,1.0,24.0,5.0
187,52674.0,101.93,38.22,2094.0,16.0,7.0,160.0,2.0,9999.0,10.0,0.0,0.0,0.0,9999.0,7.0,2500.0,-19.6,30.0,0.0,-14.2,9999.0,9999.0,1.0,2.0,2.0,-2.0,2018-01-24 08:00,2018.0,1.0,24.0,8.0
188,52674.0,101.93,38.22,2094.0,16.0,7.0,20.0,2.0,9999.0,11.0,0.0,0.0,0.0,9999.0,7.0,1500.0,-17.6,30.0,0.0,-9.7,9999.0,9999.0,1.0,2.0,9999.0,9999.0,2018-01-24 11:00,2018.0,1.0,24.0,11.0
189,52674.0,101.93,38.22,2094.0,16.0,7.0,40.0,4.0,9999.0,-17.0,0.0,0.0,0.0,9999.0,7.0,1500.0,-18.1,30.0,0.0,-8.4,9999.0,9999.0,1.0,2.0,-7.0,-3.0,2018-01-24 14:00,2018.0,1.0,24.0,14.0
190,52674.0,101.93,38.22,2094.0,16.0,7.0,70.0,4.0,9999.0,17.0,0.0,0.0,0.0,9999.0,7.0,2500.0,-20.9,30.0,0.0,-11.7,9999.0,9999.0,1.0,2.0,-9.0,-1.0,2018-01-24 17:00,2018.0,1.0,24.0,17.0
191,52674.0,101.93,38.22,2094.0,16.0,7.0,160.0,2.0,9999.0,16.0,0.0,0.0,0.0,9999.0,7.0,2500.0,-23.2,30.0,0.0,-15.2,9999.0,9999.0,1.0,2.0,-7.0,0.0,2018-01-24 20:00,2018.0,1.0,24.0,20.0
192,52674.0,101.93,38.22,2094.0,16.0,9.0,250.0,2.0,9999.0,18.0,0.0,0.0,0.0,9999.0,9999.0,9999.0,-23.3,30.0,0.0,-17.3,9999.0,9999.0,1.0,2.0,9999.0,9999.0,2018-01-24 23:00,2018.0,1.0,24.0,23.0
193,52674.0,101.93,38.22,2094.0,16.0,9.0,140.0,3.0,9999.0,-19.0,0.0,0.0,0.0,9999.0,9999.0,9999.0,-22.9,30.0,0.0,-17.8,9999.0,9999.0,1.0,2.0,-7.0,2.0,2018-01-25 02:00,2018.0,1.0,25.0,2.0
194,52674.0,101.93,38.22,2094.0,16.0,9.0,180.0,1.0,9999.0,-5.0,0.0,0.0,0.0,9999.0,9999.0,9999.0,-23.3,30.0,0.0,-19.0,9999.0,9999.0,1.0,2.0,-6.0,3.0,2018-01-25 05:00,2018.0,1.0,25.0,5.0
195,52674.0,101.93,38.22,2094.0,16.0,7.0,290.0,1.0,9999.0,-2.0,0.0,0.0,0.0,9999.0,7.0,1500.0,-23.6,30.0,0.0,-19.8,9999.0,9999.0,1.0,2.0,-6.0,2.0,2018-01-25 08:00,2018.0,1.0,25.0,8.0
196,52674.0,101.93,38.22,2094.0,16.0,0.0,40.0,2.0,9999.0,8.0,0.0,0.0,0.0,9999.0,0.0,9999.0,-20.2,30.0,0.0,-11.5,9999.0,9999.0,1.0,2.0,9999.0,9999.0,2018-01-25 11:00,2018.0,1.0,25.0,11.0
197,52674.0,101.93,38.22,2094.0,16.0,2.0,90.0,3.0,9999.0,-18.0,0.0,0.0,0.0,9999.0,2.0,2500.0,-18.6,30.0,0.0,-4.4,9999.0,9999.0,1.0,2.0,4.0,2.0,2018-01-25 14:00,2018.0,1.0,25.0,14.0
198,52674.0,101.93,38.22,2094.0,16.0,5.0,110.0,4.0,9999.0,17.0,0.0,0.0,0.0,9999.0,5.0,2500.0,-19.8,30.0,0.0,-6.6,9999.0,9999.0,1.0,2.0,5.0,2.0,2018-01-25 17:00,2018.0,1.0,25.0,17.0
199,52674.0,101.93,38.22,2094.0,16.0,7.0,180.0,1.0,9999.0,13.0,0.0,0.0,0.0,9999.0,7.0,2500.0,-22.7,30.0,0.0,-13.4,9999.0,9999.0,1.0,2.0,2.0,1.0,2018-01-25 20:00,2018.0,1.0,25.0,20.0
200,52674.0,101.93,38.22,2094.0,16.0,9.0,250.0,3.0,9999.0,-8.0,0.0,0.0,0.0,9999.0,9999.0,9999.0,-20.9,30.0,0.0,-11.7,9999.0,9999.0,1.0,2.0,9999.0,9999.0,2018-01-25 23:00,2018.0,1.0,25.0,23.0
201,52674.0,101.93,38.22,2094.0,16.0,9.0,200.0,2.0,9999.0,-20.0,0.0,0.0,0.0,9999.0,9999.0,9999.0,-21.5,30.0,0.0,-13.1,9999.0,9999.0,1.0,2.0,5.0,-2.0,2018-01-26 02:00,2018.0,1.0,26.0,2.0
202,52674.0,101.93,38.22,2094.0,16.0,9.0,250.0,1.0,9999.0,-17.0,0.0,0.0,0.0,9999.0,9999.0,9999.0,-20.5,30.0,0.0,-10.7,9999.0,9999.0,1.0,2.0,8.0,-3.0,2018-01-26 05:00,2018.0,1.0,26.0,5.0
203,52674.0,101.93,38.22,2094.0,16.0,8.0,220.0,1.0,9999.0,5.0,0.0,0.0,0.0,9999.0,8.0,1500.0,-20.1,30.0,0.0,-11.4,9999.0,9999.0,1.0,2.0,8.0,-2.0,2018-01-26 08:00,2018.0,1.0,26.0,8.0
204,52674.0,101.93,38.22,2094.0,16.0,7.0,290.0,1.0,9999.0,8.0,0.0,0.0,0.0,9999.0,7.0,1500.0,-19.1,30.0,0.0,-7.6,9999.0,9999.0,1.0,2.0,9999.0,9999.0,2018-01-26 11:00,2018.0,1.0,26.0,11.0
205,52674.0,101.93,38.22,2094.0,16.0,7.0,70.0,4.0,9999.0,-26.0,0.0,0.0,0.0,9999.0,7.0,1500.0,-17.7,30.0,0.0,-3.9,9999.0,9999.0,1.0,2.0,1.0,-3.0,2018-01-26 14:00,2018.0,1.0,26.0,14.0
206,52674.0,101.93,38.22,2094.0,16.0,7.0,40.0,4.0,9999.0,-4.0,0.0,0.0,0.0,9999.0,7.0,1500.0,-16.6,30.0,0.0,-3.0,9999.0,9999.0,1.0,2.0,4.0,-5.0,2018-01-26 17:00,2018.0,1.0,26.0,17.0
207,52674.0,101.93,38.22,2094.0,16.0,7.0,220.0,3.0,9999.0,36.0,0.0,0.0,0.0,9999.0,7.0,2500.0,-20.1,30.0,0.0,-12.4,9999.0,9999.0,1.0,2.0,1.0,-3.0,2018-01-26 20:00,2018.0,1.0,26.0,20.0
208,52674.0,101.93,38.22,2094.0,16.0,9.0,290.0,1.0,9999.0,15.0,0.0,0.0,0.0,9999.0,9999.0,9999.0,-21.1,30.0,0.0,-12.2,9999.0,9999.0,1.0,2.0,9999.0,9999.0,2018-01-26 23:00,2018.0,1.0,26.0,23.0
209,52674.0,101.93,38.22,2094.0,16.0,9.0,220.0,3.0,9999.0,-5.0,0.0,0.0,0.0,9999.0,9999.0,9999.0,-20.9,30.0,0.0,-11.1,9999.0,9999.0,1.0,2.0,2.0,1.0,2018-01-27 02:00,2018.0,1.0,27.0,2.0
210,52674.0,101.93,38.22,2094.0,16.0,9.0,70.0,3.0,9999.0,-2.0,0.0,0.0,0.0,9999.0,9999.0,9999.0,-18.8,30.0,0.0,-12.1,9999.0,9999.0,1.0,2.0,-1.0,3.0,2018-01-27 05:00,2018.0,1.0,27.0,5.0
211,52674.0,101.93,38.22,2094.0,16.0,7.0,90.0,2.0,9999.0,20.0,0.0,0.0,0.0,9999.0,7.0,1500.0,-19.0,30.0,0.0,-14.3,9999.0,9999.0,1.0,2.0,-3.0,4.0,2018-01-27 08:00,2018.0,1.0,27.0,8.0
212,52674.0,101.93,38.22,2094.0,16.0,6.0,90.0,1.0,9999.0,7.0,0.0,0.0,0.0,9999.0,6.0,1500.0,-17.4,30.0,0.0,-12.1,9999.0,9999.0,1.0,2.0,9999.0,9999.0,2018-01-27 11:00,2018.0,1.0,27.0,11.0
213,52674.0,101.93,38.22,2094.0,16.0,7.0,90.0,7.0,9999.0,-20.0,0.0,0.0,0.0,9999.0,7.0,1500.0,-19.3,30.0,0.0,-11.0,9999.0,9999.0,1.0,2.0,-7.0,5.0,2018-01-27 14:00,2018.0,1.0,27.0,14.0
214,52674.0,101.93,38.22,2094.0,16.0,7.0,70.0,5.0,9999.0,18.0,0.0,0.0,0.0,9999.0,7.0,1500.0,-20.0,30.0,0.0,-12.7,9999.0,9999.0,1.0,2.0,-10.0,7.0,2018-01-27 17:00,2018.0,1.0,27.0,17.0
215,52674.0,101.93,38.22,2094.0,16.0,7.0,90.0,4.0,9999.0,23.0,7.0,0.0,0.1,9999.0,7.0,1500.0,-18.2,30.0,70.0,-15.2,9999.0,9999.0,1.0,2.0,-3.0,6.0,2018-01-27 20:00,2018.0,1.0,27.0,20.0
216,52674.0,101.93,38.22,2094.0,16.0,9.0,110.0,5.0,9999.0,11.0,0.0,0.0,9999.0,9999.0,9999.0,9999.0,-20.9,26.0,0.0,-18.1,9999.0,9999.0,1.0,2.0,9999.0,9999.0,2018-01-27 23:00,2018.0,1.0,27.0,23.0
217,52674.0,101.93,38.22,2094.0,16.0,9.0,110.0,2.0,9999.0,2.0,0.0,0.0,0.2,9999.0,9999.0,9999.0,-22.3,30.0,0.0,-19.8,9999.0,9999.0,1.0,2.0,-9.0,6.0,2018-01-28 02:00,2018.0,1.0,28.0,2.0
218,52674.0,101.93,38.22,2094.0,16.0,9.0,160.0,2.0,9999.0,5.0,0.0,0.0,9999.0,9999.0,9999.0,9999.0,-25.3,29.0,0.0,-22.5,9999.0,9999.0,1.0,2.0,-10.0,7.0,2018-01-28 05:00,2018.0,1.0,28.0,5.0
219,52674.0,101.93,38.22,2094.0,16.0,7.0,20.0,1.0,9999.0,8.0,0.0,0.0,9999.0,9999.0,7.0,1500.0,-27.8,29.0,0.0,-24.6,9999.0,9999.0,1.0,2.0,-10.0,5.0,2018-01-28 08:00,2018.0,1.0,28.0,8.0
220,52674.0,101.93,38.22,2094.0,16.0,2.0,360.0,1.0,9999.0,-3.0,0.0,0.0,0.0,9999.0,2.0,2500.0,-22.0,30.0,0.0,-18.1,9999.0,9999.0,1.0,2.0,9999.0,9999.0,2018-01-28 11:00,2018.0,1.0,28.0,11.0
221,52674.0,101.93,38.22,2094.0,16.0,7.0,110.0,4.0,9999.0,-8.0,0.0,0.0,0.0,9999.0,7.0,1500.0,-20.6,25.0,0.0,-16.0,9999.0,9999.0,1.0,2.0,-5.0,6.0,2018-01-28 14:00,2018.0,1.0,28.0,14.0
222,52674.0,101.93,38.22,2094.0,16.0,7.0,110.0,4.0,9999.0,5.0,0.0,0.0,0.0,9999.0,7.0,1500.0,-20.4,30.0,0.0,-16.1,9999.0,9999.0,1.0,2.0,-3.0,4.0,2018-01-28 17:00,2018.0,1.0,28.0,17.0
223,52674.0,101.93,38.22,2094.0,16.0,7.0,140.0,1.0,9999.0,6.0,0.0,0.0,0.0,9999.0,7.0,1500.0,-21.8,30.0,0.0,-19.2,9999.0,9999.0,1.0,2.0,-4.0,3.0,2018-01-28 20:00,2018.0,1.0,28.0,20.0
224,52674.0,101.93,38.22,2094.0,16.0,9.0,90.0,1.0,9999.0,-4.0,0.0,0.0,0.0,9999.0,9999.0,9999.0,-20.9,30.0,0.0,-18.4,9999.0,9999.0,1.0,2.0,9999.0,9999.0,2018-01-28 23:00,2018.0,1.0,28.0,23.0
225,52674.0,101.93,38.22,2094.0,16.0,9.0,160.0,1.0,9999.0,-24.0,0.0,0.0,0.0,9999.0,9999.0,9999.0,-24.8,30.0,0.0,-22.0,9999.0,9999.0,1.0,2.0,-2.0,-2.0,2018-01-29 02:00,2018.0,1.0,29.0,2.0
226,52674.0,101.93,38.22,2094.0,16.0,9.0,220.0,2.0,9999.0,-13.0,0.0,0.0,0.0,9999.0,9999.0,9999.0,-24.5,30.0,0.0,-22.4,9999.0,9999.0,1.0,2.0,0.0,-3.0,2018-01-29 05:00,2018.0,1.0,29.0,5.0
227,52674.0,101.93,38.22,2094.0,16.0,7.0,250.0,3.0,9999.0,9.0,0.0,0.0,0.0,9999.0,7.0,1500.0,-24.3,30.0,0.0,-21.6,9999.0,9999.0,1.0,2.0,3.0,-3.0,2018-01-29 08:00,2018.0,1.0,29.0,8.0
228,52674.0,101.93,38.22,2094.0,16.0,7.0,250.0,1.0,9999.0,15.0,7.0,0.0,0.0,9999.0,7.0,1500.0,-20.4,30.0,22.0,-17.3,9999.0,9999.0,1.0,2.0,9999.0,9999.0,2018-01-29 11:00,2018.0,1.0,29.0,11.0
229,52674.0,101.93,38.22,2094.0,16.0,5.0,40.0,2.0,9999.0,-16.0,7.0,0.0,0.0,9999.0,5.0,1500.0,-19.4,30.0,0.0,-12.5,9999.0,9999.0,1.0,2.0,4.0,-2.0,2018-01-29 14:00,2018.0,1.0,29.0,14.0
230,52674.0,101.93,38.22,2094.0,16.0,7.0,70.0,4.0,9999.0,10.0,0.0,0.0,0.0,9999.0,7.0,1500.0,-22.2,30.0,0.0,-13.9,9999.0,9999.0,1.0,2.0,2.0,-2.0,2018-01-29 17:00,2018.0,1.0,29.0,17.0
231,52674.0,101.93,38.22,2094.0,16.0,7.0,160.0,1.0,9999.0,22.0,0.0,0.0,0.0,9999.0,7.0,1500.0,-24.4,30.0,0.0,-17.2,9999.0,9999.0,1.0,2.0,2.0,0.0,2018-01-29 20:00,2018.0,1.0,29.0,20.0
232,52674.0,101.93,38.22,2094.0,16.0,9.0,0.0,0.0,9999.0,-9.0,0.0,0.0,0.0,9999.0,9999.0,9999.0,-24.9,30.0,0.0,-18.2,9999.0,9999.0,1.0,2.0,9999.0,9999.0,2018-01-29 23:00,2018.0,1.0,29.0,23.0
233,52674.0,101.93,38.22,2094.0,16.0,9.0,290.0,2.0,9999.0,-10.0,0.0,0.0,0.0,9999.0,9999.0,9999.0,-24.7,30.0,0.0,-19.4,9999.0,9999.0,1.0,2.0,3.0,1.0,2018-01-30 02:00,2018.0,1.0,30.0,2.0
234,52674.0,101.93,38.22,2094.0,16.0,9.0,270.0,2.0,9999.0,-2.0,0.0,0.0,0.0,9999.0,9999.0,9999.0,-20.9,16.0,0.0,-16.5,9999.0,9999.0,1.0,2.0,6.0,2.0,2018-01-30 05:00,2018.0,1.0,30.0,5.0
235,52674.0,101.93,38.22,2094.0,16.0,8.0,320.0,3.0,9999.0,12.0,9999.0,9999.0,0.5,9999.0,8.0,1500.0,-18.3,22.0,70.0,-15.1,9999.0,9999.0,1.0,2.0,7.0,2.0,2018-01-30 08:00,2018.0,1.0,30.0,8.0
236,52674.0,101.93,38.22,2094.0,16.0,8.0,320.0,8.0,9999.0,23.0,7.0,7.0,9999.0,9999.0,8.0,1500.0,-17.9,6.0,70.0,-13.7,9999.0,9999.0,1.0,2.0,9999.0,9999.0,2018-01-30 11:00,2018.0,1.0,30.0,11.0
237,52674.0,101.93,38.22,2094.0,16.0,8.0,320.0,7.0,9999.0,1.0,7.0,7.0,0.5,9999.0,8.0,1500.0,-19.1,3.1,70.0,-13.9,9999.0,9999.0,1.0,2.0,-1.0,5.0,2018-01-30 14:00,2018.0,1.0,30.0,14.0
238,52674.0,101.93,38.22,2094.0,16.0,8.0,290.0,10.0,9999.0,11.0,7.0,7.0,9999.0,9999.0,8.0,1500.0,-21.1,30.0,22.0,-14.1,9999.0,9999.0,1.0,2.0,0.0,5.0,2018-01-30 17:00,2018.0,1.0,30.0,17.0
239,52674.0,101.93,38.22,2094.0,16.0,7.0,290.0,7.0,9999.0,18.0,7.0,0.0,0.0,9999.0,7.0,1500.0,-21.6,30.0,0.0,-14.9,9999.0,9999.0,1.0,2.0,2.0,4.0,2018-01-30 20:00,2018.0,1.0,30.0,20.0
240,52674.0,101.93,38.22,2094.0,16.0,9.0,270.0,6.0,9999.0,-5.0,0.0,0.0,0.0,9999.0,9999.0,9999.0,-23.9,30.0,0.0,-17.5,9999.0,9999.0,1.0,2.0,9999.0,9999.0,2018-01-30 23:00,2018.0,1.0,30.0,23.0
241,52674.0,101.93,38.22,2094.0,16.0,9.0,160.0,3.0,9999.0,-19.0,0.0,0.0,0.0,9999.0,9999.0,9999.0,-25.8,30.0,0.0,-18.5,9999.0,9999.0,1.0,2.0,1.0,4.0,2018-01-31 02:00,2018.0,1.0,31.0,2.0
242,52674.0,101.93,38.22,2094.0,16.0,9.0,200.0,2.0,9999.0,-24.0,0.0,0.0,0.0,9999.0,9999.0,9999.0,-27.4,30.0,0.0,-19.9,9999.0,9999.0,1.0,2.0,-3.0,2.0,2018-01-31 05:00,2018.0,1.0,31.0,5.0
243,52674.0,101.93,38.22,2094.0,16.0,3.0,290.0,3.0,9999.0,-1.0,0.0,0.0,0.0,9999.0,3.0,2500.0,-27.0,30.0,0.0,-17.8,9999.0,9999.0,1.0,2.0,-3.0,0.0,2018-01-31 08:00,2018.0,1.0,31.0,8.0
244,52674.0,101.93,38.22,2094.0,16.0,0.0,270.0,4.0,9999.0,3.0,0.0,0.0,0.0,9999.0,0.0,9999.0,-21.8,30.0,0.0,-8.8,9999.0,9999.0,1.0,2.0,9999.0,9999.0,2018-01-31 11:00,2018.0,1.0,31.0,11.0
245,52674.0,101.93,38.22,2094.0,16.0,0.0,110.0,1.0,9999.0,-16.0,0.0,0.0,0.0,9999.0,0.0,9999.0,-21.1,30.0,0.0,-4.6,9999.0,9999.0,1.0,2.0,9.0,-3.0,2018-01-31 14:00,2018.0,1.0,31.0,14.0
246,52674.0,101.93,38.22,2094.0,16.0,7.0,110.0,3.0,9999.0,-1.0,0.0,0.0,0.0,9999.0,7.0,2500.0,-17.7,30.0,0.0,-7.0,9999.0,9999.0,1.0,2.0,7.0,-5.0,2018-01-31 17:00,2018.0,1.0,31.0,17.0
247,52674.0,101.93,38.22,2094.0,16.0,7.0,290.0,1.0,9999.0,3.0,0.0,0.0,0.0,9999.0,7.0,2500.0,-18.9,30.0,0.0,-13.4,9999.0,9999.0,1.0,2.0,2.0,-6.0,2018-01-31 20:00,2018.0,1.0,31.0,20.0
248,52674.0,101.93,38.22,2094.0,16.0,9.0,290.0,1.0,9999.0,-8.0,0.0,0.0,0.0,9999.0,9999.0,9999.0,-19.7,30.0,0.0,-14.5,9999.0,9999.0,1.0,2.0,9999.0,9999.0,2018-01-31 23:00,2018.0,1.0,31.0,23.0
249,52674.0,101.93,38.22,2094.0,16.0,9.0,90.0,1.0,9999.0,0.0,0.0,0.0,0.0,9999.0,9999.0,9999.0,-21.0,30.0,0.0,-14.7,9999.0,9999.0,1.0,2.0,4.0,-4.0,2018-02-01 02:00,2018.0,2.0,1.0,2.0
250,52674.0,101.93,38.22,2094.0,16.0,9.0,160.0,1.0,9999.0,-11.0,0.0,0.0,0.0,9999.0,9999.0,9999.0,-23.6,30.0,0.0,-18.0,9999.0,9999.0,1.0,2.0,2.0,-3.0,2018-02-01 05:00,2018.0,2.0,1.0,5.0
251,52674.0,101.93,38.22,2094.0,16.0,7.0,250.0,3.0,9999.0,8.0,0.0,0.0,0.0,9999.0,7.0,2500.0,-25.3,30.0,0.0,-18.1,9999.0,9999.0,1.0,2.0,0.0,-2.0,2018-02-01 08:00,2018.0,2.0,1.0,8.0
252,52674.0,101.93,38.22,2094.0,16.0,7.0,290.0,2.0,9999.0,24.0,0.0,0.0,0.0,9999.0,7.0,1500.0,-22.9,30.0,0.0,-10.8,9999.0,9999.0,1.0,2.0,9999.0,9999.0,2018-02-01 11:00,2018.0,2.0,1.0,11.0
253,52674.0,101.93,38.22,2094.0,16.0,7.0,290.0,3.0,9999.0,8.0,0.0,0.0,0.0,9999.0,7.0,1500.0,-20.7,30.0,0.0,-8.4,9999.0,9999.0,1.0,2.0,-4.0,2.0,2018-02-01 14:00,2018.0,2.0,1.0,14.0
254,52674.0,101.93,38.22,2094.0,16.0,5.0,70.0,3.0,9999.0,22.0,0.0,0.0,0.0,9999.0,5.0,1500.0,-17.9,30.0,0.0,-9.7,9999.0,9999.0,1.0,2.0,-3.0,5.0,2018-02-01 17:00,2018.0,2.0,1.0,17.0
255,52674.0,101.93,38.22,2094.0,16.0,7.0,160.0,1.0,9999.0,30.0,0.0,0.0,0.0,9999.0,7.0,2500.0,-19.9,30.0,0.0,-15.9,9999.0,9999.0,1.0,2.0,-3.0,7.0,2018-02-01 20:00,2018.0,2.0,1.0,20.0
256,52674.0,101.93,38.22,2094.0,16.0,9.0,180.0,5.0,9999.0,8.0,0.0,0.0,0.0,9999.0,9999.0,9999.0,-21.4,30.0,0.0,-18.0,9999.0,9999.0,1.0,2.0,9999.0,9999.0,2018-02-01 23:00,2018.0,2.0,1.0,23.0
