date,BRBG,thick,thin,,month,BRBG,thick,thin,,日云量,,,,,,,
2019/9/17,33.58,4.43,86.77,,2019年9月,553.26,200.29,1898.9,,,BRBG,thick,thin,,,,
2019/9/18,26.8,10.43,103.34,,2019年10月,1826.78,1159.96,3569.78,,7月前平均值,71.01697917,39.71152062,132.5027835,,,,
2019/9/19,25.01,5.84,54.26,,2019年11月,2466.57,1860.98,3719.16,,7月后平均值,58.6903268,25.3951634,144.4905229,,,,
2019/9/20,19.34,8.11,110.94,,2019年12月,2711.54,2355.01,3765.47,,add,-17%,-36%,9%,,,,
2019/9/21,10.06,4.22,107.01,,2020年1月,2662.87,2046.09,3882.06,,Ttest,0.355134549,0.062586377,0.002791687,,,,
2019/9/22,50.39,16.53,103.32,,2020年2月,1715.36,821.57,3888.73,,,,,,,,,
2019/9/23,44.77,5.13,156.01,,2020年3月,1916.11,221.02,4165.97,,,,,,,,,
2019/9/24,54.49,17.86,304.02,,2020年4月,2921.26,454.99,3590.53,,,,,,,,,
2019/9/25,45.25,19.31,173,,2020年5月,2257.2,459.34,4561.87,,2019年9月,39.51857143,14.30642857,135.6357143,,,,
2019/9/26,31.52,17.55,89.69,,2020年6月,1421.94,142.19,4124.04,,2020年9月,42.61266667,10.22666667,149.9616667,,,,
2019/9/27,24.23,14.47,104.37,,2020年7月,1058.8,132.34,4426.03,,add,8%,-29%,11%,,,,
2019/9/28,86.76,26.79,126.57,,2020年8月,989.22,126.6,4091.65,,ttest,0.329131518,0.042900952,0.278772409,,,,
2019/9/29,58.68,27.7,190.51,,2020年9月,1278.38,306.8,4498.85,,,,,,,,,
2019/9/30,42.38,21.92,189.09,,2020年10月,2606.11,1369.57,4389.75,,2019年10月,58.9283871,37.41806452,115.1541935,,,,
2019/10/1,42.41,27.78,117.28,,2020年11月,3047.11,1950.15,4700.77,,2020年10月,82.38966667,43.17466667,139.3413333,,,,
2019/10/2,56.73,30.25,223.01,,2020年12月,3210.38,2420.81,4387.83,,add,40%,15%,21%,,,,
2019/10/3,57.29,26.14,94.26,,2021年1月,3261.94,2256.46,3935.01,,ttest,0.002176642,0.032402212,0.066705986,,,,
2019/10/4,44.09,28.57,125.38,,2021年2月,2068.94,888.81,4189.87,,,,,,,,,
2019/10/5,36.79,30.68,20.12,,,,,,,2019年11月,82.219,62.03266667,123.972,,,,
2019/10/6,26,25.13,12.63,,,,,,,2020年11月,101.5703333,65.005,156.6923333,,,,
2019/10/7,46.08,29.94,103.28,,,,,,,add,24%,5%,26%,,,,
2019/10/8,49.37,33.12,48.1,,,,,,,ttest,0.015068997,0.217541198,0.009914999,,,,
2019/10/9,30.91,29.18,21,,,,,,,,,,,,,,
2019/10/10,86.1,28.04,122.88,,,,,,,,,,,,,,
2019/10/11,53.37,36.37,24.12,,,,,,,,,,,,,,
2019/10/12,22.28,0.54,177.87,,,,,,,,,,,,,,
2019/10/13,66.15,44.87,107.71,,,,,,,,,,,,,,
2019/10/14,101.57,49.39,285.53,,,,,,,随机对照试验,,,,,,,
2019/10/15,11.3,3.09,74.21,,,,,,,实验组,,,,对照组,,,
2019/10/16,38.78,32.17,145.18,,,,,,,7月1日,76.54,21.49,283.65,7月12日,23.05,6.32,143.21
2019/10/17,35.73,33.53,106.31,,,,,,,7月11日,9.17,0.9,34.55,7月13日,40.5,0.51,126.14
2019/10/18,38.29,33.02,107.3,,,,,,,7月16日,2.76,0.01,12.51,7月14日,39.74,3.97,207.06
2019/10/19,93.05,45.38,115.48,,,,,,,7月21日,46.83,2.27,159.87,7月19日,26.61,5.67,151.99
2019/10/20,83.37,45.72,224.04,,,,,,,7月23日,4.13,0.01,15.28,7月20日,60.05,7.71,131.84
2019/10/21,78.94,51.27,119.77,,,,,,,7月25日,40.98,8.15,168.2,7月24日,1.12,0.08,7.33
2019/10/22,66.67,47.51,162.04,,,,,,,7月26日,7.9,2.69,78.01,7月28日,22.72,5.7,141.82
2019/10/23,84.54,57.11,43.1,,,,,,,7月29日,52.26,7.81,124.29,7月31日,56.09,0.11,103.65
2019/10/24,90.94,47.2,214.16,,,,,,,8月1日,33.94,6.77,198.33,8月4日,14.32,2.67,72.72
2019/10/25,96.05,52.14,151.37,,,,,,,8月2日,43.19,2.77,94.45,8月8日,23.9,2.22,192.08
2019/10/26,44.93,41.78,104.03,,,,,,,8月6日,30.12,5.65,147.22,8月9日,44.96,3.43,250.67
2019/10/27,112.59,48.07,102.91,,,,,,,8月10日,65.41,5.71,112.09,9月15日,46.28,8.46,221.03
2019/10/28,44.26,43.46,100.1,,,,,,,8月12日,32.7,1.02,253.71,9月16日,66.27,4.94,91.54
2019/10/29,52.85,46.35,121.39,,,,,,,8月13日,54.01,9.79,233.06,9月17日,23.54,4.45,151.12
2019/10/30,65.22,51.98,141.95,,,,,,,8月24日,23.53,2.93,119.66,9月18日,19.31,8.14,82.77
2019/10/31,70.13,60.18,53.27,,,,,,,8月25日,31.87,6,212.96,9月19日,36.82,8.27,225.86
2019/11/1,53.57,50.12,130.24,,,,,,,8月26日,14.18,3.71,99.65,9月20日,63.77,10.88,148.5
2019/11/2,46.98,47.08,93.35,,,,,,,8月27日,48.97,2.35,195.65,9月21日,14.35,9.71,28.26
2019/11/3,63.35,54.52,119.59,,,,,,,8月28日,25.87,4.66,152.76,9月22日,99.82,18.32,290.13
2019/11/4,1.42,0,42.06,,,,,,,8月29日,2.11,1.17,26.75,7月3日,16.23,2.8,81.11
2019/11/5,122.76,59.53,169.87,,,,,,,8月30日,27.32,3.67,70.43,7月15日,38.05,2.18,272
2019/11/6,125,73.72,102.99,,,,,,,8月31日,21.37,2.01,151.75,9月25日,68.36,12.78,158.87
2019/11/7,107.99,78.39,191.71,,,,,,,9月1日,55.77,6.07,316.86,10月2日,77.88,27.38,132.92
2019/11/8,89.95,76.67,125.36,,,,,,,9月2日,7.82,1.69,95.19,,,,
2019/11/9,69.37,47.46,94.85,,,,,,,9月3日,33.09,4.18,242.52,,,,
2019/11/10,55.45,49.36,95.13,,,,,,,9月4日,19.72,7.07,100.18,,,,
2019/11/11,79.88,56.43,148.85,,,,,,,9月5日,30.61,6.63,108.41,,,,
2019/11/12,66.66,59.87,19.25,,,,,,,9月6日,26.59,3.58,116.71,,,,
2019/11/13,56.31,50.81,95.78,,,,,,,9月7日,34.71,5.44,191.66,,,,
2019/11/14,57.72,55.47,77.48,,,,,,,9月8日,28.28,0.2,67.92,,,,
2019/11/15,58.05,58.99,118.9,,,,,,,9月9日,45.38,11.7,203.08,,,,
2019/11/16,116.38,69.32,179.56,,,,,,,9月10日,44.94,14.96,218.86,,,,
2019/11/17,79.05,65.51,122.76,,,,,,,9月11日,47.31,5.32,268.63,,,,
2019/11/18,77.67,60.26,158.23,,,,,,,9月12日,38.21,2.35,101.69,,,,
2019/11/19,86.65,66.62,158.79,,,,,,,9月13日,20.96,3.05,72.52,,,,
2019/11/20,65.53,62.66,117.59,,,,,,,9月14日,46.42,11.41,178.63,,,,
2019/11/21,65.66,59.95,82.85,,,,,,,9月23日,80.92,17.37,217.26,,,,
2019/11/22,85.57,68.54,180.2,,,,,,,9月24日,59.24,15.17,171.02,,,,
2019/11/23,131.99,74.81,184.93,,,,,,,9月25日,68.36,12.78,158.87,,,,
2019/11/24,96.32,70.4,190.1,,,,,,,9月26日,74.23,18.91,143.68,,,,
2019/11/25,66.58,65.27,106.52,,,,,,,9月27日,70.41,24.81,177.38,,,,
2019/11/26,73.13,68.28,103.57,,,,,,,9月28日,24.04,19.89,15.36,,,,
2019/11/27,79.79,71.6,136.41,,,,,,,9月29日,27.85,18.84,70.46,,,,
2019/11/28,101.9,75.32,171.94,,,,,,,9月30日,23.36,22.21,22.75,,,,
2019/11/29,159.37,83.56,148.61,,,,,,,,,,,,,,
2019/11/30,126.52,80.46,51.69,,,,,,,average,36.44045455,7.6175,141.0106818,,40.1626087,6.813043478,148.3747826
2019/12/1,98.37,78.31,166.46,,,,,,,add,-9%,12%,-5%,,,,
2019/12/2,63.6,69.46,92.36,,,,,,,Ttest,0.255505474,0.319751525,0.35373244,,,,
2019/12/3,71.81,68.59,95.81,,,,,,,,,,,,,,
2019/12/4,69.92,68.51,99.07,,,,,,,,,,,,,,
2019/12/5,123.07,79.17,194.79,,,,,,,,,,,,,,
2019/12/6,69.59,72.14,93.09,,,,,,,,,,,,,,
2019/12/7,98.69,70.66,152,,,,,,,,,,,,,,
2019/12/8,67.31,69.71,90.64,,,,,,,,,,,,,,
2019/12/9,67.8,67.04,104.8,,,,,,,,,,,,,,
2019/12/10,64.92,61.55,89.46,,,,,,,,,,,,,,
2019/12/11,64.32,61.64,88.11,,,,,,,,,,,,,,
2019/12/12,64.87,54.99,105.16,,,,,,,,,,,,,,
2019/12/13,95.29,72.93,122.56,,,,,,,,,,,,,,
2019/12/14,112.86,76.32,136.84,,,,,,,,,,,,,,
2019/12/15,124.97,91.3,198.68,,,,,,,,,,,,,,
2019/12/16,140.86,92.57,250.81,,,,,,,,,,,,,,
2019/12/17,157.17,97.75,162.99,,,,,,,,,,,,,,
2019/12/18,75.29,77.47,106.06,,,,,,,,,,,,,,
2019/12/19,75.75,78.02,100.55,,,,,,,,,,,,,,
2019/12/20,77.83,78.4,134.15,,,,,,,,,,,,,,
2019/12/21,74.35,76.4,90.11,,,,,,,,,,,,,,
2019/12/22,73.05,76.92,87.54,,,,,,,,,,,,,,
2019/12/23,88.2,81.37,148.78,,,,,,,,,,,,,,
2019/12/24,95.65,84.44,138.9,,,,,,,,,,,,,,
2019/12/25,116.5,80.22,74.2,,,,,,,,,,,,,,
2019/12/26,73.15,77.54,93.44,,,,,,,,,,,,,,
2019/12/27,73.66,77.82,91.44,,,,,,,,,,,,,,
2019/12/28,71.86,77.79,90.69,,,,,,,,,,,,,,
2019/12/29,103.49,82.6,175.56,,,,,,,,,,,,,,
2019/12/30,78.88,77.09,91.28,,,,,,,,,,,,,,
2019/12/31,78.46,76.29,99.14,,,,,,,,,,,,,,
2020/1/1,88.1,79.19,108.04,,,,,,,,,,,,,,
2020/1/2,108.09,83.25,152.6,,,,,,,,,,,,,,
2020/1/3,90.17,77.46,148.62,,,,,,,,,,,,,,
2020/1/4,90.84,73.63,175.2,,,,,,,,,,,,,,
2020/1/5,92.61,79.57,61.69,,,,,,,,,,,,,,
2020/1/6,84.6,81.24,23.14,,,,,,,,,,,,,,
2020/1/7,68.35,65.46,85.13,,,,,,,,,,,,,,
2020/1/8,96.6,70.01,147.58,,,,,,,,,,,,,,
2020/1/9,137.96,73.49,120.77,,,,,,,,,,,,,,
2020/1/10,114.13,70.84,40.48,,,,,,,,,,,,,,
2020/1/11,57.8,52.31,109.67,,,,,,,,,,,,,,
2020/1/12,92.03,69.54,146.1,,,,,,,,,,,,,,
2020/1/13,64.15,60.37,95.12,,,,,,,,,,,,,,
2020/1/14,86.55,65.99,153.44,,,,,,,,,,,,,,
2020/1/15,130.16,79.4,51.11,,,,,,,,,,,,,,
2020/1/16,60.36,62.93,89.08,,,,,,,,,,,,,,
2020/1/17,74.42,64.46,140.24,,,,,,,,,,,,,,
2020/1/18,128.97,72.82,111.91,,,,,,,,,,,,,,
2020/1/19,132.95,78.55,80.95,,,,,,,,,,,,,,
2020/1/20,86.17,66.06,168.35,,,,,,,,,,,,,,
2020/1/21,66,62.37,92.48,,,,,,,,,,,,,,
2020/1/22,67.13,58.28,188.4,,,,,,,,,,,,,,
2020/1/23,87.77,63.73,188.13,,,,,,,,,,,,,,
2020/1/24,68.21,56.5,168.03,,,,,,,,,,,,,,
2020/1/25,72.19,57.77,118.97,,,,,,,,,,,,,,
2020/1/26,69.76,55,200.46,,,,,,,,,,,,,,
2020/1/27,68.84,52.87,188.33,,,,,,,,,,,,,,
2020/1/28,86.25,59.93,151.47,,,,,,,,,,,,,,
2020/1/29,58.73,48.03,111.86,,,,,,,,,,,,,,
2020/1/30,57.2,48.68,106.18,,,,,,,,,,,,,,
2020/1/31,75.78,56.36,158.53,,,,,,,,,,,,,,
2020/2/1,74.83,53.24,80.89,,,,,,,,,,,,,,
2020/2/2,58.24,43.76,209.53,,,,,,,,,,,,,,
2020/2/3,40.31,39.09,99.44,,,,,,,,,,,,,,
2020/2/4,43.89,39.47,114.65,,,,,,,,,,,,,,
2020/2/5,93.07,40.29,171.86,,,,,,,,,,,,,,
2020/2/6,61.37,39.25,159.26,,,,,,,,,,,,,,
2020/2/7,61.55,40.23,145.02,,,,,,,,,,,,,,
2020/2/8,57.27,35.16,181.42,,,,,,,,,,,,,,
2020/2/9,36.16,26.79,112.35,,,,,,,,,,,,,,
2020/2/10,40.55,26.54,125.99,,,,,,,,,,,,,,
2020/2/11,28.61,25.46,97.86,,,,,,,,,,,,,,
2020/2/12,34.02,27.34,109.28,,,,,,,,,,,,,,
2020/2/13,81.74,38.1,93.36,,,,,,,,,,,,,,
2020/2/14,95.09,32.93,131.35,,,,,,,,,,,,,,
2020/2/15,24.22,22.45,106.54,,,,,,,,,,,,,,
2020/2/16,52.58,24.71,191.76,,,,,,,,,,,,,,
2020/2/17,45.95,25.98,134.26,,,,,,,,,,,,,,
2020/2/18,68.97,36.1,163.08,,,,,,,,,,,,,,
2020/2/19,59.3,23.07,123.02,,,,,,,,,,,,,,
2020/2/20,241.61,37.91,76.11,,,,,,,,,,,,,,
2020/2/21,40.19,21.33,140.7,,,,,,,,,,,,,,
2020/2/22,24.86,14.54,103.46,,,,,,,,,,,,,,
2020/2/23,67.16,15.12,188.22,,,,,,,,,,,,,,
2020/2/24,49.19,19.66,167.23,,,,,,,,,,,,,,
2020/2/25,29.65,14.32,110.08,,,,,,,,,,,,,,
2020/2/26,41.29,13.3,188.61,,,,,,,,,,,,,,
2020/2/27,112.19,23.38,73.45,,,,,,,,,,,,,,
2020/2/28,13.91,6.26,102.73,,,,,,,,,,,,,,
2020/2/29,37.59,15.79,187.22,,,,,,,,,,,,,,
2020/3/1,99.55,10.86,127.77,,,,,,,,,,,,,,
2020/3/2,60.04,9.87,197.17,,,,,,,,,,,,,,
2020/3/3,42.13,6.43,216.37,,,,,,,,,,,,,,
2020/3/4,17.12,6.39,104.96,,,,,,,,,,,,,,
2020/3/5,64.08,11.84,190.02,,,,,,,,,,,,,,
2020/3/6,16.52,5.95,134.56,,,,,,,,,,,,,,
2020/3/7,16.51,6.19,96.7,,,,,,,,,,,,,,
2020/3/8,57.33,1.98,37.61,,,,,,,,,,,,,,
2020/3/9,42.02,1.17,104.24,,,,,,,,,,,,,,
2020/3/10,12.84,1.76,123.71,,,,,,,,,,,,,,
2020/3/11,32.69,3.88,180,,,,,,,,,,,,,,
2020/3/12,70.43,3.02,48.92,,,,,,,,,,,,,,
2020/3/13,24.16,4.91,133.73,,,,,,,,,,,,,,
2020/3/14,34.37,4.77,175.68,,,,,,,,,,,,,,
2020/3/15,163.32,6.77,44.91,,,,,,,,,,,,,,
2020/3/16,39.95,9.18,266.08,,,,,,,,,,,,,,
2020/3/17,29,7.01,146.94,,,,,,,,,,,,,,
2020/3/18,41.9,9.77,188.78,,,,,,,,,,,,,,
2020/3/19,47.2,3.57,198.85,,,,,,,,,,,,,,
2020/3/20,96.56,13.75,184.75,,,,,,,,,,,,,,
2020/3/21,96.52,9.32,181.52,,,,,,,,,,,,,,
2020/3/22,80.41,15.83,148.95,,,,,,,,,,,,,,
2020/3/23,120.49,33.66,252.43,,,,,,,,,,,,,,
2020/3/24,70.1,10.37,199.04,,,,,,,,,,,,,,
2020/3/25,10.24,0.66,14.45,,,,,,,,,,,,,,
2020/3/26,138.83,3.08,24.34,,,,,,,,,,,,,,
2020/3/27,39.79,0.48,118.82,,,,,,,,,,,,,,
2020/3/28,85.94,0.69,61.63,,,,,,,,,,,,,,
2020/3/29,98.83,12.92,162.13,,,,,,,,,,,,,,
2020/3/30,115.57,2.9,62.41,,,,,,,,,,,,,,
2020/3/31,51.67,2.04,38.5,,,,,,,,,,,,,,
2020/4/1,3.22,0,20.06,,,,,,,,,,,,,,
2020/4/2,18.68,0.14,20.4,,,,,,,,,,,,,,
2020/4/3,23.76,0,30.44,,,,,,,,,,,,,,
2020/4/4,69.44,3.74,92.62,,,,,,,,,,,,,,
2020/4/5,51.24,0.99,54.15,,,,,,,,,,,,,,
2020/4/6,105.14,9.77,113.27,,,,,,,,,,,,,,
2020/4/7,50.03,11.96,154.22,,,,,,,,,,,,,,
2020/4/8,58.97,8.22,159.44,,,,,,,,,,,,,,
2020/4/9,64.13,11.07,246.48,,,,,,,,,,,,,,
2020/4/10,472.73,160.36,74.21,,,,,,,,,,,,,,
2020/4/11,38.8,8.89,148.99,,,,,,,,,,,,,,
2020/4/12,155.3,22.09,104.16,,,,,,,,,,,,,,
2020/4/13,191.58,24.72,95.22,,,,,,,,,,,,,,
2020/4/14,134.48,23.22,155.77,,,,,,,,,,,,,,
2020/4/15,50.95,14.89,130.5,,,,,,,,,,,,,,
2020/4/16,129.69,11.21,138.4,,,,,,,,,,,,,,
2020/4/17,72.39,5.87,85.56,,,,,,,,,,,,,,
2020/4/18,158.1,21.61,159.83,,,,,,,,,,,,,,
2020/4/19,243.06,12.6,75.3,,,,,,,,,,,,,,
2020/4/20,161.82,5.61,39.06,,,,,,,,,,,,,,
2020/4/21,113.47,11.47,61.93,,,,,,,,,,,,,,
2020/4/22,76.36,18.01,177.14,,,,,,,,,,,,,,
2020/4/23,64.22,11.26,177.34,,,,,,,,,,,,,,
2020/4/24,11,0.36,59.75,,,,,,,,,,,,,,
2020/4/25,6.2,2.56,68.8,,,,,,,,,,,,,,
2020/4/26,8.55,3.73,64.54,,,,,,,,,,,,,,
2020/4/27,64.64,13.45,238.28,,,,,,,,,,,,,,
2020/4/28,120.05,17.1,166.24,,,,,,,,,,,,,,
2020/4/29,115.94,7.46,192.62,,,,,,,,,,,,,,
2020/4/30,87.32,12.63,285.81,,,,,,,,,,,,,,
2020/5/1,44.57,9.85,245.69,,,,,,,,,,,,,,
2020/5/2,74.72,11.39,212.15,,,,,,,,,,,,,,
2020/5/3,299.79,193.3,61.61,,,,,,,,,,,,,,
2020/5/4,173.99,35.38,235.44,,,,,,,,,,,,,,
2020/5/5,212.68,35.39,215.43,,,,,,,,,,,,,,
2020/5/6,54.52,5.43,52.62,,,,,,,,,,,,,,
2020/5/7,20.39,5.97,118.32,,,,,,,,,,,,,,
2020/5/8,2.95,0,13.86,,,,,,,,,,,,,,
2020/5/9,11.82,3.48,97.36,,,,,,,,,,,,,,
2020/5/10,82.2,11.3,158.8,,,,,,,,,,,,,,
2020/5/11,5.57,2.02,85.58,,,,,,,,,,,,,,
2020/5/12,50.12,4.11,167.96,,,,,,,,,,,,,,
2020/5/13,101.8,6.4,143.7,,,,,,,,,,,,,,
2020/5/14,43.6,3.1,80.23,,,,,,,,,,,,,,
2020/5/15,145.76,11.43,94.52,,,,,,,,,,,,,,
2020/5/16,56.04,9.42,261.27,,,,,,,,,,,,,,
2020/5/17,41.45,16.77,184.11,,,,,,,,,,,,,,
2020/5/18,27.65,4.87,166.19,,,,,,,,,,,,,,
2020/5/19,60.72,5.02,41.12,,,,,,,,,,,,,,
2020/5/20,135.77,11.65,118.48,,,,,,,,,,,,,,
2020/5/21,96.49,19.51,284.22,,,,,,,,,,,,,,
2020/5/22,88.85,7.72,198.56,,,,,,,,,,,,,,
2020/5/23,21.23,2.81,48.21,,,,,,,,,,,,,,
2020/5/24,63.65,3.52,84.09,,,,,,,,,,,,,,
2020/5/25,28.81,1.38,190.08,,,,,,,,,,,,,,
2020/5/26,27.01,6.68,193.83,,,,,,,,,,,,,,
2020/5/27,26.83,1.43,153.47,,,,,,,,,,,,,,
2020/5/28,56.54,5.94,218.18,,,,,,,,,,,,,,
2020/5/29,67.11,5.9,127.09,,,,,,,,,,,,,,
2020/5/30,23.35,1.04,187.76,,,,,,,,,,,,,,
2020/5/31,111.22,17.13,121.94,,,,,,,,,,,,,,
2020/6/1,167.6,13.14,132.3,,,,,,,,,,,,,,
2020/6/2,34.99,7.64,96.79,,,,,,,,,,,,,,
2020/6/3,73.55,12.91,212.39,,,,,,,,,,,,,,
2020/6/4,47.95,3.72,294.53,,,,,,,,,,,,,,
2020/6/5,39.27,11.53,186.53,,,,,,,,,,,,,,
2020/6/6,144.21,11.13,220.12,,,,,,,,,,,,,,
2020/6/7,4.89,0.35,15.32,,,,,,,,,,,,,,
2020/6/8,102.13,7.05,90.21,,,,,,,,,,,,,,
2020/6/9,47.65,2.3,77.08,,,,,,,,,,,,,,
2020/6/10,68.1,2.64,67.48,,,,,,,,,,,,,,
2020/6/11,44.57,0.59,188.04,,,,,,,,,,,,,,
2020/6/12,31.91,1.66,83.47,,,,,,,,,,,,,,
2020/6/13,39.41,6.18,150.49,,,,,,,,,,,,,,
2020/6/14,78.85,1.45,135.69,,,,,,,,,,,,,,
2020/6/15,11.85,0.27,21.81,,,,,,,,,,,,,,
2020/6/16,1.51,0.07,16.25,,,,,,,,,,,,,,
2020/6/17,32.88,4.82,291.24,,,,,,,,,,,,,,
2020/6/18,0.78,0.04,11.48,,,,,,,,,,,,,,
2020/6/19,45.62,3.82,216.7,,,,,,,,,,,,,,
2020/6/20,47.14,9.59,154.37,,,,,,,,,,,,,,
2020/6/21,4.46,0.12,28.39,,,,,,,,,,,,,,
2020/6/22,20.61,0.49,53.61,,,,,,,,,,,,,,
2020/6/23,35.09,2.76,204.14,,,,,,,,,,,,,,
2020/6/24,48.68,10.29,204.29,,,,,,,,,,,,,,
2020/6/25,35.33,0.54,57.53,,,,,,,,,,,,,,
2020/6/26,61.09,8.55,285.01,,,,,,,,,,,,,,
2020/6/27,68.5,8.33,228.2,,,,,,,,,,,,,,
2020/6/28,12.66,3.07,127.9,,,,,,,,,,,,,,
2020/6/29,52.89,6.53,233.04,,,,,,,,,,,,,,
2020/6/30,17.77,0.61,39.64,,,,,,,,,,,,,,
2020/12/1,135.9,83.72,94.93,,,,,,,,,,,,,,
2020/12/2,151.42,79.03,155.15,,,,,,,,,,,,,,
2020/12/3,88.62,75.19,140.73,,,,,,,,,,,,,,
2020/12/4,71.48,71,101.13,,,,,,,,,,,,,,
2020/12/5,73.19,70.1,140.48,,,,,,,,,,,,,,
2020/12/6,116.1,78.12,265.6,,,,,,,,,,,,,,
2020/12/7,86.66,77.81,131.73,,,,,,,,,,,,,,
2020/12/8,86.43,74.03,144.95,,,,,,,,,,,,,,
2020/12/9,106.34,81.74,158.01,,,,,,,,,,,,,,
2020/12/10,99.38,76.55,164.22,,,,,,,,,,,,,,
2020/12/11,100.93,88.36,117.46,,,,,,,,,,,,,,
2020/12/12,75.35,50.07,144.52,,,,,,,,,,,,,,
2020/12/13,116,80.95,58.42,,,,,,,,,,,,,,
2020/12/14,94.79,80.09,156.1,,,,,,,,,,,,,,
2020/12/15,99.09,82.2,136.55,,,,,,,,,,,,,,
2020/12/16,161.89,92.04,175.88,,,,,,,,,,,,,,
2020/12/17,135.74,86.46,134.14,,,,,,,,,,,,,,
2020/12/18,124.45,98.41,187.69,,,,,,,,,,,,,,
2020/12/19,77.09,76.66,102.15,,,,,,,,,,,,,,
2020/12/20,73.76,75.99,88.06,,,,,,,,,,,,,,
2020/12/21,73.25,75.55,88.59,,,,,,,,,,,,,,
2020/12/22,104.12,78.92,230.07,,,,,,,,,,,,,,
2020/12/23,81.29,78.57,110.53,,,,,,,,,,,,,,
2020/12/24,75.23,75.82,108.4,,,,,,,,,,,,,,
2020/12/25,89.73,74.73,145.79,,,,,,,,,,,,,,
2020/12/26,85.17,73.15,140.41,,,,,,,,,,,,,,
2020/12/27,139.14,78.07,218.31,,,,,,,,,,,,,,
2020/12/28,179.7,88.98,95.2,,,,,,,,,,,,,,
2020/12/29,115.3,76.81,140.49,,,,,,,,,,,,,,
2020/12/30,116.85,71.09,199.36,,,,,,,,,,,,,,
2020/12/31,75.99,70.6,112.78,,,,,,,,,,,,,,
2021/1/1,81.85,73.39,103.11,,,,,,,,,,,,,,
2021/1/2,103.11,81.18,125.63,,,,,,,,,,,,,,
2021/1/3,83.06,75.98,99.81,,,,,,,,,,,,,,
2021/1/4,81.44,76.97,101.86,,,,,,,,,,,,,,
2021/1/5,98.95,85.55,141.17,,,,,,,,,,,,,,
2021/1/6,99.41,76.22,174.76,,,,,,,,,,,,,,
2021/1/7,154.53,79.06,190.72,,,,,,,,,,,,,,
2021/1/8,93.44,81.39,127.22,,,,,,,,,,,,,,
2021/1/9,217.74,99.64,110.5,,,,,,,,,,,,,,
2021/1/10,141.35,85.84,47.32,,,,,,,,,,,,,,
2021/1/11,63.73,67.91,108.7,,,,,,,,,,,,,,
2021/1/12,65.51,67.14,93.73,,,,,,,,,,,,,,
2021/1/13,77.27,70.06,124.77,,,,,,,,,,,,,,
2021/1/14,188.11,88.53,108.92,,,,,,,,,,,,,,
2021/1/15,146.03,79.93,109.2,,,,,,,,,,,,,,
2021/1/16,145.39,70,97.27,,,,,,,,,,,,,,
2021/1/17,61.97,61.81,95.11,,,,,,,,,,,,,,
2021/1/18,62.5,60.42,103.52,,,,,,,,,,,,,,
2021/1/19,74.82,63.54,155.41,,,,,,,,,,,,,,
2021/1/20,178.11,74.63,131.07,,,,,,,,,,,,,,
2021/1/21,70.59,63.57,120.41,,,,,,,,,,,,,,
2021/1/22,55.61,55.12,117.18,,,,,,,,,,,,,,
2021/1/23,89.39,67.6,127.09,,,,,,,,,,,,,,
2021/1/24,174.22,164.64,10.99,,,,,,,,,,,,,,
2021/1/25,85.35,64.16,152.16,,,,,,,,,,,,,,
2021/1/26,144.98,74.24,197.6,,,,,,,,,,,,,,
2021/1/27,71.58,50.41,138.75,,,,,,,,,,,,,,
2021/1/28,45.88,38.98,109.58,,,,,,,,,,,,,,
2021/1/29,144.55,55.95,206.89,,,,,,,,,,,,,,
2021/1/30,91.51,55.22,210.15,,,,,,,,,,,,,,
2021/1/31,69.96,47.38,194.41,,,,,,,,,,,,,,
2021/2/1,45.2,42.02,104.23,,,,,,,,,,,,,,
2021/2/2,52.68,42.54,126.64,,,,,,,,,,,,,,
2021/2/3,67.82,50.15,112.35,,,,,,,,,,,,,,
2021/2/4,105.97,51.92,160.06,,,,,,,,,,,,,,
2021/2/5,36.94,36.5,96.01,,,,,,,,,,,,,,
2021/2/6,69.45,41.84,242.57,,,,,,,,,,,,,,
2021/2/7,53.7,38.54,192.88,,,,,,,,,,,,,,
2021/2/8,72.27,37.48,189.8,,,,,,,,,,,,,,
2021/2/9,42.8,32.5,100.85,,,,,,,,,,,,,,
2021/2/10,87.43,40.88,242.88,,,,,,,,,,,,,,
2021/2/11,45.3,31.65,179.62,,,,,,,,,,,,,,
2021/2/12,110.91,41.01,233.68,,,,,,,,,,,,,,
2021/2/13,52.73,39.6,186.95,,,,,,,,,,,,,,
2021/2/14,35.1,26.4,151.75,,,,,,,,,,,,,,
2021/2/15,93.11,31.5,189.74,,,,,,,,,,,,,,
2021/2/16,38.42,22.24,161.56,,,,,,,,,,,,,,
2021/2/17,146.25,35.61,78.65,,,,,,,,,,,,,,
2021/2/18,22.54,14.8,113.57,,,,,,,,,,,,,,
2021/2/19,15.88,14.88,98.6,,,,,,,,,,,,,,
2021/2/20,16.64,14.81,86.92,,,,,,,,,,,,,,
2021/2/21,46.87,19.11,189.6,,,,,,,,,,,,,,
2021/2/22,115.76,31.09,178.36,,,,,,,,,,,,,,
2021/2/23,95.09,25.32,154.32,,,,,,,,,,,,,,
2021/2/24,35.22,16.8,120.93,,,,,,,,,,,,,,
2021/2/25,223.51,27.58,156.81,,,,,,,,,,,,,,
2021/2/26,33.31,18.16,148.88,,,,,,,,,,,,,,
2021/2/27,183.8,35.65,117.14,,,,,,,,,,,,,,
2021/2/28,124.24,28.23,74.52,,,,,,,,,,,,,,
2021/3/1,69.92,16.69,251.11,,,,,,,,,,,,,,
2021/3/2,170.31,16.4,108.62,,,,,,,,,,,,,,
2021/3/3,70.63,14.35,177.51,,,,,,,,,,,,,,
2021/3/4,119.34,8.25,193.67,,,,,,,,,,,,,,
2021/3/5,105.53,9.56,103.58,,,,,,,,,,,,,,
2021/3/6,34.48,8.03,244.11,,,,,,,,,,,,,,
2021/3/7,58.94,9.53,180.66,,,,,,,,,,,,,,
2021/3/8,17.85,7.19,145.2,,,,,,,,,,,,,,
2021/3/9,58.57,16.01,159.17,,,,,,,,,,,,,,
2021/3/10,120.73,14.54,168.23,,,,,,,,,,,,,,
,,,,,,,,,,,,,,,,,
,,,,,,,,,,,,,,,,,
,,,,,,,,,,,,,,,,,
,,,,,,,,,,,,,,,,,
2020/7/1,76.54,21.49,283.65,,,,,,,,,,,,,,
2020/7/2,61.2,1.6,82.68,,,,,,,,,,,,,,
2020/7/3,16.23,2.8,81.11,,,,,,,,,,,,,,
2020/7/4,17.71,5.16,188.14,,,,,,,,,,,,,,
2020/7/5,57.36,7.66,205.93,,,,,,,,,,,,,,
2020/7/6,55.96,8.77,231.9,,,,,,,,,,,,,,
2020/7/7,59.74,5.27,230.99,,,,,,,,,,,,,,
2020/7/8,30.32,1.73,140.04,,,,,,,,,,,,,,
2020/7/9,17.8,0.37,43.47,,,,,,,,,,,,,,
2020/7/10,39.92,6.28,215.83,,,,,,,,,,,,,,
2020/7/11,9.17,0.9,34.55,,,,,,,,,,,,,,
2020/7/12,23.05,6.32,143.21,,,,,,,,,,,,,,
2020/7/13,40.5,0.51,126.14,,,,,,,,,,,,,,
2020/7/14,39.74,3.97,207.06,,,,,,,,,,,,,,
2020/7/15,38.05,2.18,272,,,,,,,,,,,,,,
2020/7/16,2.76,0.01,12.51,,,,,,,,,,,,,,
2020/7/17,14.34,0.71,106.76,,,,,,,,,,,,,,
2020/7/18,29.44,3.8,180.71,,,,,,,,,,,,,,
2020/7/19,26.61,5.67,151.99,,,,,,,,,,,,,,
2020/7/20,60.05,7.71,131.84,,,,,,,,,,,,,,
2020/7/21,46.83,2.27,159.87,,,,,,,,,,,,,,
2020/7/22,25.98,5.13,160.48,,,,,,,,,,,,,,
2020/7/23,4.13,0.01,15.28,,,,,,,,,,,,,,
2020/7/24,1.12,0.08,7.33,,,,,,,,,,,,,,
2020/7/25,40.98,8.15,168.2,,,,,,,,,,,,,,
2020/7/26,7.9,2.69,78.01,,,,,,,,,,,,,,
2020/7/27,47.27,1.55,161.95,,,,,,,,,,,,,,
2020/7/28,22.72,5.7,141.82,,,,,,,,,,,,,,
2020/7/29,52.26,7.81,124.29,,,,,,,,,,,,,,
2020/7/30,37.03,5.93,234.64,,,,,,,,,,,,,,
2020/7/31,56.09,0.11,103.65,,,,,,,,,,,,,,
2020/8/1,33.94,6.77,198.33,,,,,,,,,,,,,,
2020/8/2,43.19,2.77,94.45,,,,,,,,,,,,,,
2020/8/3,45.1,3.03,121.82,,,,,,,,,,,,,,
2020/8/4,14.32,2.67,72.72,,,,,,,,,,,,,,
2020/8/5,9.46,0.22,98.89,,,,,,,,,,,,,,
2020/8/6,30.12,5.65,147.22,,,,,,,,,,,,,,
2020/8/7,26.8,0.79,48.76,,,,,,,,,,,,,,
2020/8/8,23.9,2.22,192.08,,,,,,,,,,,,,,
2020/8/9,44.96,3.43,250.67,,,,,,,,,,,,,,
2020/8/10,65.41,5.71,112.09,,,,,,,,,,,,,,
2020/8/11,72.46,4.02,121.17,,,,,,,,,,,,,,
2020/8/12,32.7,1.02,253.71,,,,,,,,,,,,,,
2020/8/13,54.01,9.79,233.06,,,,,,,,,,,,,,
2020/8/14,27.13,4.28,58.23,,,,,,,,,,,,,,
2020/8/15,45.55,1.06,265.39,,,,,,,,,,,,,,
2020/8/16,0,0,0,,,,,,,,,,,,,,
2020/8/17,64.92,9.06,127.78,,,,,,,,,,,,,,
2020/8/18,38.48,7.83,148.27,,,,,,,,,,,,,,
2020/8/19,12.11,0.87,88.45,,,,,,,,,,,,,,
2020/8/20,15.24,6.32,101.33,,,,,,,,,,,,,,
2020/8/21,53.49,17.15,117.06,,,,,,,,,,,,,,
2020/8/22,17.92,0.32,91.03,,,,,,,,,,,,,,
2020/8/23,22.79,5.12,119.53,,,,,,,,,,,,,,
2020/8/24,23.53,2.93,119.66,,,,,,,,,,,,,,
2020/8/25,31.87,6,212.96,,,,,,,,,,,,,,
2020/8/26,14.18,3.71,99.65,,,,,,,,,,,,,,
2020/8/27,48.97,2.35,195.65,,,,,,,,,,,,,,
2020/8/28,25.87,4.66,152.76,,,,,,,,,,,,,,
2020/8/29,2.11,1.17,26.75,,,,,,,,,,,,,,
2020/8/30,27.32,3.67,70.43,,,,,,,,,,,,,,
2020/8/31,21.37,2.01,151.75,,,,,,,,,,,,,,
2020/9/1,55.77,6.07,316.86,,,,,,,,,,,,,,
2020/9/2,7.82,1.69,95.19,,,,,,,,,,,,,,
2020/9/3,33.09,4.18,242.52,,,,,,,,,,,,,,
2020/9/4,19.72,7.07,100.18,,,,,,,,,,,,,,
2020/9/5,30.61,6.63,108.41,,,,,,,,,,,,,,
2020/9/6,26.59,3.58,116.71,,,,,,,,,,,,,,
2020/9/7,34.71,5.44,191.66,,,,,,,,,,,,,,
2020/9/8,28.28,0.2,67.92,,,,,,,,,,,,,,
2020/9/9,45.38,11.7,203.08,,,,,,,,,,,,,,
2020/9/10,44.94,14.96,218.86,,,,,,,,,,,,,,
2020/9/11,47.31,5.32,268.63,,,,,,,,,,,,,,
2020/9/12,38.21,2.35,101.69,,,,,,,,,,,,,,
2020/9/13,20.96,3.05,72.52,,,,,,,,,,,,,,
2020/9/14,46.42,11.41,178.63,,,,,,,,,,,,,,
2020/9/15,46.28,8.46,221.03,,,,,,,,,,,,,,
2020/9/16,66.27,4.94,91.54,,,,,,,,,,,,,,
2020/9/17,23.54,4.45,151.12,,,,,,,,,,,,,,
2020/9/18,19.31,8.14,82.77,,,,,,,,,,,,,,
2020/9/19,36.82,8.27,225.86,,,,,,,,,,,,,,
2020/9/20,63.77,10.88,148.5,,,,,,,,,,,,,,
2020/9/21,14.35,9.71,28.26,,,,,,,,,,,,,,
2020/9/22,99.82,18.32,290.13,,,,,,,,,,,,,,
2020/9/23,80.92,17.37,217.26,,,,,,,,,,,,,,
2020/9/24,59.24,15.17,171.02,,,,,,,,,,,,,,
2020/9/25,68.36,12.78,158.87,,,,,,,,,,,,,,
2020/9/26,74.23,18.91,143.68,,,,,,,,,,,,,,
2020/9/27,70.41,24.81,177.38,,,,,,,,,,,,,,
2020/9/28,24.04,19.89,15.36,,,,,,,,,,,,,,
2020/9/29,27.85,18.84,70.46,,,,,,,,,,,,,,
2020/9/30,23.36,22.21,22.75,,,,,,,,,,,,,,
2020/10/1,71.44,30.76,132.69,,,,,,,,,,,,,,
2020/10/2,77.88,27.38,132.92,,,,,,,,,,,,,,
2020/10/3,66.25,29.27,88.55,,,,,,,,,,,,,,
2020/10/4,63.16,27.22,164.55,,,,,,,,,,,,,,
2020/10/5,76.47,37.46,228.06,,,,,,,,,,,,,,
2020/10/6,90.95,41.64,116.61,,,,,,,,,,,,,,
2020/10/7,66.93,45.14,147.79,,,,,,,,,,,,,,
2020/10/8,109.73,40.21,131.33,,,,,,,,,,,,,,
2020/10/9,79.85,42.87,198.6,,,,,,,,,,,,,,
2020/10/10,61,42.38,191.48,,,,,,,,,,,,,,
2020/10/11,33.15,34.35,5.29,,,,,,,,,,,,,,
2020/10/12,108.73,43.08,119.15,,,,,,,,,,,,,,
2020/10/13,31.57,31.26,8.79,,,,,,,,,,,,,,
2020/10/14,97.85,42.47,245.5,,,,,,,,,,,,,,
2020/10/15,81.63,43.76,191.18,,,,,,,,,,,,,,
2020/10/16,46.03,37.09,104.78,,,,,,,,,,,,,,
2020/10/17,82.96,41.63,113.76,,,,,,,,,,,,,,
2020/10/18,49.99,36.79,191.36,,,,,,,,,,,,,,
2020/10/19,171.74,57.07,142.15,,,,,,,,,,,,,,
2020/10/20,106.45,45.23,218.2,,,,,,,,,,,,,,
2020/10/21,53.6,44.57,108.51,,,,,,,,,,,,,,
2020/10/22,56.04,46.87,102.28,,,,,,,,,,,,,,
2020/10/23,103.94,60.96,172.79,,,,,,,,,,,,,,
2020/10/24,88.06,45.5,201.31,,,,,,,,,,,,,,
2020/10/25,166.53,66.5,127.25,,,,,,,,,,,,,,
2020/10/26,166.08,54.92,151.75,,,,,,,,,,,,,,
2020/10/27,60.62,48.74,13.51,,,,,,,,,,,,,,
2020/10/28,74.77,49.72,125.76,,,,,,,,,,,,,,
2020/10/29,52.42,41.65,164.87,,,,,,,,,,,,,,
2020/10/30,75.87,58.75,139.47,,,,,,,,,,,,,,
2020/10/31,134.42,74.33,209.51,,,,,,,,,,,,,,
2020/11/1,144.23,61.19,144.95,,,,,,,,,,,,,,
2020/11/2,96.07,63.65,248.59,,,,,,,,,,,,,,
2020/11/3,88.85,64.39,247.35,,,,,,,,,,,,,,
2020/11/4,178.04,67.32,189.46,,,,,,,,,,,,,,
2020/11/5,98.08,62.48,155.43,,,,,,,,,,,,,,
2020/11/6,67.56,57.88,142.8,,,,,,,,,,,,,,
2020/11/7,61.55,56.45,109.09,,,,,,,,,,,,,,
2020/11/8,149.87,68.42,150.51,,,,,,,,,,,,,,
2020/11/9,65.02,56.56,107.93,,,,,,,,,,,,,,
2020/11/10,3.77,0.58,35.26,,,,,,,,,,,,,,
2020/11/11,94.81,70.02,163.21,,,,,,,,,,,,,,
2020/11/12,125.72,63.75,209.41,,,,,,,,,,,,,,
2020/11/13,79.78,68.35,128.75,,,,,,,,,,,,,,
2020/11/14,90.03,70.54,168.42,,,,,,,,,,,,,,
2020/11/15,68.28,60.53,114.64,,,,,,,,,,,,,,
2020/11/16,153.84,73.74,250.78,,,,,,,,,,,,,,
2020/11/17,94.39,70.85,38.51,,,,,,,,,,,,,,
2020/11/18,89.92,66.94,242.65,,,,,,,,,,,,,,
2020/11/19,110.06,70.06,256.39,,,,,,,,,,,,,,
2020/11/20,142.71,74.21,68.27,,,,,,,,,,,,,,
2020/11/21,110.18,74.73,182.43,,,,,,,,,,,,,,
2020/11/22,139.24,67.84,88.45,,,,,,,,,,,,,,
2020/11/23,67.43,62.09,113.13,,,,,,,,,,,,,,
2020/11/24,106.5,84.96,137.58,,,,,,,,,,,,,,
2020/11/25,92.05,66.21,181.66,,,,,,,,,,,,,,
2020/11/26,81.34,64.68,151.34,,,,,,,,,,,,,,
2020/11/27,122.07,76.68,210.55,,,,,,,,,,,,,,
2020/11/28,76.53,60.67,121.9,,,,,,,,,,,,,,
2020/11/29,108.31,71.28,169.08,,,,,,,,,,,,,,
2020/11/30,140.88,73.1,172.25,,,,,,,,,,,,,,
