Date,R1,R2,R3,R4,R5,R6,R7,R8,WD,WV
2020/7/1 0:00,0.1,0,0,0,0,0.1,0,0,7,3.78
2020/7/1 1:00,0.2,0.3,0.3,0.2,0,0.1,0.1,0.4,7,3.747619048
2020/7/1 2:00,0.2,0.2,0.1,0.2,0.1,0.3,0,0.1,8,5.8
2020/7/1 3:00,0.7,0.8,0.5,0.7,0.3,0.3,0.6,0.9,8,5.457142857
2020/7/1 4:00,3.2,2.4,2.7,2.6,2.6,2.8,2.9,2.3,8,5.293333333
2020/7/1 5:00,0.4,0.1,0.4,0.3,0.5,0.6,0.4,0.1,9,5.282978723
2020/7/1 6:00,0.2,0.1,0.2,0.1,0.2,0.1,0.3,0.2,8,5.716666667
2020/7/1 7:00,0.3,0.1,0.1,0.2,0.3,0.1,0.1,0.1,8,6.65
2020/7/1 8:00,0,0.1,0,0,0,0,0,0,8,7.531666667
2020/7/1 9:00,0,0,0,0,0,0,0,0,8,7.785
2020/7/1 10:00,0,0,0,0,0,0,0,0,9,8.838333333
2020/7/1 11:00,0,0,0,0,0,0,0,0,9,5.798333333
2020/7/1 12:00,0,0,0,0,0,0,0,0,8,5.611764706
2020/7/1 13:00,0,0,0,0,0,0,0,0,3,5.9
2020/7/1 14:00,0,0,0,0,0,0,0,0,3,7.383333333
2020/7/1 15:00,0,0,0,0,0,0,0,0,1,12.55
2020/7/1 16:00,0,0,0,0,0,0,0,0,1,16.88181818
2020/7/1 17:00,0,0,0,0,0,0,0,0,2,17.76363636
2020/7/1 18:00,0,0,0,0,0,0,0,0,1,12.1
2020/7/1 19:00,0,0,0,0,0,0,0,0,1,11.925
2020/7/1 20:00,0,0,0,0,0,0,0,0,1,8.52
2020/7/1 21:00,0,0,0,0,0,0,0,0,3,3.8875
2020/7/1 22:00,0,0,0,0,0,0,0,0,11,0.67
2020/7/1 23:00,0,0,0,0,0,0,0,0,13,1.508333333
2020/7/2 0:00,0,0,0,0,0,0,0,0,12,1.343636364
2020/7/2 1:00,0,0,0,0,0,0,0,0,9,2.645
2020/7/2 2:00,0,0,0,0,0,0,0,0,11,3.143902439
2020/7/2 3:00,0,0,0,0,0,0,0,0,11,4.481395349
2020/7/2 4:00,0,0,0,0,0,0,0,0,12,3.242424242
2020/7/2 5:00,0,0,0,0,0,0,0,0,11,3.348
2020/7/2 6:00,0,0,0,0,0,0,0,0,11,5.306666667
2020/7/2 7:00,0,0,0,0,0,0,0,0,11,1.986666667
2020/7/2 8:00,0,0,0,0,0,0,0,0,10,0.955882353
2020/7/2 9:00,0,0,0,0,0,0,0,0,10,1.016666667
2020/7/2 10:00,0,0,0,0,0,0,0,0,8,1.538461538
2020/7/2 11:00,0,0,0,0,0,0,0,0,5,2.192307692
2020/7/2 12:00,0,0,0,0,0,0,0,0,6,2.14
2020/7/2 13:00,0,0,0,0,0,0,0,0,4,2.8
2020/7/2 14:00,0,0,0,0,0,0,0,0,3,2.066666667
2020/7/2 15:00,0,0,0,0,0,0,0,0,2,4.2
2020/7/2 16:00,0,0,0,0,0,0,0,0,4,3.713636364
2020/7/2 17:00,0,0,0,0,0,0,0,0,6,3.132142857
2020/7/2 18:00,0,0,0,0,0,0,0,0,4,4.302272727
2020/7/2 19:00,0,0,0,0,0,0,0,0,7,5.018333333
2020/7/2 20:00,0,0,0,0,0,0,0,0,11,4.59122807
2020/7/2 21:00,0,0,0,0,0,0,0,0,1,5.826984127
2020/7/2 22:00,0,0,0,0,0,0,0,0,2,5.088333333
2020/7/2 23:00,0,0,0,0,0,0,0,0,2,8.646153846
2020/7/3 0:00,0,0,0,0,0,0,0,0,2,6.786666667
2020/7/3 1:00,0,0,0,0,0,0,0,0,2,13.08
2020/7/3 2:00,0,0,0,0,0,0,0,0,2,13.91666667
2020/7/3 3:00,0,0,0.2,0,0,0,0,0,,
2020/7/3 4:00,0,0,0.7,0,0,0,0,0,2,11.27818182
2020/7/3 5:00,0,0,1.6,0,0,0,0,0,3,7.125925926
2020/7/3 6:00,0,0,1.7,0,0,0,0,0,9,4.177419355
2020/7/3 7:00,0,0,1.1,0,0,0,0,0,9,6.563157895
2020/7/3 8:00,0,0,0,0,0,0,0,0,9,3.916326531
2020/7/3 9:00,0,0,0.1,0,0,0,0,0,8,2.545
2020/7/3 10:00,0,0,0.7,0,0,0,0,0,9,3.375
2020/7/3 11:00,0,0,1.2,0,0,0,0,0,9,2.544067797
2020/7/3 12:00,0,0,1,0,0,0,0,0,8,3.06
2020/7/3 13:00,0,0,0.1,0,0,0,0,0,8,6.25
2020/7/3 14:00,0,0,0,0,0,0,0,0,8,6.342372881
2020/7/3 15:00,0,0,0,0,0,0,0,0,7,5.231666667
2020/7/3 16:00,0,0,0,0,0,0,0,0,7,3.561016949
2020/7/3 17:00,0,0,0,0,0,0,0,0,9,1.841666667
2020/7/3 18:00,0,0,0.1,0,0,0,0,0,1,0.475
2020/7/3 19:00,0,0,0,0,0,0,0,0,1,0.730434783
2020/7/3 20:00,0,0,0,0,0,0,0,0,1,4.3725
2020/7/3 21:00,0,0,0,0,0,0,0,0,1,16.83214286
2020/7/3 22:00,0,0,0,0,0,0,0,0,1,14.81
2020/7/3 23:00,0,0,0,0,0,0,0,0,1,12.53636364
2020/7/4 0:00,0,0,0,0,0,0,0,0,1,9.757692308
2020/7/4 1:00,0,0,0,0,0,0,0,0,1,4.166666667
2020/7/4 2:00,0,0,0,0,0,0,0,0,13,2.896
2020/7/4 3:00,0,0,0,0,0,0,0,0,,
2020/7/4 4:00,0,0,0,0,0,0,0,0,,
2020/7/4 5:00,0,0,0,0,0,0,0,0,,
2020/7/4 6:00,0,0,0,0,0,0,0,0,1,9.45
2020/7/4 7:00,0,0,0,0,0,0,0,0,1,10.5
2020/7/4 8:00,0,0,0,0,0,0,0,0,1,15.7
2020/7/4 9:00,0,0,0,0,0,0,0,0,,
2020/7/4 10:00,0,0,0,0,0,0,0,0,1,13.26666667
2020/7/4 11:00,0,0,0,0,0,0,0,0,,
2020/7/4 12:00,0,0,0,0,0,0,0,0,,
2020/7/4 13:00,0,0,0,0,0,0,0,0,1,9.5
2020/7/4 14:00,0,0,0,0,0,0,0,0,1,11.51176471
2020/7/4 15:00,0,0,0,0,0,0,0,0,,
2020/7/4 16:00,0,0,0,0,0,0,0,0,,
2020/7/4 17:00,0,0,0,0,0,0,0,0,1,8.3
2020/7/4 18:00,0,0,0,0,0,0,0,0,1,6.871428571
2020/7/4 19:00,0,0,0,0,0,0,0,0,2,5.714285714
2020/7/4 20:00,0,0,0,0,0,0,0,0,5,3.022641509
2020/7/4 21:00,0,0,0,0,0,0,0,0,9,4.689655172
2020/7/4 22:00,0,0,0,0,0,0,0,0,,
2020/7/4 23:00,0,0,0,0,0,0,0,0,8,9.39122807
2020/7/5 0:00,0,0,0,0,0,0,0,0,8,11.3375
2020/7/5 1:00,0,0,0,0,0,0,0,0,8,10.73333333
2020/7/5 2:00,0,0,0,0,0,0,0,0,7,7.283018868
2020/7/5 3:00,0,0,0,0,0,0,0,0,7,6.59245283
2020/7/5 4:00,0,0,0,0,0,0,0,0,8,5.1925
2020/7/5 5:00,0,0,0,0,0,0,0,0,,
2020/7/5 6:00,0,0,0,0,0,0,0,0,9,3.803225806
2020/7/5 7:00,0,0,0,0,0,0,0,0,9,1.947222222
2020/7/5 8:00,0,0,0,0,0,0,0,0,4,0.510869565
2020/7/5 9:00,0,0,0,0,0,0,0,0,3,1.513636364
2020/7/5 10:00,0,0,0,0,0,0,0,0,4,2.147619048
2020/7/5 11:00,0,0,0,0,0,0,0,0,7,4.101785714
2020/7/5 12:00,0,0,0,0,0,0,0,0,3,0.544444444
2020/7/5 13:00,0,0,1.7,0,0,0,0,0,7,4.082857143
2020/7/5 14:00,0,0,0.4,0,0,0,0,0,8,3.072881356
2020/7/5 15:00,0,0,0,0,0,0,0,0,9,8.335294118
2020/7/5 16:00,0,0,0,0,0,0,0,0,9,5.553488372
2020/7/5 17:00,0,0,0,0,0,0,0,0,10,3.894915254
2020/7/5 18:00,0,0,0,0,0,0,0,0,11,4.132432432
2020/7/5 19:00,0,0,0,0,0,0,0,0,8,3.877777778
2020/7/5 20:00,0,0,0,0,0,0,0,0,8,4.045
2020/7/5 21:00,0,0,0,0,0,0,0,0,9,4.16
2020/7/5 22:00,0,0,0,0,0,0,0,0,10,2.326315789
2020/7/5 23:00,0,0,0,0,0,0,0,0,9,3.986440678
2020/7/6 0:00,0,0,0,0,0,0,0,0,9,5.11
2020/7/6 1:00,0,0,0,0,0,0,0,0,10,4.393333333
2020/7/6 2:00,0,0,0,0,0,0,0,0,10,4.494915254
2020/7/6 3:00,0,0,0,0,0,0,0,0,10,4.416666667
2020/7/6 4:00,0,0,0,0,0,0,0,0,10,5.021052632
2020/7/6 5:00,0,0,0,0,0,0,0,0,10,4.676666667
2020/7/6 6:00,0,0,0,0,0,0,0,0,10,3.816666667
2020/7/6 7:00,0,0,0,0,0,0,0,0,8,2.584090909
2020/7/6 8:00,0,0,0,0,0,0,0,0,6,0.252380952
2020/7/6 9:00,0,0,0,0,0,0,0,0,6,0.497222222
2020/7/6 10:00,0,0,0,0,0,0,0,0,6,5.331666667
2020/7/6 11:00,0,0,0,0,0,0,0,0,6,5.9
2020/7/6 12:00,0,0,0,0,0,0,0,0,7,6.23902439
2020/7/6 13:00,0,0,0,0,0,0,0,0,8,6.895
2020/7/6 14:00,0,0,0,0,0,0,0,0,8,6.301724138
2020/7/6 15:00,0,0,0,0,0,0,0,0,8,5.069444444
2020/7/6 16:00,0,0,0,0,0,0,0,0,7,2.8
2020/7/6 17:00,0,0,0,0,0,0,0,0,7,4.695
2020/7/6 18:00,0,0,0,0,0,0,0,0,8,8.8
2020/7/6 19:00,0,0,0,0,0,0,0,0,9,7.691666667
2020/7/6 20:00,0,0,0,0,0,0,0,0,8,8.866071429
2020/7/6 21:00,0,0,0,0,0,0,0,0,9,9.496666667
2020/7/6 22:00,0,0,0,0,0,0,0,0,8,12.59354839
2020/7/6 23:00,0,0,0,0,0,0,0,0,8,13.41
2020/7/7 0:00,0,0,0,0,0,0,0,0,8,14.32758621
2020/7/7 1:00,0,0,0,0,0,0,0,0,8,14.43666667
2020/7/7 2:00,0,0,0,0,0,0,0,0,8,14.36964286
2020/7/7 3:00,0,0,0,0,0,0,0,0,8,13.92833333
2020/7/7 4:00,0,0,0,0,0,0,0,0,8,12.80172414
2020/7/7 5:00,0,0,0,0,0,0,0,0,9,12.78103448
2020/7/7 6:00,0,0,0,0,0,0,0,0,8,10.18333333
2020/7/7 7:00,0,0,0,0,0,0,0,0,8,8.988333333
2020/7/7 8:00,0,0,0,0,0,0,0,0,8,7.996666667
2020/7/7 9:00,0,0,0,0,0,0,0,0,8,9.396666667
2020/7/7 10:00,0,0,0,0,0,0,0,0,8,9.518333333
2020/7/7 11:00,0,0,0,0,0,0,0,0,7,7.173333333
2020/7/7 12:00,0,0,0,0,0,0,0,0,7,6.995
2020/7/7 13:00,0,0,0,0,0,0,0,0,8,6.793333333
2020/7/7 14:00,0,0,0,0,0,0,0,0,7,6.150847458
2020/7/7 15:00,0,0,0,0,0,0,0,0,7,4.874576271
2020/7/7 16:00,0,0,0,0,0,0,0,0,5,2.965714286
2020/7/7 17:00,0,0,0,0,0,0,0,0,8,2.416666667
2020/7/7 18:00,0,0,0,0,0,0,0,0,7,1.496666667
2020/7/7 19:00,0,0,0,0,0,0,0,0,2,6.048
2020/7/7 20:00,0,0,0,0,0,0,0,0,2,6.277777778
2020/7/7 21:00,0,0,0,0,0,0,0,0,4,4.221428571
2020/7/7 22:00,0,0,0,0,0,0,0,0,6,4.011666667
2020/7/7 23:00,0,0,0,0,0,0,0,0,7,5.276666667
2020/7/8 0:00,0,0,0,0,0,0,0,0,6,7.22
2020/7/8 1:00,0,0,0,0,0,0,0,0,7,7.128333333
2020/7/8 2:00,0,0,0,0,0,0,0,0,8,6.486440678
2020/7/8 3:00,0,0,0,0,0,0,0,0,9,4.781355932
2020/7/8 4:00,0,0,0,0,0,0,0,0,9,1.765116279
2020/7/8 5:00,0,0,0,0,0,0,0,0,1,0.332
2020/7/8 6:00,0,0,0,0,0,0,0,0,2,0.472093023
2020/7/8 7:00,0,0,0,0,0,0,0,0,2,0.582352941
2020/7/8 8:00,0,0,0,0,0,0,0,0,2,0.636111111
2020/7/8 9:00,0,0,0,0,0,0,0,0,1,0.744444444
2020/7/8 10:00,0,0,0,0,0,0,0,0,1,0.765217391
2020/7/8 11:00,0,0,0,0,0,0,0,0,2,0.704878049
2020/7/8 12:00,0,0,0,0,0,0,0,0,2,2.293333333
2020/7/8 13:00,0,0,0,0,0,0,0,0,1,16.25
2020/7/8 14:00,0,0,0,0,0,0,0,0,,
2020/7/8 15:00,0,0,0,0,0,0,0,0,2,16.27692308
2020/7/8 16:00,0,0,0,0,0,0,0,0,2,18.50357143
2020/7/8 17:00,0,0,0,0,0,0,0,0,2,16.95666667
2020/7/8 18:00,0,0,0,0,0,0,0,0,2,16.56666667
2020/7/8 19:00,0,0,0,0,0,0,0,0,1,12.49375
2020/7/8 20:00,0,0,0,0,0,0,0,0,,
2020/7/8 21:00,0,0,0,0,0,0,0,0,2,7.088636364
2020/7/8 22:00,0,0,0,0,0,0,0,0,2,7.776470588
2020/7/8 23:00,0,0,0,0,0,0,0,0,2,5.683333333
2020/7/9 0:00,0,0,0,0,0,0,0,0,7,2
2020/7/9 1:00,0,0,0,0,0,0,0,0,4,0.294444444
2020/7/9 2:00,0,0,0,0,0,0,0,0,2,0.176923077
2020/7/9 3:00,0,0,0,0,0,0,0,0,2,0.325
2020/7/9 4:00,0,0,0,0,0,0,0,0,2,0.429166667
2020/7/9 5:00,0,0,0,0,0,0,0,0,,
2020/7/9 6:00,0,0,0,0,0,0,0,0,3,0.370731707
2020/7/9 7:00,0,0,0,0,0,0,0,0,3,0.3025
2020/7/9 8:00,0,0,0,0,0,0,0,0,2,0.36
2020/7/9 9:00,0,0,0,0,0,0,0,0,5,1.009677419
2020/7/9 10:00,0.4,0,0.2,0,0.1,0.4,0.2,0,1,8.275
2020/7/9 11:00,1,0,0.7,0,0.2,0.6,0.2,0,2,9.980769231
2020/7/9 12:00,0,0,0,0,0,0,0,0,7,2.426923077
2020/7/9 13:00,0,0,0,0,0,0,0,0,11,2.95
2020/7/9 14:00,0,0,0,0,0,0,0,0,8,5.092592593
2020/7/9 15:00,0,0,0,0,0,0,0,0,6,1.045
2020/7/9 16:00,0,0,0,0,0,0,0.1,0,6,2.603333333
2020/7/9 17:00,0.8,0,1.2,0,0.9,0.9,1.2,0,7,4.365
2020/7/9 18:00,0.1,0,0.3,0,0.5,0.3,0.2,0,7,1.315
2020/7/9 19:00,0.4,0,0.6,0,0.4,0.7,0.6,0,9,1.95
2020/7/9 20:00,0.3,0,0.1,0,0.2,0.1,0.1,0,7,1.13
2020/7/9 21:00,0.1,0,0.1,0,0,0.2,0.1,0,11,3.116666667
2020/7/9 22:00,0,0,0,0,0,0,0,0,10,3.522641509
2020/7/9 23:00,0,0,0,0,0.2,0,0.1,0,8,6.222
2020/7/10 0:00,0,0,0,0,0,0,0,0,8,2.633333333
2020/7/10 1:00,0,0,0,0,0,0,0,0,7,2.035
2020/7/10 2:00,0.1,0,0.1,0,0,0.1,0,0,7,3.368421053
2020/7/10 3:00,0,0,0,0,0.1,0,0,0,9,2.02295082
2020/7/10 4:00,0,0,0,0,0,0,0,0,6,0.346551724
2020/7/10 5:00,0,0,0,0,0,0,0,0,1,0.233333333
2020/7/10 6:00,0,0,0,0,0,0,0,0,,
2020/7/10 7:00,0,0,0,0,0,0,0,0,2,0.5
2020/7/10 8:00,0,0,0,0,0,0,0,0,2,0.475
2020/7/10 9:00,0,0,0,0,0,0,0,0,1,0.4
2020/7/10 10:00,0,0,0,0,0,0,0,0,2,0.59
2020/7/10 11:00,0,0,0,0,0,0,0,0,2,0.655932203
2020/7/10 12:00,0,0,0,0,0,0,0,0,2,5.733333333
2020/7/10 13:00,0,0,0,0,0,0,0,0,2,7.982758621
2020/7/10 14:00,0,0,0,0,0,0,0,0,2,7.990909091
2020/7/10 15:00,0,0,0,0,0,0,0,0,2,4.828333333
2020/7/10 16:00,0,0,0,0,0,0,0,0,1,2.834090909
2020/7/10 17:00,0,0,0,0,0,0,0,0,1,7.401694915
2020/7/10 18:00,0,0,0,0,0,0,0,0,1,6.940740741
2020/7/10 19:00,0,0,0,0,0,0,0,0,2,6.061904762
2020/7/10 20:00,0,0,0,0,0,0,0,0,2,11.35964912
2020/7/10 21:00,0,0,0,0,0,0,0,0,3,9.984615385
2020/7/10 22:00,0,0,0,0,0,0,0,0,5,5.016
2020/7/10 23:00,0,0,0,0,0,0,0,0,6,3.8
2020/7/11 0:00,0,0,0,0,0,0,0,0,7,4.7
2020/7/11 1:00,0,0,0,0,0,0,0,0,6,5.753333333
2020/7/11 2:00,0,0,0,0,0,0,0,0,6,5
2020/7/11 3:00,0,0,0,0,0,0,0,0,6,3.85
2020/7/11 4:00,0,0,0,0,0,0,0,0,9,0.35
2020/7/11 5:00,0,0,0,0,0,0,0,0,2,0.557142857
2020/7/11 6:00,0,0,0,0,0,0,0,0,1,11.425
2020/7/11 7:00,0,0,0,0,0,0,0,0,2,12.5627451
2020/7/11 8:00,0,0,0,0,0,0,0,0,2,12.48571429
2020/7/11 9:00,0,0.1,0,0,0,0,0,0.2,1,14.78
2020/7/11 10:00,0,0,0,0,0,0,0,0,2,17.38333333
2020/7/11 11:00,0,0,0,0,0,0,0,0,2,18.81428571
2020/7/11 12:00,0,0,0,0,0,0,0,0,2,15.06666667
2020/7/11 13:00,0.7,1.2,0.7,0.8,0.5,0.4,0.5,1.7,1,11.5
2020/7/11 14:00,1,1.2,0.8,1,0.8,1.3,0.8,1.4,1,8.393220339
2020/7/11 15:00,0.6,0.7,0.3,0.3,0.4,0.6,0.3,0.8,1,14
2020/7/11 16:00,0.5,0.8,0.4,0.4,0.3,0.4,0.3,0.8,2,10.64833333
2020/7/11 17:00,0,0,0,0,0,0,0,0,2,7.078571429
2020/7/11 18:00,0,0,0.1,0,0,0,0,0,2,6.822727273
2020/7/11 19:00,0,0.1,0,0.1,0.1,0.1,0.1,0.1,2,6.861666667
2020/7/11 20:00,0,0,0.2,0,0,0,0,0,2,6.962222222
2020/7/11 21:00,0,0.1,0,0,0,0,0,0,2,4.042105263
2020/7/11 22:00,0,0,0,0,0,0,0,0,2,2.638333333
2020/7/11 23:00,0,0,0,0,0,0,0,0,10,1.428333333
2020/7/12 0:00,0,0,0,0,0,0,0,0,9,5.541666667
2020/7/12 1:00,0,0,0,0,0,0,0,0,9,7.101694915
2020/7/12 2:00,0,0,0,0,0,0,0,0,10,7.805172414
2020/7/12 3:00,0,0,0,0,0,0,0,0,10,7.018333333
2020/7/12 4:00,0,0,0,0,0,0,0,0,11,5.236666667
2020/7/12 5:00,0,0,0,0,0,0,0,0,3,5.655172414
2020/7/12 6:00,0,0,0,0,0,0,0,0,1,7.765454545
2020/7/12 7:00,0,0,0,0,0,0,0,0,1,10.14333333
2020/7/12 8:00,0,0,0,0,0,0,0,0,1,12.78333333
2020/7/12 9:00,0,0,0,0,0,0,0,0,1,11.92391304
2020/7/12 10:00,0,0,0,0,0,0,0,0,1,11.74411765
2020/7/12 11:00,0,0,0,0,0,0,0,0,2,10.012
2020/7/12 12:00,0,0,0,0,0,0,0,0,2,11.5
2020/7/12 13:00,0,0,0,0,0,0,0,0,,
2020/7/12 14:00,0,0,0,0,0,0,0,0,1,10.90555556
2020/7/12 15:00,0,0,0,0,0,0,0,0,2,8.218333333
2020/7/12 16:00,0,0,0,0,0,0,0,0,1,9.756666667
2020/7/12 17:00,0,0,0,0,0,0,0,0,2,10.15185185
2020/7/12 18:00,0,0,0,0,0,0,0,0,2,4.634545455
2020/7/12 19:00,0,0,0,0,0,0,0,0,4,1.196
2020/7/12 20:00,0,0,0,0,0,0,0,0,7,3.608510638
2020/7/12 21:00,0,0,0,0,0,0,0,0,7,6.431578947
2020/7/12 22:00,0,0,0,0,0,0,0,0,7,6.709302326
2020/7/12 23:00,0,0,0,0,0,0,0,0,7,6.815
2020/7/13 0:00,0,0,0,0,0,0,0,0,7,6.702777778
2020/7/13 1:00,0,0,0,0,0,0,0,0,9,5.818333333
2020/7/13 2:00,0,0,0,0,0,0,0,0,9,2.798275862
2020/7/13 3:00,0,0,0,0,0,0,0,0,5,0.176666667
2020/7/13 4:00,0,0,0,0,0,0,0,0,3,0.204347826
2020/7/13 5:00,0,0,0,0,0,0,0,0,6,0.187096774
2020/7/13 6:00,0,0,0,0,0,0,0,0,8,0.265789474
2020/7/13 7:00,0,0,0,0,0,0,0,0,8,0.405555556
2020/7/13 8:00,0,0,0,0,0,0,0,0,8,5.846666667
2020/7/13 9:00,0,0,0,0,0,0,0,0,7,6.118333333
2020/7/13 10:00,0,0,0,0,0,0,0,0,7,7.708333333
2020/7/13 11:00,0,0,0,0,0,0,0,0,7,7.58
2020/7/13 12:00,0,0,0,0,0,0,0,0,7,9.883333333
2020/7/13 13:00,0,0,0,0,0,0,0,0,7,10.22978723
2020/7/13 14:00,0,0,0,0,0,0,0,0,8,11.3826087
2020/7/13 15:00,0,0,0,0,0,0,0,0,8,13.765
2020/7/13 16:00,0.1,0.3,0,0.2,0.1,0,0.1,0.3,8,9.74
2020/7/13 17:00,0.9,1.1,0.8,0.9,0.3,1,0.4,1.2,3,4.406
2020/7/13 18:00,0.8,1.2,0.6,0.6,0.4,0.6,0.8,1.1,1,4.768181818
2020/7/13 19:00,2.1,2.4,2.5,2.1,1.6,2,2,2.1,2,5.391666667
2020/7/13 20:00,0.2,0.3,0.3,0.4,0.3,0.5,0.1,0.2,4,3.538983051
2020/7/13 21:00,0,0,0,0,0,0,0,0,12,1.458333333
2020/7/13 22:00,0,0,0,0,0,0,0,0,11,1.84
2020/7/13 23:00,0,0,0,0,0,0,0,0,10,2.015
2020/7/14 0:00,0,0,0,0,0,0,0,0,9,5.771666667
2020/7/14 1:00,0,0,0,0,0,0,0,0,9,12.82833333
2020/7/14 2:00,0,0,0,0,0,0,0,0,9,13.93157895
2020/7/14 3:00,0,0,0,0,0,0,0,0,9,11.46034483
2020/7/14 4:00,0,0,0,0,0,0,0,0,9,11.10333333
2020/7/14 5:00,0,0,0,0,0,0,0,0,9,7.672727273
2020/7/14 6:00,0,0,0,0,0,0,0,0,8,5.78
2020/7/14 7:00,0,0,0,0,0,0,0,0,9,3.786486486
2020/7/14 8:00,0,0,0,0,0,0,0,0,8,2.411111111
2020/7/14 9:00,0,0,0,0,0,0,0,0,5,1.930952381
2020/7/14 10:00,0,0,0,0,0,0,0,0,2,5.838461538
2020/7/14 11:00,0,0,0,0,0,0,0,0,3,4.065
2020/7/14 12:00,0,0,0,0,0,0,0,0,2,5.583333333
2020/7/14 13:00,0,0,0,0,0,0,0,0,2,7.097619048
2020/7/14 14:00,0,0,0,0,0,0,0,0,1,10.95
2020/7/14 15:00,0,0,0,0,0,0,0,0,1,10.17894737
2020/7/14 16:00,0,0,0,0,0,0,0,0,1,11.39130435
2020/7/14 17:00,0,0,0,0,0,0,0,0,1,11.61081081
2020/7/14 18:00,0,0,0,0,0,0,0,0,1,8.12
2020/7/14 19:00,0,0,0,0,0,0,0,0,1,7.173913043
2020/7/14 20:00,0,0,0,0,0,0,0,0,1,3.163414634
2020/7/14 21:00,0,0,0,0,0,0,0,0,3,0.32195122
2020/7/14 22:00,0,0,0,0,0,0,0,0,7,0.608333333
2020/7/14 23:00,0,0,0,0,0,0,0,0,11,0.596363636
2020/7/15 0:00,0,0,0,0,0,0,0,0,11,0.18125
2020/7/15 1:00,0,0,0,0,0,0,0,0,4,0.213043478
2020/7/15 2:00,0,0,0,0,0,0,0,0,1,0.33559322
2020/7/15 3:00,0,0,0,0,0,0,0,0,1,0.455932203
2020/7/15 4:00,0,0,0,0,0,0,0,0,1,0.481666667
2020/7/15 5:00,0,0,0,0,0,0,0,0,2,0.433333333
2020/7/15 6:00,0,0,0,0,0,0,0,0,2,0.395
2020/7/15 7:00,0,0,0,0,0,0,0,0,2,0.509090909
2020/7/15 8:00,0,0,0,0,0,0,0,0,2,0.502941176
2020/7/15 9:00,0,0,0,0,0,0,0,0,2,0.53
2020/7/15 10:00,0,0,0,0,0,0,0,0,2,2.37804878
2020/7/15 11:00,0,0,0,0,0,0,0,0,1,6.958333333
2020/7/15 12:00,0,0,0,0,0,0,0,0,1,7.122
2020/7/15 13:00,0,0,0,0,0,0,0,0,2,7.341666667
2020/7/15 14:00,0,0,0,0,0,0,0,0,1,9.171428571
2020/7/15 15:00,0,0,0,0,0,0,0,0,1,9.798333333
2020/7/15 16:00,0,0,0,0,0,0,0,0,2,9.118181818
2020/7/15 17:00,0,0,0,0,0,0,0,0,1,7.717647059
2020/7/15 18:00,0,0,0,0,0,0,0,0,2,5.96
2020/7/15 19:00,0,0,0,0,0,0,0,0,1,9.4625
2020/7/15 20:00,0,0,0,0,0,0,0,0,2,8.58125
2020/7/15 21:00,0,0,0,0,0,0,0,0,2,10.45833333
2020/7/15 22:00,0,0,0,0,0,0,0,0,1,10.76666667
2020/7/15 23:00,0,0,0,0,0,0,0,0,1,12.67857143
2020/7/16 0:00,0,0,0,0,0,0,0,0,1,12.7
2020/7/16 1:00,0,0,0,0,0,0,0,0,,
2020/7/16 2:00,0,0,0,0,0,0,0,0,,
2020/7/16 3:00,0,0,0,0,0,0,0,0,2,4.636585366
2020/7/16 4:00,0,0,0,0,0,0,0,0.1,1,8.328333333
2020/7/16 5:00,0.2,0.8,0,0.2,0,0.2,0.1,0.8,2,9.83220339
2020/7/16 6:00,0,0,0,0,0,0.1,0,0,2,14.215
2020/7/16 7:00,0,0,0,0,0,0,0,0,2,12.59833333
2020/7/16 8:00,0,0,0,0,0,0,0,0,2,11.64333333
2020/7/16 9:00,0,0.1,0,0,0,0,0,0.1,2,11.415
2020/7/16 10:00,0,0,0,0,0,0,0,0,1,10.92166667
2020/7/16 11:00,0.1,0.2,0,0,0,0,0.1,0.2,2,10.82
2020/7/16 12:00,1.1,1.4,1,1.2,0.4,0.9,0.9,1.4,2,9.531666667
2020/7/16 13:00,0.3,0.2,0.5,0.2,0.5,0.5,0.2,0.2,2,6.23030303
2020/7/16 14:00,0,0,0.1,0.1,0,0.1,0,0,1,6.731707317
2020/7/16 15:00,0,0,0,0,0,0,0,0,2,5.216666667
2020/7/16 16:00,0,0,0,0,0,0,0,0,2,4.395652174
2020/7/16 17:00,0,0,0,0,0,0,0,0,4,0.439473684
2020/7/16 18:00,0,0,0,0,0,0,0.1,0,3,0.386666667
2020/7/16 19:00,0.1,0,0,0.1,0.1,0,0,0,2,0.5
2020/7/16 20:00,0,0,0,0,0.1,0.1,0.1,0.1,1,0.544067797
2020/7/16 21:00,0,0,0.2,0,0,0,0,0,1,0.558333333
2020/7/16 22:00,0,0,0,0,0,0,0,0,2,0.528333333
2020/7/16 23:00,0,0,0,0,0,0,0,0,1,0.388333333
2020/7/17 0:00,0,0,0,0,0,0,0,0,1,0.344067797
2020/7/17 1:00,0,0,0,0,0,0,0,0,9,2.403333333
2020/7/17 2:00,0,0,0,0,0,0,0,0,2,9.223076923
2020/7/17 3:00,0,0,0,0,0,0,0,0,2,13.19322034
2020/7/17 4:00,0,0,0,0,0,0,0,0,1,11.09666667
2020/7/17 5:00,0,0,0,0,0,0,0,0,2,9.976666667
2020/7/17 6:00,0,0,0,0,0,0,0,0,2,8.661666667
2020/7/17 7:00,0,0,0,0,0,0,0,0,2,8.278571429
2020/7/17 8:00,0,0,0,0,0,0,0,0,2,10.26101695
2020/7/17 9:00,0,0,0,0,0,0,0,0,2,8.417391304
2020/7/17 10:00,0,0,0,0,0,0,0,0,2,6.488235294
2020/7/17 11:00,0,0,0,0,0,0,0,0,2,6.811320755
2020/7/17 12:00,0,0,0,0,0,0,0,0,2,8.988372093
2020/7/17 13:00,0,0,0,0,0,0,0,0,2,11.94833333
2020/7/17 14:00,0,0,0,0,0,0,0,0,2,11.85964912
2020/7/17 15:00,3.8,1.5,2.1,3,0.8,2.6,1.5,2,2,8.689473684
2020/7/17 16:00,0.7,1.9,0.9,0.8,0.4,0.9,0.4,2.1,1,15.41525424
2020/7/17 17:00,0.1,0,0,0,0,0.2,0,0,1,11.08135593
2020/7/17 18:00,0,0,0,0,0,0,0,0,1,13.35833333
2020/7/17 19:00,0,0,0,0,0,0,0,0,1,20.45833333
2020/7/17 20:00,0.5,1,1.1,0.6,0.4,0.4,0.9,1.1,1,18.22666667
2020/7/17 21:00,0.4,0.9,0.4,0.3,0.5,0.4,0.4,0.9,1,16.235
2020/7/17 22:00,0.7,0.8,0.9,0.6,0.4,0.8,0.6,0.9,1,13.11333333
2020/7/17 23:00,0.7,1.1,0.7,0.8,0.5,0.8,0.6,1,1,11.97166667
2020/7/18 0:00,1.6,1.8,1.2,1.3,0.6,1.4,0.8,2,1,13.735
2020/7/18 1:00,1.4,1.9,1.4,1.5,0.6,1.4,1.1,2.1,1,14.16333333
2020/7/18 2:00,1.2,2.5,1.7,1.5,0.8,1.4,0.8,2.5,1,18.45423729
2020/7/18 3:00,2,2.4,2.7,1.9,1.1,2.2,1.4,2.3,1,21.74186047
2020/7/18 4:00,0.3,0.2,0.2,0.2,0.1,0.4,0.3,0.1,1,17.25
2020/7/18 5:00,0,0,0,0,0,0,0,0,1,17.61875
2020/7/18 6:00,0,0,0,0,0,0,0,0,1,19.315
2020/7/18 7:00,0.4,0.5,0.7,0.5,0.3,0.4,0.4,0.8,1,16.07
2020/7/18 8:00,0,0,0,0,0,0.1,0,0,1,11.35084746
2020/7/18 9:00,0,0,0,0,0,0,0,0,1,12.30833333
2020/7/18 10:00,0,0,0,0,0,0,0,0,1,10.27333333
2020/7/18 11:00,0,0,0,0,0,0,0,0,1,9.688
2020/7/18 12:00,0,0,0,0,0,0,0,0,2,5.387096774
2020/7/18 13:00,0,0,0,0,0,0,0,0,2,13.36
2020/7/18 14:00,0.4,0.8,0,0.4,0,0,0,1.6,2,17.15384615
2020/7/18 15:00,0.2,0,0.7,0.1,0,0.6,0.3,0.1,1,17.64181818
2020/7/18 16:00,0,0,0,0,0,0,0,0,2,16.98333333
2020/7/18 17:00,0,0,0,0,0,0,0,0,2,16.9875
2020/7/18 18:00,0,0,0,0,0,0,0,0,2,13.34166667
2020/7/18 19:00,0,0,0,0,0,0,0,0,2,12.93333333
2020/7/18 20:00,0,0,0,0,0,0,0,0,1,12.25666667
2020/7/18 21:00,0,0,0,0,0,0,0,0,1,11.14705882
2020/7/18 22:00,0,0,0,0,0,0,0,0,1,7.279245283
2020/7/18 23:00,0,0,0,0,0,0,0,0,1,3.415254237
2020/7/19 0:00,0,0,0,0,0,0,0,0,7,1.176271186
2020/7/19 1:00,0,0,0,0,0,0,0,0,9,2.696666667
2020/7/19 2:00,0,0,0,0,0,0,0,0,9,4.213559322
2020/7/19 3:00,0,0,0,0,0,0,0,0,9,5.406666667
2020/7/19 4:00,0,0,0,0,0,0,0,0,10,4.836666667
2020/7/19 5:00,0,0,0,0,0,0,0,0,2,4.195
2020/7/19 6:00,0,0,0,0,0,0,0,0,2,5.116666667
2020/7/19 7:00,0,0,0,0,0,0,0,0,2,4.456603774
2020/7/19 8:00,0,0,0,0,0,0,0,0,2,4.936956522
2020/7/19 9:00,0,0,0,0,0,0,0,0,2,4.716666667
2020/7/19 10:00,0,0,0,0,0,0,0,0,3,0.3875
2020/7/19 11:00,0,0,0,0,0,0,0,0,1,2.23
2020/7/19 12:00,0,0,0,0,0,0,0,0,1,6.667857143
2020/7/19 13:00,0,0,0,0,0,0,0,0,1,9.515
2020/7/19 14:00,0,0,0,0,0,0,0,0,1,8.910169492
2020/7/19 15:00,0,0,0,0,0,0,0,0,2,10.11666667
2020/7/19 16:00,0,0,0,0,0,0,0,0,2,10.66779661
2020/7/19 17:00,0,0,0,0,0,0,0,0,2,8.741666667
2020/7/19 18:00,0,0,0,0,0,0,0,0,3,4.351666667
2020/7/19 19:00,0,0,0,0,0,0,0,0,5,0.473333333
2020/7/19 20:00,0,0,0,0,0,0,0,0,7,0.416071429
2020/7/19 21:00,0,0,0,0,0,0,0,0,6,0.589130435
2020/7/19 22:00,0,0,0,0,0,0,0,0,7,1.266101695
2020/7/19 23:00,0,0,0,0,0,0,0,0,8,12.64444444
2020/7/20 0:00,0,0,0,0,0,0,0,0,8,12.915
2020/7/20 1:00,0,0,0,0,0,0,0,0,8,13.77
2020/7/20 2:00,0,0,0,0,0,0,0,0,8,12.55423729
2020/7/20 3:00,0,0,0,0,0,0,0,0,8,12.59333333
2020/7/20 4:00,0,0,0,0,0,0,0,0,8,12.91333333
2020/7/20 5:00,0,0,0,0,0,0,0,0,8,12.255
2020/7/20 6:00,0,0,0,0,0,0,0,0,8,11.83
2020/7/20 7:00,0,0,0,0,0,0,0,0,8,10.93571429
2020/7/20 8:00,0,0,0,0,0,0,0,0,8,8.943333333
2020/7/20 9:00,0,0,0,0,0,0,0,0,8,7.490909091
2020/7/20 10:00,0,0,0,0,0,0,0,0,8,6.217241379
2020/7/20 11:00,0,0,0,0,0,0,0,0,7,5.063333333
2020/7/20 12:00,0,0,0,0,0,0,0,0,6,4.42
2020/7/20 13:00,0,0,0,0,0,0,0,0,4,2.261764706
2020/7/20 14:00,0,0,0,0,0,0,0,0,2,7.282978723
2020/7/20 15:00,0,0,0,0,0,0,0,0,2,8.622
2020/7/20 16:00,0,0,0,0,0,0,0,0,2,5.177777778
2020/7/20 17:00,0,0,0,0,0,0,0,0,8,2.258823529
2020/7/20 18:00,0,0,0,0,0,0,0,0,10,3.120338983
2020/7/20 19:00,0,0,0,0,0,0,0,0,9,2.87
2020/7/20 20:00,0,0,0,0,0,0,0,0,9,5.762068966
2020/7/20 21:00,0,0,0,0,0,0,0,0,9,7.891666667
2020/7/20 22:00,0,0,0,0,0,0,0,0,8,9.5
2020/7/20 23:00,0,0,0,0,0,0,0,0,8,8.306779661
2020/7/21 0:00,0,0,0,0,0,0,0,0,8,6.57
2020/7/21 1:00,0,0,0,0,0,0,0,0,,
2020/7/21 2:00,0,0,0,0,0,0,0,0,,
2020/7/21 3:00,0,0,0,0,0,0,0,0,,
2020/7/21 4:00,0,0,0,0,0,0,0,0,,
2020/7/21 5:00,0,0,0,0,0,0,0,0,1,15.85
2020/7/21 6:00,0,0,0,0,0,0,0,0,1,15.05238095
2020/7/21 7:00,0,0,0,0,0,0,0,0,1,12.5
2020/7/21 8:00,0,0,0,0,0,0,0,0,2,11.478125
2020/7/21 9:00,0,0,0,0,0,0,0,0,2,12.10930233
2020/7/21 10:00,0,0,0,0,0,0,0,0,2,12.74074074
2020/7/21 11:00,0,0,0,0,0,0,0,0,2,11.97575758
2020/7/21 12:00,0,0,0,0,0,0,0,0,1,10.77708333
2020/7/21 13:00,0,0,0,0,0,0,0,0,2,8.415625
2020/7/21 14:00,0,0,0,0,0,0,0,0,3,5.925454545
2020/7/21 15:00,0,0,0,0,0,0,0,0,1,0.51875
2020/7/21 16:00,0,0,0,0,0,0,0,0,2,0.490163934
2020/7/21 17:00,0,0,0,0,0,0,0,0,2,0.473684211
2020/7/21 18:00,0,0,0,0,0,0,0,0,2,0.426984127
2020/7/21 19:00,0,0,0,0,0,0,0,0,2,0.403333333
2020/7/21 20:00,0,0,0,0,0,0,0,0,2,0.4
2020/7/21 21:00,0,0,0,0,0,0,0,0,2,0.398333333
2020/7/21 22:00,0,0,0,0,0,0,0,0,4,0.222222222
2020/7/21 23:00,0,0,0,0,0,0,0,0,8,0.239285714
2020/7/22 0:00,0,0,0,0,0,0,0,0,9,3.669230769
2020/7/22 1:00,0,0,0,0,0,0,0,0,9,5.90625
2020/7/22 2:00,0,0,0,0,0,0,0,0,9,5.6
2020/7/22 3:00,0,0,0,0,0,0,0,0,10,6.67
2020/7/22 4:00,0,0,0,0,0,0,0,0,10,6.38
2020/7/22 5:00,0,0,0,0,0,0,0,0,12,5.958536585
2020/7/22 6:00,0,0,0,0,0,0,0,0,9,3.823255814
2020/7/22 7:00,0,0,0,0,0,0,0,0,1,11.89795918
2020/7/22 8:00,0,0,0,0,0,0,0,0,1,14.65
2020/7/22 9:00,0,0,0,0,0,0,0,0,1,14.55357143
2020/7/22 10:00,0,0,0,0,0,0,0,0,2,10.46
2020/7/22 11:00,0,0,0,0,0,0,0,0,2,9.27037037
2020/7/22 12:00,0,0,0,0,0,0,0,0,1,8.186206897
2020/7/22 13:00,0,0,0,0,0,0,0,0,2,8.718965517
2020/7/22 14:00,0,0,0,0,0,0,0,0,2,7.931034483
2020/7/22 15:00,0,0,0,0,0,0,0,0,2,7.472881356
2020/7/22 16:00,0,0,0,0,0,0,0,0,1,1.73125
2020/7/22 17:00,0,0,0,0,0,0,0,0,2,2.434482759
2020/7/22 18:00,0.7,0,0,0.3,0,0,0,0,2,8.002857143
2020/7/22 19:00,0.3,0.1,0.4,0.4,0.3,0.6,0.7,0.1,2,6.871186441
2020/7/22 20:00,0.2,0,0.2,0.2,1.7,0.2,0.8,0,2,7.303030303
2020/7/22 21:00,0.1,0.1,0.3,0.1,0.1,0.1,0.4,0,2,8.333333333
2020/7/22 22:00,0,0,0,0.1,0,0.1,0,0,2,7.4125
2020/7/22 23:00,0,0,0,0,0,0,0,0,2,6.047727273
2020/7/23 0:00,0,0,0,0,0,0,0,0,3,4.417857143
2020/7/23 1:00,0,0,0,0,0,0,0,0,2,5.808
2020/7/23 2:00,0.1,0,0.2,0.1,0,0,0.1,0.1,2,5.75
2020/7/23 3:00,0,0.1,0,0.1,0.2,0,0.1,0.1,2,5.585
2020/7/23 4:00,1,0.8,0.8,0.7,0.5,0.8,0.5,0.9,3,4.646551724
2020/7/23 5:00,3.1,3.4,2.1,3.1,1.4,2.4,1.4,3.4,3,4.936666667
2020/7/23 6:00,1.6,2.3,2.1,1.6,2.2,2.2,1.8,2.3,2,3.985
2020/7/23 7:00,4.4,5.3,4.8,3.9,4,3,4.2,5.4,2,5.298333333
2020/7/23 8:00,0.9,0.7,1.7,0.9,1,2.3,0.7,0.6,2,5.077966102
2020/7/23 9:00,0,0,0,0,0,0,0,0,2,5.373684211
2020/7/23 10:00,0.1,0.2,0.4,0.1,0.2,0.1,0.3,0.3,2,4.171666667
2020/7/23 11:00,0,0,0,0.1,0,0,0,0,2,4.416666667
2020/7/23 12:00,0,0,0,0,0,0,0,0,2,4.66
2020/7/23 13:00,0,0,0,0,0,0,0,0,1,4.75
2020/7/23 14:00,0,0,0,0,0,0,0,0,2,0.4125
2020/7/23 15:00,0,0,0,0,0,0,0,0,2,0.470588235
2020/7/23 16:00,0,0,0,0,0,0,0,0,2,0.389830508
2020/7/23 17:00,0,0,0,0,0,0,0,0,2,0.406666667
2020/7/23 18:00,0,0.2,0,0.1,0,0,0,0,2,0.41
2020/7/23 19:00,0.1,0.4,0,0.1,0,0.1,0,0.1,2,0.253333333
2020/7/23 20:00,0,0,0,0,0,0,0,0,2,0.192156863
2020/7/23 21:00,0,0,0,0,0,0,0,0,8,2.325
2020/7/23 22:00,0,0,0,0,0,0,0,0,9,4.7
2020/7/23 23:00,0,0,0,0,0,0,0,0,8,5.481818182
2020/7/24 0:00,0,0,0,0,0,0,0,0,7,4.625
2020/7/24 1:00,0,0,0,0,0,0,0,0,7,5.422222222
2020/7/24 2:00,0,0,0,0,0,0,0,0,6,3.213636364
2020/7/24 3:00,0,0,0,0,0,0,0,0,7,3.5
2020/7/24 4:00,0,0,0,0,0,0,0,0,8,4.846153846
2020/7/24 5:00,0,0,0,0,0,0,0,0,8,5.2625
2020/7/24 6:00,0,0,0,0,0,0,0,0,6,1.92
2020/7/24 7:00,0,0,0,0,0,0,0,0,8,0.796969697
2020/7/24 8:00,0,0,0,0,0,0,0,0,8,1.147619048
2020/7/24 9:00,0,0,0,0,0,0,0,0,8,0.9375
2020/7/24 10:00,0,0,0,0,0,0,0,0,2,0.348333333
2020/7/24 11:00,0,0,0,0,0,0,0,0,1,0.366666667
2020/7/24 12:00,0,0,0,0,0,0,0,0,2,0.45862069
2020/7/24 13:00,0,0,0,0,0,0,0,0,2,0.55
2020/7/24 14:00,0,0.1,0,0,0,0,0,0.1,2,0.529268293
2020/7/24 15:00,0,0,0,0,0,0,0,0,2,13.63559322
2020/7/24 16:00,0,0.2,0,0,0,0,0,0.3,1,16.74333333
2020/7/24 17:00,0,0.5,0,0,0,0,0,0.6,2,17.88333333
2020/7/24 18:00,0,0.2,0,0,0,0,0,0.4,2,20.39666667
2020/7/24 19:00,0,0.2,0.1,0,0,0,0.1,0.3,1,19.5893617
2020/7/24 20:00,0.1,0.3,0,0,0.1,0.1,0,0.5,1,20.67166667
2020/7/24 21:00,0.2,0.2,0.2,0.2,0,0.2,0,0.2,1,20.67
2020/7/24 22:00,0.3,0.5,0.2,0.1,0,0.2,0.1,0.6,1,21.20166667
2020/7/24 23:00,0,0,0,0,0,0,0,0,1,18.16
2020/7/25 0:00,0,0,0,0,0,0,0.1,0,1,20.985
2020/7/25 1:00,0,0,0,0,0,0,0,0,1,22.38666667
2020/7/25 2:00,0,0,0,0,0,0,0,0,1,22.51525424
2020/7/25 3:00,0,0,0,0,0,0,0,0,1,21.71355932
2020/7/25 4:00,0,0,0,0,0,0,0,0,1,20.84166667
2020/7/25 5:00,0,0,0.2,0,0,0,0.1,0,1,16.755
2020/7/25 6:00,0,0,0,0,0,0,0,0,1,15.54333333
2020/7/25 7:00,0,0,0,0,0,0,0,0,1,16.794
2020/7/25 8:00,0,0,0,0,0,0,0,0,1,16.74705882
2020/7/25 9:00,0,0,0,0,0,0,0,0,,
2020/7/25 10:00,0,0,0,0,0,0,0,0,2,11.03333333
2020/7/25 11:00,0,0,0,0,0,0,0,0,2,1.443478261
2020/7/25 12:00,0,0,0,0,0,0,0,0,1,5.695833333
2020/7/25 13:00,0,0,0,0,0,0,0,0,1,4.62
2020/7/25 14:00,0,0,0,0,0,0,0,0,2,9.133333333
2020/7/25 15:00,0,0,0,0,0,0,0,0,2,11.14
2020/7/25 16:00,0,0,0,0,0,0,0,0,2,8.9625
2020/7/25 17:00,0,0,0,0,0,0,0,0,2,11.33529412
2020/7/25 18:00,0,0,0,0,0,0,0,0,2,12.54285714
2020/7/25 19:00,0,0,0,0,0,0,0,0,2,14.24
2020/7/25 20:00,0,0,0,0,0,0,0,0,2,7.777777778
2020/7/25 21:00,0,0,0,0,0,0,0,0,2,5.526923077
2020/7/25 22:00,0,0,0,0,0,0,0,0,2,5.755882353
2020/7/25 23:00,0,0,0,0,0,0,0,0,2,5.306818182
2020/7/26 0:00,0,0,0,0,0,0,0,0,1,6.147727273
2020/7/26 1:00,0,0,0,0,0,0,0,0,1,11.142
2020/7/26 2:00,0,0,0,0,0,0,0,0,1,8.63877551
2020/7/26 3:00,0,0,0,0,0,0,0,0,6,7.398333333
2020/7/26 4:00,0,0,0,0,0,0,0,0,1,10.99666667
2020/7/26 5:00,0,0,0,0,0,0,0,0,1,12.055
2020/7/26 6:00,0,0,0,0,0,0,0,0,1,10.05116279
2020/7/26 7:00,0,0,0,0,0,0,0,0,1,14.13877551
2020/7/26 8:00,0,0,0,0,0,0,0,0,1,15.21578947
2020/7/26 9:00,0,0,0,0,0,0,0,0,1,15.65263158
2020/7/26 10:00,0,0,0,0,0,0,0,0,1,15.25272727
2020/7/26 11:00,0,0,0,0,0,0,0,0,1,16.86666667
2020/7/26 12:00,0,0,0,0,0,0,0,0,1,16.19
2020/7/26 13:00,0,0,0,0,0,0,0,0,1,15.02142857
2020/7/26 14:00,0,0,0,0,0,0,0,0,1,15.9
2020/7/26 15:00,0,0,0,0,0,0,0,0,2,15.88333333
2020/7/26 16:00,0,0,0,0,0,0,0,0,,
2020/7/26 17:00,0,0,0,0,0,0,0,0,1,15.1625
2020/7/26 18:00,0,0,0,0,0,0,0,0,1,14.82857143
2020/7/26 19:00,0,0,0,0,0,0,0,0,1,12.99722222
2020/7/26 20:00,0,0,0,0,0,0,0,0,1,12.77096774
2020/7/26 21:00,0,0,0,0,0,0,0,0,1,9.713333333
2020/7/26 22:00,0,0,0,0,0,0,0,0,2,11.25581395
2020/7/26 23:00,0,0,0,0,0,0,0,0,2,9.814705882
2020/7/27 0:00,0,0,0,0,0,0,0,0,1,8.446666667
2020/7/27 1:00,0,0,0,0,0,0,0,0,1,7.034920635
2020/7/27 2:00,0,0,0,0,0,0,0,0,2,7.003389831
2020/7/27 3:00,0,0,0,0,0,0,0,0,2,6.961666667
2020/7/27 4:00,0,0,0,0,0,0,0,0,2,6.271186441
2020/7/27 5:00,0,0,0,0,0,0,0,0,2,5.3640625
2020/7/27 6:00,0,0,0,0,0,0,0,0,1,4.932432432
2020/7/27 7:00,0,0,0,0,0,0,0,0,1,4.546666667
2020/7/27 8:00,0,0,0,0,0,0,0,0,1,4.905
2020/7/27 9:00,0,0,0,0,0,0,0,0,1,6.552272727
2020/7/27 10:00,0,0,0,0,0,0,0,0,1,6.035294118
2020/7/27 11:00,0,0,0,0,0,0,0,0,1,8.794594595
2020/7/27 12:00,0,0,0,0,0,0,0,0,2,6.833333333
2020/7/27 13:00,0,0,0,0,0,0,0,0,7,3.3
2020/7/27 14:00,0,0,0,0,0,0,0,0,9,3.675
2020/7/27 15:00,0,0,0,0,0,0,0,0,9,3.118333333
2020/7/27 16:00,0,0,0,0,0,0,0,0,7,1.112195122
2020/7/27 17:00,0,0,0,0,0,0,0,0,5,1.35
2020/7/27 18:00,0,0,0,0,0,0,0,0,9,5.78
2020/7/27 19:00,0.2,0.4,0,0.5,0,0.3,0,0.4,12,3.044
2020/7/27 20:00,0,0,0,0,0,0.1,0,0.1,9,8.65
2020/7/27 21:00,0,0,0,0,0,0,0,0,8,9.7
2020/7/27 22:00,0,0,0,0,0,0,0,0,10,5.467391304
2020/7/27 23:00,0,0,0,0,0,0,0,0,10,5.206666667
2020/7/28 0:00,0,0,0,0,0,0,0,0,10,5.068333333
2020/7/28 1:00,0,0,0,0,0,0,0,0,10,4.376
2020/7/28 2:00,0,0,0,0,0,0,0,0,11,3.139655172
2020/7/28 3:00,0,0,0,0,0,0,0,0,12,2.748333333
2020/7/28 4:00,0,0,0,0,0,0,0,0,12,2.481666667
2020/7/28 5:00,0,0,0,0,0,0,0,0,11,2.13
2020/7/28 6:00,0,0,0,0,0,0,0,0,2,2.138333333
2020/7/28 7:00,0,0,0,0,0,0,0,0,3,1.415151515
2020/7/28 8:00,0,0,0,0,0,0,0,0,8,0.336
2020/7/28 9:00,0,0,0,0,0,0,0,0,7,3.038461538
2020/7/28 10:00,0,0,0,0,0,0,0,0,8,5.415217391
2020/7/28 11:00,0,0,0,0,0,0,0,0,8,9.552777778
2020/7/28 12:00,0,0,0,0,0,0,0,0,8,10.18666667
2020/7/28 13:00,0,0,0,0,0,0,0,0,8,11.11016949
2020/7/28 14:00,0,0,0,0,0,0,0,0,8,11.08536585
2020/7/28 15:00,0,0,0,0,0,0,0,0,8,9.565
2020/7/28 16:00,0,0,0,0,0,0,0,0,8,10.08333333
2020/7/28 17:00,0,0,0,0,0,0,0,0,8,10.78833333
2020/7/28 18:00,0,0,0,0,0,0,0,0,8,9.591666667
2020/7/28 19:00,0,0,0,0,0,0,0,0,8,9.1
2020/7/28 20:00,0,0,0,0,0,0,0,0,8,9.62
2020/7/28 21:00,0,0,0,0,0,0,0,0,8,9.611666667
2020/7/28 22:00,0,0,0,0,0,0,0,0,8,10.52333333
2020/7/28 23:00,0,0,0,0,0,0,0,0,8,9.996666667
2020/7/29 0:00,0,0,0,0,0,0,0,0,8,10.85
2020/7/29 1:00,0,0,0,0,0,0,0,0,8,10.845
2020/7/29 2:00,0,0,0,0,0,0,0,0,9,7.541071429
2020/7/29 3:00,0,0,0,0,0,0,0,0,10,6.326666667
2020/7/29 4:00,0,0,0,0,0,0,0,0,10,5.103333333
2020/7/29 5:00,0,0,0,0,0,0,0,0,9,6.040677966
2020/7/29 6:00,0,0,0,0,0,0,0,0,7,6.019298246
2020/7/29 7:00,0,0,0,0,0,0,0,0,4,3.885185185
2020/7/29 8:00,0,0,0,0,0,0,0,0,,
2020/7/29 9:00,0,0,0,0,0,0,0,0,4,0.609090909
2020/7/29 10:00,0,0,0,0,0,0,0,0,3,4.018181818
2020/7/29 11:00,0,0,0,0,0,0,0,0,2,9.505
2020/7/29 12:00,0,0,0,0,0,0,0,0,,
2020/7/29 13:00,0,0,0,0,0,0,0,0,,
2020/7/29 14:00,0,0,0,0,0,0,0,0,2,12.15
2020/7/29 15:00,0,0,0,0,0,0,0,0,2,11.84375
2020/7/29 16:00,0,0,0,0,0,0,0,0,2,11.1037037
2020/7/29 17:00,0,0,0,0,0,0,0,0,2,9.885714286
2020/7/29 18:00,0,0,0,0,0,0,0,0,2,12.9
2020/7/29 19:00,0,0,0,0,0,0,0,0,1,9.002631579
2020/7/29 20:00,0,0,0,0,0,0,0,0,2,11.57142857
2020/7/29 21:00,0,0,0,0,0,0,0,0,2,15.24
2020/7/29 22:00,0,0,0,0,0,0,0,0,2,14.13829787
2020/7/29 23:00,0,0,0,0,0,0,0,0,2,14.43265306
2020/7/30 0:00,0,0,0,0,0,0,0,0,2,12.99333333
2020/7/30 1:00,0,0,0,0,0,0,0,0,2,11.05423729
2020/7/30 2:00,0,0,0,0,0,0,0,0,2,8.362711864
2020/7/30 3:00,0,0,0,0,0,0,0,0,2,5.05
2020/7/30 4:00,0,0,0,0,0,0,0,0,4,2.705
2020/7/30 5:00,0,0,0,0,0,0,0,0,5,1.605084746
2020/7/30 6:00,0,0,0,0,0,0,0,0,7,0.472881356
2020/7/30 7:00,0,0,0,0,0,0,0,0,3,0.425423729
2020/7/30 8:00,0,0,0,0,0,0,0,0,2,0.425
2020/7/30 9:00,0,0,0,0,0,0,0,0,2,0.458490566
2020/7/30 10:00,0,0,0,0,0,0,0,0,1,0.485714286
2020/7/30 11:00,0,0,0,0,0,0,0,0,1,0.628571429
2020/7/30 12:00,0,0,0,0,0,0,0,0,2,3.996296296
2020/7/30 13:00,0,0,0,0,0,0,0,0,1,11.25555556
2020/7/30 14:00,0,0,0,0,0,0,0,0,1,6.571428571
2020/7/30 15:00,0,0,0,0,0,0,0,0,3,3.571052632
2020/7/30 16:00,0,0,0,0,0,0,0,0,4,4.166666667
2020/7/30 17:00,0,0,0,0,0,0,0,0,1,7.372972973
2020/7/30 18:00,0,0,0,0,0,0,0,0,1,6.536538462
2020/7/30 19:00,0,0,0,0,0,0,0,0,2,8.196666667
2020/7/30 20:00,0,0,0,0,0,0,0,0,2,8.475862069
2020/7/30 21:00,0,0,0,0,0,0,0,0,2,6.176666667
2020/7/30 22:00,0,0,0,0,0,0,0,0,5,3.655932203
2020/7/30 23:00,0,0,0,0,0,0,0,0,8,4.935714286
2020/7/31 0:00,0,0,0,0,0,0,0,0,9,6.731818182
2020/7/31 1:00,0,0,0,0,0,0,0,0,8,5.94
2020/7/31 2:00,0,0,0,0,0,0,0,0,9,5.008823529
2020/7/31 3:00,0,0,0,0,0,0,0,0,11,4.605882353
2020/7/31 4:00,0,0,0,0,0,0,0,0,,
2020/7/31 5:00,0,0,0,0,0,0,0,0,14,2.366666667
2020/7/31 6:00,0,0,0,0,0,0,0,0,1,6.129824561
2020/7/31 7:00,0,0,0,0,0,0,0,0,1,8.873913043
2020/7/31 8:00,0,0,0,0,0,0,0,0,2,7.508571429
2020/7/31 9:00,0,0,0,0,0,0,0,0,2,5.630357143
2020/7/31 10:00,0,0,0,0,0,0,0,0,2,3.561538462
2020/7/31 11:00,0,0,0,0,0,0,0,0,2,4.8
2020/7/31 12:00,0,0,0,0,0,0,0,0,2,6.86122449
2020/7/31 13:00,0,0,0,0,0,0,0,0,2,8.027777778
2020/7/31 14:00,0,0,0,0,0,0,0,0,2,8.540540541
2020/7/31 15:00,0,0,0,0,0,0,0,0,1,0.533333333
2020/7/31 16:00,0,0,0,0,0,0,0,0,4,0.645098039
2020/7/31 17:00,0,0,0,0,0,0,0,0,1,0.432608696
2020/7/31 18:00,0,0,0,0,0,0,0,0,5,2.871428571
2020/7/31 19:00,0,0,0,0,0,0,0,0,,
2020/7/31 20:00,0,0,0,0,0,0,0,0,8,4.881818182
2020/7/31 21:00,0,0,0,0,0,0,0,0,9,5.976666667
2020/7/31 22:00,0,0,0,0,0,0,0,0,10,6.084745763
2020/7/31 23:00,0,0,0,0,0,0,0,0,10,6.622727273
2020/8/1 0:00,0,0,0,0,0,0,0,0,10,5.068333333
2020/8/1 1:00,0,0,0,0,0,0,0,0,9,5.2
2020/8/1 2:00,0,0,0.2,0,0,0,0.3,0,9,11.71463415
2020/8/1 3:00,0,0,0,0,0,0,0,0,9,8.668333333
2020/8/1 4:00,0,0,0,0,0,0,0,0,10,5.373333333
2020/8/1 5:00,0,0,0,0,0,0,0,0,9,6.551666667
2020/8/1 6:00,0,0,0,0,0,0,0,0,9,9.826666667
2020/8/1 7:00,0,0,0,0,0,0,0,0,11,6.181666667
2020/8/1 8:00,0,0,0,0,0,0,0,0,11,6.096969697
2020/8/1 9:00,0,0,0,0,0,0,0,0,11,4.090566038
2020/8/1 10:00,0,0,0,0,0,0,0,0,11,5.682758621
2020/8/1 11:00,0,0,0,0,0,0,0,0,10,4.255172414
2020/8/1 12:00,0,0,0,0,0,0,0,0,4,0.840740741
2020/8/1 13:00,0,0,0,0,0,0,0,0,2,5.944680851
2020/8/1 14:00,0,0,0,0,0,0,0,0,1,9.415789474
2020/8/1 15:00,0,0,0,0,0,0,0,0,1,9.902702703
2020/8/1 16:00,0,0,0,0,0,0,0,0,2,13.225
2020/8/1 17:00,0,0,0,0,0,0,0,0,1,12.08695652
2020/8/1 18:00,0,0,0,0,0,0,0,0,2,4.958333333
2020/8/1 19:00,0,0,0,0,0,0,0,0,4,0.210526316
2020/8/1 20:00,0,0,0,0,0,0,0,0,4,0.264285714
2020/8/1 21:00,0,0,0,0,0,0,0,0,2,0.376666667
2020/8/1 22:00,0,0,0,0,0,0,0,0,2,0.493333333
2020/8/1 23:00,0,0,0,0,0,0,0,0,2,0.608333333
2020/8/2 0:00,0,0,0,0,0,0,0,0,2,0.604255319
2020/8/2 1:00,0,0,0,0,0,0,0,0,2,0.474603175
2020/8/2 2:00,0,0,0,0,0,0,0,0,3,0.460869565
2020/8/2 3:00,0,0,0,0,0,0,0,0,2,0.230952381
2020/8/2 4:00,0,0,0,0,0,0,0,0,8,2.053333333
2020/8/2 5:00,0,0,0,0,0,0,0,0,8,6.105882353
2020/8/2 6:00,0,0,0,0,0,0,0,0,8,7.181666667
2020/8/2 7:00,0,0,0,0,0,0,0,0,8,7.308474576
2020/8/2 8:00,0,0,0,0,0,0,0,0,8,6.204651163
2020/8/2 9:00,0,0,0,0,0,0,0,0,8,5.417647059
2020/8/2 10:00,0,0,0,0,0,0,0,0,7,5.053571429
2020/8/2 11:00,0,0,0,0,0,0,0,0,7,6
2020/8/2 12:00,0,0,0,0,0,0,0,0,7,6.237288136
2020/8/2 13:00,0,0,0,0,0,0,0,0,7,4.9
2020/8/2 14:00,0,0,0,0,0,0,0,0,4,6.073684211
2020/8/2 15:00,0,0,0,0,0,0,0,0,2,10.79473684
2020/8/2 16:00,0,0,0,0,0,0,0,0,2,10.88823529
2020/8/2 17:00,0,0,0,0,0,0,0,0,2,9.7
2020/8/2 18:00,0,0,0,0,0,0,0,0,2,10.034
2020/8/2 19:00,0,0,0,0,0,0,0,0,2,10.34444444
2020/8/2 20:00,0,0,0,0,0,0,0,0,2,7
2020/8/2 21:00,0,0,0,0,0,0,0,0,2,10.47090909
2020/8/2 22:00,0,0,0,0,0,0,0,0,3,6.573333333
2020/8/2 23:00,0,0,0,0,0,0,0,0,6,0.428333333
2020/8/3 0:00,0,0,0,0,0,0,0,0,9,0.303773585
2020/8/3 1:00,0,0,0,0,0,0,0,0,9,0.445833333
2020/8/3 2:00,0,0,0,0,0,0,0,0,9,5.610169492
2020/8/3 3:00,0,0,0,0,0,0,0,0,8,11.63898305
2020/8/3 4:00,0,0,0,0,0,0,0,0,8,11.0877193
2020/8/3 5:00,0,0,0,0,0,0,0,0,8,10.44166667
2020/8/3 6:00,0,0,0,0,0,0,0,0,8,7.630508475
2020/8/3 7:00,0,0,0,0,0,0,0,0,7,7.201666667
2020/8/3 8:00,0,0,0,0,0,0,0,0,7,6.99
2020/8/3 9:00,0,0,0,0,0,0,0,0,7,6.215
2020/8/3 10:00,0,0,0,0,0,0,0,0,7,6.233333333
2020/8/3 11:00,0,0,0,0,0,0,0,0,7,6.506779661
2020/8/3 12:00,0,0,0,0,0,0,0,0,7,7.261016949
2020/8/3 13:00,0,0,0,0,0,0,0,0,8,7.211666667
2020/8/3 14:00,0,0,0,0,0,0,0,0,7,4.711864407
2020/8/3 15:00,0,0,0,0,0,0,0,0,6,4.294915254
2020/8/3 16:00,0,0,0,0,0,0,0,0,7,3.221666667
2020/8/3 17:00,0,0,0,0,0,0,0,0,8,3.393877551
2020/8/3 18:00,0,0,0,0,0,0,0,0,7,4.360377358
2020/8/3 19:00,0,0,0,0,0,0,0,0,6,5.8
2020/8/3 20:00,0.4,0.4,0.3,0.4,0.7,0.1,0.5,0.4,6,7.02972973
2020/8/3 21:00,1.2,1.1,2,1.3,1.2,1.3,1.1,1.2,7,7.566666667
2020/8/3 22:00,1,0.8,0.9,0.8,1.1,0.8,1,0.9,8,10.88813559
2020/8/3 23:00,0.5,0.4,0.5,0.4,0.5,0.6,0.5,0.3,8,7.97
2020/8/4 0:00,0.4,0.3,0.5,0.4,0.7,0.4,0.6,0.4,8,6.096428571
2020/8/4 1:00,0.2,0.2,0.5,0.2,0.5,0.2,0.3,0.2,7,5.918333333
2020/8/4 2:00,0.2,0.1,0.1,0,0.2,0.2,0.2,0.1,7,5.11
2020/8/4 3:00,0,0,0.1,0.1,0.1,0,0.1,0.1,7,6.428333333
2020/8/4 4:00,0.7,0.6,0.2,0.7,0.2,0.6,0.1,0.4,7,6.434375
2020/8/4 5:00,0.2,0.2,0.6,0.3,0.4,0.3,0.5,0.2,4,4.471666667
2020/8/4 6:00,0.5,0.7,0.4,0.5,0.8,0.4,0.4,0.7,3,6.056666667
2020/8/4 7:00,4.3,3.3,0.7,3.2,0.4,3,0.3,3.3,2,7.02826087
2020/8/4 8:00,1.2,1.4,0.7,1.2,0.4,2.7,0.6,1.5,2,7.228301887
2020/8/4 9:00,0.5,0,0.1,0.2,0,0.5,0,0.1,1,6.238983051
2020/8/4 10:00,0,0,0,0,0.2,0,0.2,0,1,5.638095238
2020/8/4 11:00,0,0,0,0,0,0,0,0,1,0.4
2020/8/4 12:00,0,0.1,0,0,0,0,0,0,1,0.422222222
2020/8/4 13:00,0,0,0,0,0,0,0,0,1,0.5
2020/8/4 14:00,0,0,0,0,0,0,0,0,2,0.540909091
2020/8/4 15:00,0,0,0,0,0,0,0,0,2,0.49
2020/8/4 16:00,0,0,0,0,0,0,0,0,2,0.495
2020/8/4 17:00,0,0,0,0,0,0,0,0,2,0.5125
2020/8/4 18:00,0,0,0,0,0,0,0,0,2,0.457407407
2020/8/4 19:00,0,0,0,0,0,0,0,0,2,0.562745098
2020/8/4 20:00,0,0,0,0,0,0,0,0,2,0.438333333
2020/8/4 21:00,0,0,0,0,0,0,0,0,2,0.486666667
2020/8/4 22:00,0,0,0,0,0,0,0,0,2,0.458333333
2020/8/4 23:00,0,0,0,0,0,0,0,0,2,0.441666667
2020/8/5 0:00,0,0,0,0,0,0,0,0,2,0.33
2020/8/5 1:00,0,0,0,0,0,0,0,0,2,0.191666667
2020/8/5 2:00,0,0,0,0,0,0,0,0,3,0.425862069
2020/8/5 3:00,0,0,0,0,0,0,0,0,13,1.433333333
2020/8/5 4:00,0,0,0,0,0,0,0,0,4,0.328813559
2020/8/5 5:00,0,0,0,0,0,0,0,0,3,0.159322034
2020/8/5 6:00,0,0,0,0,0,0,0,0,3,0.183333333
2020/8/5 7:00,0,0,0,0,0,0,0,0,2,0.268333333
2020/8/5 8:00,0,0,0,0,0,0,0,0,2,0.3
2020/8/5 9:00,0,0,0,0,0,0,0,0,4,0.605357143
2020/8/5 10:00,0,0,0,0,0,0,0,0,4,1.311111111
2020/8/5 11:00,0,0,0,0,0,0,0,0,2,2.2375
2020/8/5 12:00,0,0,0,0,0,0,0,0,1,5.708928571
2020/8/5 13:00,0,0,0,0,0,0,0,0,2,7.732142857
2020/8/5 14:00,0,0,0,0,0,0,0,0,2,7.893333333
2020/8/5 15:00,0,0,0,0,0,0,0,0,2,7.053333333
2020/8/5 16:00,0,0,0,0,0,0,0,0,2,7.335714286
2020/8/5 17:00,0,0,0,0,0,0,0,0,2,10.65
2020/8/5 18:00,0,0,0,0,0,0,0,0,1,7.861666667
2020/8/5 19:00,8,2.1,3.6,4.1,1.1,7.4,1.8,2.4,1,9.840740741
2020/8/5 20:00,3.9,4.3,3.6,4,2.5,3.7,2.8,3.8,2,9.915909091
2020/8/5 21:00,1.9,1.7,2,1.7,1.7,2.6,1.8,1.5,2,5.485
2020/8/5 22:00,2.3,1.8,2,2.1,2.3,2.3,2,1.5,2,3.405555556
2020/8/5 23:00,0.4,0.5,0.5,0.4,0.1,0.6,0.3,0.4,2,5.578378378
2020/8/6 0:00,0,0,0,0,0,0,0,0,2,6.685
2020/8/6 1:00,0,0,0,0,0,0,0,0,2,6.59
2020/8/6 2:00,0,0,0,0,0,0,0,0,2,6.493023256
2020/8/6 3:00,0,0,0,0,0,0,0,0,3,6.608474576
2020/8/6 4:00,0,0,0,0,0.1,0,0,0,2,6.786538462
2020/8/6 5:00,0,0,0,0,0,0,0,0.1,2,6.853571429
2020/8/6 6:00,0.1,0,0,0,0.1,0,0.1,0,2,5.588235294
2020/8/6 7:00,0,0.2,0,0.1,0,0,0,0,2,5.219047619
2020/8/6 8:00,0,0,0,0,0,0,0,0,2,5.457692308
2020/8/6 9:00,0,0,0,0,0,0,0,0,2,5.319047619
2020/8/6 10:00,0,0,0,0,0,0,0,0,1,6.483050847
2020/8/6 11:00,0,0,0,0,0,0,0,0,1,6.626666667
2020/8/6 12:00,0,0,0,0,0,0,0,0,1,9.395652174
2020/8/6 13:00,0,0,0,0,0,0,0,0,1,9.833333333
2020/8/6 14:00,0,0,0,0,0,0,0,0,2,10.92
2020/8/6 15:00,0,0,0,0,0,0,0,0,2,13.49473684
2020/8/6 16:00,0,0,0,0,0,0,0,0,1,14.92833333
2020/8/6 17:00,0,0,0,0,0,0,0,0,1,11.86666667
2020/8/6 18:00,0,0,0,0,0,0,0,0,1,8.578947368
2020/8/6 19:00,0,0,0,0,0,0,0,0,1,7.397142857
2020/8/6 20:00,0,0,0,0,0,0,0,0,2,5.651666667
2020/8/6 21:00,0,0,0,0,0,0,0,0,2,4.375
2020/8/6 22:00,0,0,0,0,0,0,0,0,3,3.311666667
2020/8/6 23:00,0,0,0,0,0,0,0,0,4,0.645
2020/8/7 0:00,0,0,0,0,0,0,0,0,7,0.159322034
2020/8/7 1:00,0,0,0,0,0,0,0,0,9,0.144897959
2020/8/7 2:00,0,0,0,0,0,0,0,0,10,1.912195122
2020/8/7 3:00,0,0,0,0,0,0,0,0,11,2.990322581
2020/8/7 4:00,0,0,0,0,0,0,0,0,8,1.2575
2020/8/7 5:00,0,0,0,0,0,0,0,0,3,2.054385965
2020/8/7 6:00,0,0,0,0,0,0,0,0,2,6.296666667
2020/8/7 7:00,0,0,0,0,0,0,0,0,2,5.9
2020/8/7 8:00,0,0,0,0,0,0,0,0,2,6.480434783
2020/8/7 9:00,0,0,0,0,0,0,0,0,2,3.105
2020/8/7 10:00,0,0,0,0,0,0,0,0,2,0.43
2020/8/7 11:00,0,0,0,0,0,0,0,0.6,9,2.116363636
2020/8/7 12:00,0,0,0,0,0,0,0,0.1,4,0.290625
2020/8/7 13:00,0,0,0,0,0,0,0,0,2,0.303225806
2020/8/7 14:00,0,0,0,0,0,0,0,0,2,0.425
2020/8/7 15:00,0,0,0,0,0,0,0,0,11,2.24
2020/8/7 16:00,0,0,0.1,0.1,0,0,0,0.1,7,3.788235294
2020/8/7 17:00,0,0,0,0,0,0,0,0,6,0.953333333
2020/8/7 18:00,0,0,0,0,0,0,0,0,2,0.44375
2020/8/7 19:00,1.5,2.2,1.8,1.4,0.3,2.2,0.3,2,2,15.96
2020/8/7 20:00,0,0.4,0.1,0.1,0,0,0,0.3,2,13.87435897
2020/8/7 21:00,0,0,0,0,0,0,0,0,2,11.438
2020/8/7 22:00,0,0,0,0,0,0,0,0,2,8.128571429
2020/8/7 23:00,0,0,0,0,0,0,0,0,2,2.887931034
2020/8/8 0:00,0,0,0,0,0,0,0,0.1,9,3.057627119
2020/8/8 1:00,0,0,0,0,0,0,0,0,11,6.553703704
2020/8/8 2:00,0,0,0,0,0,0,0,0,11,6.535087719
2020/8/8 3:00,0,0,0,0,0,0,0,0,9,4.689830508
2020/8/8 4:00,0,0,0,0,0,0,0,0,1,6.689473684
2020/8/8 5:00,0,0,0,0,0,0,0,0,1,6.413333333
2020/8/8 6:00,0,0,0,0,0,0,0,0,1,8.629166667
2020/8/8 7:00,0,0,0,0,0,0,0,0,1,11.25
2020/8/8 8:00,0,0,0,0,0,0,0,0,,
2020/8/8 9:00,0,0,0,0,0,0,0,0,,
2020/8/8 10:00,0,0,0,0,0,0,0,0,,
2020/8/8 11:00,0,0,0,0,0,0,0,0,,
2020/8/8 12:00,0,0,0,0,0,0,0,0,,
2020/8/8 13:00,0,0,0,0,0,0,0,0,,
2020/8/8 14:00,0,0,0,0,0,0,0,0,,
2020/8/8 15:00,0,0,0,0,0,0,0,0,,
2020/8/8 16:00,0,0,0,0,0,0,0,0,,
2020/8/8 17:00,0,0,0,0,0,0,0,0,,
2020/8/8 18:00,0,0,0,0,0,0,0,0,,
2020/8/8 19:00,0,0,0,0,0,0,0,0,2,2.54
2020/8/8 20:00,0,0,0,0,0,0,0,0,7,0.818644068
2020/8/8 21:00,0,0,0,0,0,0,0,0,3,0.116666667
2020/8/8 22:00,0,0,0,0,0,0,0,0,11,0.141666667
2020/8/8 23:00,0,0,0,0,0,0,0,0,7,0.231666667
2020/8/9 0:00,0,0,0,0,0,0,0,0,8,0.363333333
2020/8/9 1:00,0,0,0,0,0,0,0,0,9,4.85
2020/8/9 2:00,0.3,0.5,0.5,0.5,0,0.4,0,0.8,9,4.106779661
2020/8/9 3:00,0,0,0,0,0,0,0,0,7,0.343333333
2020/8/9 4:00,0,0,0,0,0,0,0,0,7,0.361666667
2020/8/9 5:00,0,0,0,0,0,0,0,0,9,8.508333333
2020/8/9 6:00,0,0,0,0,0,0,0,0,9,9.268333333
2020/8/9 7:00,0,0,0,0,0,0,0,0,10,9.47
2020/8/9 8:00,0,0,0,0,0,0,0,0,11,6.056666667
2020/8/9 9:00,0,0,0,0,0,0,0,0,7,2.193220339
2020/8/9 10:00,0,0,0,0,0,0,0,0,3,4.395238095
2020/8/9 11:00,0,0,0,0,0,0,0,0,5,4.575
2020/8/9 12:00,0,0,0,0,0,0,0,0,8,3.298148148
2020/8/9 13:00,0,0,0,0,0,0,0,0,11,3.8625
2020/8/9 14:00,0.4,0.5,0.5,0.5,0.3,0.7,0.3,0.5,3,4.124324324
2020/8/9 15:00,0,0,0,0,0,0,0,0,2,14.31707317
2020/8/9 16:00,0,0,0,0,0,0,0,0,2,1.003333333
2020/8/9 17:00,0,0,0,0,0,0,0,0,4,0.822641509
2020/8/9 18:00,0,0,0,0,0,0,0,0,10,2.707407407
2020/8/9 19:00,0,0,0,0,0,0,0,0,10,2.5
2020/8/9 20:00,0,0,0,0,0,0,0,0,6,2.622222222
2020/8/9 21:00,0,0,0,0,0,0,0,0,3,2.881666667
2020/8/9 22:00,0,0,0,0,0,0,0,0,7,3.116949153
2020/8/9 23:00,0,0,0,0,0,0,0,0,7,3.0875
2020/8/10 0:00,0,0,0,0,0,0,0,0,7,2.80483871
2020/8/10 1:00,0,0,0,0,0,0,0,0,9,5.507142857
2020/8/10 2:00,0,0,0,0,0,0,0,0,10,6.9
2020/8/10 3:00,0,0,0,0,0,0,0,0,,
2020/8/10 4:00,0,0,0,0,0,0,0,0,,
2020/8/10 5:00,0,0,0,0,0,0,0,0,,
2020/8/10 6:00,0,0,0,0,0,0,0,0,8,13.69069767
2020/8/10 7:00,0,0,0,0,0,0,0,0,8,12.66166667
2020/8/10 8:00,0,0,0,0,0,0,0,0,8,12.0925
2020/8/10 9:00,0,0,0,0,0,0,0,0,8,12.57592593
2020/8/10 10:00,0,0,0,0,0,0,0,0,8,11.98611111
2020/8/10 11:00,0,0,0,0,0,0,0,0,8,10.44912281
2020/8/10 12:00,0,0,0,0,0,0,0,0,8,8.215254237
2020/8/10 13:00,0,0,0,0,0,0,0,0,8,8.373333333
2020/8/10 14:00,0,0,0,0,0,0,0,0,8,9.3
2020/8/10 15:00,0,0,0,0,0,0,0,0,8,11.42
2020/8/10 16:00,0,0,0,0,0,0,0,0,8,11.82083333
2020/8/10 17:00,0,0,0,0,0,0,0,0,8,8.091666667
2020/8/10 18:00,0,0,0,0,0,0,0,0,8,5.303333333
2020/8/10 19:00,0,0,0,0,0,0,0,0,10,5.405
2020/8/10 20:00,0,0,0,0,0,0,0,0,7,6.178333333
2020/8/10 21:00,0,0,0,0,0,0,0,0,7,8.411111111
2020/8/10 22:00,0,0,0,0,0,0,0,0,7,8.066666667
2020/8/10 23:00,0,0,0,0,0,0,0,0,8,10.96491228
2020/8/11 0:00,0,0,0,0,0,0,0,0,8,11.5
2020/8/11 1:00,0,0,0,0,0,0,0,0,9,7.366666667
2020/8/11 2:00,0,0,0,0,0,0,0,0,10,6.444067797
2020/8/11 3:00,0,0,0,0,0,0,0,0,12,4.282926829
2020/8/11 4:00,0,0,0,0,0,0,0,0,4,4.930612245
2020/8/11 5:00,0,0,0,0,0,0,0,0,1,6.578846154
2020/8/11 6:00,0,0,0,0,0,0,0,0,1,6.973333333
2020/8/11 7:00,0,0,0,0,0,0,0,0,2,6.428846154
2020/8/11 8:00,0,0,0,0,0,0,0,0,2,5.616363636
2020/8/11 9:00,0,0,0,0,0,0,0,0,1,5.321153846
2020/8/11 10:00,0,0,0,0,0,0,0,0,1,6.344736842
2020/8/11 11:00,0,0,0,0,0,0,0,0,2,8.340740741
2020/8/11 12:00,0,0,0,0,0,0,0,0,1,16.71
2020/8/11 13:00,0,0,0,0,0,0,0,0,2,18.97166667
2020/8/11 14:00,0,0,0,0,0,0,0,0,2,19.25932203
2020/8/11 15:00,0,0,0,0,0,0,0,0,1,20.16666667
2020/8/11 16:00,0,0,0,0,0,0,0,0,2,18.25681818
2020/8/11 17:00,0,0,0,0,0,0,0,0,2,18.125
2020/8/11 18:00,0,0,0,0,0,0,0,0,2,19.025
2020/8/11 19:00,0,0,0,0,0,0,0,0,2,17.54807692
2020/8/11 20:00,0,0,0,0,0,0,0,0.1,2,14.93833333
2020/8/11 21:00,0,0.1,0,0,0,0,0,0.1,2,14.19666667
2020/8/11 22:00,0,0,0.1,0,0,0,0,0,2,15.34680851
2020/8/11 23:00,0,0.1,0,0,0,0,0,0.1,2,15.36304348
2020/8/12 0:00,1.5,2.2,1.9,1.6,2,0.9,2,1.8,2,10.98292683
2020/8/12 1:00,2.2,2.8,1.7,1.9,2.2,2.3,2.1,2.6,1,8.376363636
2020/8/12 2:00,1,0.5,1.3,1.1,1,1.3,1,0.7,1,13.99333333
2020/8/12 3:00,0,0,0,0,0,0,0,0,1,13.60175439
2020/8/12 4:00,0,0,0,0,0,0,0.1,0,1,17.27166667
2020/8/12 5:00,0,0,0,0,0,0,0,0,1,18.66779661
2020/8/12 6:00,0,0,0,0,0,0,0,0,1,20.63389831
2020/8/12 7:00,0,0,0,0,0,0,0,0,1,21.41
2020/8/12 8:00,0,0,0,0,0,0,0,0,1,18.20166667
2020/8/12 9:00,0,0,0,0,0,0,0,0,1,17.5
2020/8/12 10:00,0,0,0,0,0,0,0,0,1,14.98333333
2020/8/12 11:00,0,0,0,0,0,0,0,0,1,13.63728814
2020/8/12 12:00,0,0,0,0,0,0,0,0,2,15.4440678
2020/8/12 13:00,0,0,0,0,0,0,0,0,2,16.28333333
2020/8/12 14:00,0,0,0,0,0,0,0,0,2,15.45762712
2020/8/12 15:00,0,0,0,0,0,0,0,0,2,12.23142857
2020/8/12 16:00,0,0,0,0,0,0,0,0,2,9.875
2020/8/12 17:00,0,0,0,0,0,0,0,0,2,8.673584906
2020/8/12 18:00,0,0,0,0,0,0,0,0,2,9.159615385
2020/8/12 19:00,0,0,0,0,0,0,0,0,5,2.406060606
2020/8/12 20:00,0,0,0,0,0,0,0,0,5,0.249152542
2020/8/12 21:00,0,0,0,0,0,0,0,0,5,0.206666667
2020/8/12 22:00,0,0,0,0,0,0,0,0,9,1.495
2020/8/12 23:00,0,0,0,0,0,0,0,0,9,3.540909091
2020/8/13 0:00,0,0,0,0,0,0,0,0,9,3.998333333
2020/8/13 1:00,0,0,0,0,0,0,0,0,9,6.151666667
2020/8/13 2:00,0,0,0,0,0,0,0,0,10,4.901694915
2020/8/13 3:00,0,0,0,0,0,0,0,0,10,3.321666667
2020/8/13 4:00,0,0,0,0,0,0,0,0,10,4.023333333
2020/8/13 5:00,0,0,0,0,0,0,0,0,10,5.336206897
2020/8/13 6:00,0,0,0,0,0,0,0,0,10,5.308333333
2020/8/13 7:00,0,0,0,0,0,0,0,0,9,6.928333333
2020/8/13 8:00,0,0,0,0,0,0,0,0,10,4.696666667
2020/8/13 9:00,0,0,0,0,0,0,0,0,8,5.322641509
2020/8/13 10:00,0,0,0,0,0,0,0,0,8,4.975
2020/8/13 11:00,0,0,0,0,0,0,0,0,7,5.316666667
2020/8/13 12:00,0,0,0,0,0,0,0,0,7,4.491666667
2020/8/13 13:00,0,0,0,0,0,0,0,0,10,2.311111111
2020/8/13 14:00,0,0,0,0,0,0,0,0,,
2020/8/13 15:00,0,0,0,0,0,0,0,0,4,0.817241379
2020/8/13 16:00,0,0,0,0,0,0,0.3,0,1,5.557142857
2020/8/13 17:00,0,0.5,0,0,0.7,0,0.5,0.6,4,1.045
2020/8/13 18:00,0,0,0.1,0,0,0,0,0,6,0.933333333
2020/8/13 19:00,0,0,0,0,0,0,0,0,3,0.34
2020/8/13 20:00,0,0,0,0,0,0,0,0,3,0.228813559
2020/8/13 21:00,0,0,0,0,0,0,0,0,7,0.211666667
2020/8/13 22:00,0,0,0,0,0,0,0,0,8,0.511666667
2020/8/13 23:00,0,0,0,0,0,0,0,0,7,0.775925926
2020/8/14 0:00,0,0,0,0,0,0,0,0,8,9.254237288
2020/8/14 1:00,0,0,0,0,0,0,0,0,8,9.053658537
2020/8/14 2:00,0,0,0,0,0,0,0,0,8,8.494915254
2020/8/14 3:00,0.1,0,0,0.1,0,0,0.1,0,8,12.66
2020/8/14 4:00,1,1.1,1.6,1.1,1.5,0.8,1.4,1,7,13.00833333
2020/8/14 5:00,2.6,2.2,2.8,2.3,2.6,2,2.4,2.4,7,9.498333333
2020/8/14 6:00,4,4.1,4,3.7,3.9,3.6,3.9,4.1,8,9.537288136
2020/8/14 7:00,4.2,4.8,4,4.2,4.3,3.6,4.6,4.7,9,10.70166667
2020/8/14 8:00,4.2,3.7,4.3,4,3.7,5.2,3.7,3.9,9,10.46440678
2020/8/14 9:00,0.2,0,0.1,0,0.2,0.4,0.1,0,9,11.04333333
2020/8/14 10:00,0,0,0,0,0,0,0,0,9,14.70344828
2020/8/14 11:00,0,0,0,0,0,0,0,0,9,12.22592593
2020/8/14 12:00,0,0,0,0,0,0,0,0,8,8.474137931
2020/8/14 13:00,0,0,0,0,0,0,0,0,6,6.45
2020/8/14 14:00,0,0,0,0,0,0,0,0,7,8.155357143
2020/8/14 15:00,0,0,0,0,0,0,0,0,7,7.514545455
2020/8/14 16:00,0,0,0,0,0,0,0,0,7,7.329166667
2020/8/14 17:00,0,0,0,0,0,0,0,0,6,7.580851064
2020/8/14 18:00,0,0,0,0,0,0,0,0,6,6.734210526
2020/8/14 19:00,0,0,0,0,0,0,0,0,7,6.715555556
2020/8/14 20:00,0,0,0,0,0,0,0,0,7,7.195
2020/8/14 21:00,0,0,0,0,0,0,0,0,7,8.545762712
2020/8/14 22:00,0,0,0,0,0,0,0,0,8,7.554237288
2020/8/14 23:00,0,0,0,0,0,0,0,0,9,6.856666667
2020/8/15 0:00,0,0,0,0,0,0,0,0,10,6.212820513
2020/8/15 1:00,0,0,0,0,0,0,0,0,11,5.176666667
2020/8/15 2:00,0,0,0,0,0,0,0,0,8,3.914035088
2020/8/15 3:00,0,0,0,0,0,0,0,0,1,9.115254237
2020/8/15 4:00,0,0,0,0,0,0,0,0,1,14.32666667
2020/8/15 5:00,0,0,0,0,0,0,0,0,1,15.836
2020/8/15 6:00,0,0,0,0,0,0,0,0,1,13.1
2020/8/15 7:00,0,0,0,0,0,0,0,0,1,14.4
2020/8/15 8:00,0,0,0,0,0,0,0,0,1,18.07241379
2020/8/15 9:00,0,0,0,0,0,0,0,0,1,17.1372093
2020/8/15 10:00,0,0,0,0,0,0,0,0,2,16.92666667
2020/8/15 11:00,0,0,0,0,0,0,0,0,2,15.92
2020/8/15 12:00,0,0,0,0,0,0,0,0,2,13.22
2020/8/15 13:00,0,0,0,0,0,0,0,0,2,12.46949153
2020/8/15 14:00,0,0,0,0,0,0,0,0,2,11.48135593
2020/8/15 15:00,0,0,0,0,0,0,0,0,1,12.11355932
2020/8/15 16:00,0,0,0,0,0,0,0,0,1,14.38666667
2020/8/15 17:00,0,0,0,0,0,0,0,0,2,14.015
2020/8/15 18:00,0,0,0,0,0,0,0,0,2,13.54067797
2020/8/15 19:00,0,0,0,0,0,0,0,0,2,13.94736842
2020/8/15 20:00,0,0,0,0,0,0,0,0,2,14.05833333
2020/8/15 21:00,0,0,0,0,0,0,0,0,2,13.2
2020/8/15 22:00,0,0,0,0,0,0,0,0,2,16.11166667
2020/8/15 23:00,0,0,0,0,0,0,0,0,2,14.075
2020/8/16 0:00,0,0,0,0,0,0,0,0,2,8.969491525
2020/8/16 1:00,0,0,0,0,0,0,0,0,2,8.778571429
2020/8/16 2:00,0,0,0,0,0,0,0,0,2,10.62432432
2020/8/16 3:00,0,0,0,0,0,0,0,0,2,10.67962963
2020/8/16 4:00,0,0,0,0,0,0,0,0,2,11.34418605
2020/8/16 5:00,0,0,0,0,0,0,0,0,1,13.95
2020/8/16 6:00,0,0,0,0,0,0,0,0.1,2,14.34444444
2020/8/16 7:00,0,0.1,0,0,0,0,0,0.3,2,13.83846154
2020/8/16 8:00,0,0,0,0,0,0,0,0,2,14.24067797
2020/8/16 9:00,0,0,0,0,0,0,0,0,2,14.68333333
2020/8/16 10:00,0,0,0,0,0,0,0,0,2,12.12333333
2020/8/16 11:00,0,0,0,0,0,0,0,0,2,13.26
2020/8/16 12:00,0,0,0,0,0,0,0,0,2,15.51666667
2020/8/16 13:00,0,0,0,0,0,0,0,0,2,16.15
2020/8/16 14:00,0,0,0,0,0,0,0,0,2,14.63898305
2020/8/16 15:00,0,0,0,0,0,0,0,0,2,14.52
2020/8/16 16:00,0,0,0,0,0,0,0,0,2,15.4779661
2020/8/16 17:00,0,0,0,0,0,0,0,0,2,14.74666667
2020/8/16 18:00,0,0,0,0,0,0,0,0,2,13.52833333
2020/8/16 19:00,0,0,0,0,0,0,0,0,2,12.135
2020/8/16 20:00,0,0,0,0,0,0,0,0,2,11.65666667
2020/8/16 21:00,0,0,0,0,0,0,0,0,2,12.69
2020/8/16 22:00,0,0,0,0,0,0,0,0,2,15.66440678
2020/8/16 23:00,0.1,0.5,0.3,0.3,0.6,0,0.5,0.5,2,17.62
2020/8/17 0:00,0.8,1.6,0.7,0.7,0.3,0.9,0.6,2.1,1,17.56833333
2020/8/17 1:00,0.3,0.4,0,0.2,0.2,0.3,0.2,0.4,1,16.88833333
2020/8/17 2:00,0.1,0.2,0.6,0.1,0.3,0.2,0.4,0.3,2,16.13220339
2020/8/17 3:00,0.1,0.1,0.2,0.1,0,0.1,0.1,0.2,1,15.66166667
2020/8/17 4:00,0.5,0.6,0.3,0.4,0.1,0.4,0.1,0.7,1,14.755
2020/8/17 5:00,0.4,0.5,0.4,0.3,0.1,0.3,0.3,0.6,1,17.63333333
2020/8/17 6:00,1.1,1.1,1.6,1.2,0.8,1.1,0.8,1.4,1,15.05483871
2020/8/17 7:00,0.2,0.1,0.2,0.1,0.1,0.4,0.2,0.2,1,6.49245283
2020/8/17 8:00,0,0,0,0,0,0,0,0,9,3.438333333
2020/8/17 9:00,0,0,0,0,0,0,0,0,2,5.353448276
2020/8/17 10:00,0,0,0,0,0,0,0,0,2,8.288333333
2020/8/17 11:00,0,0,0,0,0,0,0,0,1,5.835
2020/8/17 12:00,0,0,0,0,0,0,0,0,7,1.92
2020/8/17 13:00,0,0,0,0,0,0,0,0,10,2.174137931
2020/8/17 14:00,0,0,0,0,0,0,0,0,3,1.941071429
2020/8/17 15:00,0,0,0,0,0,0,0,0,8,2.446666667
2020/8/17 16:00,0,0,0,0,0,0,0,0,3,0.70862069
2020/8/17 17:00,0,0,0,0,0,0,0,0,4,1.074576271
2020/8/17 18:00,0,0,0,0,0,0,0,0,3,3.206382979
2020/8/17 19:00,0,0,0,0,0,0,0,0,5,0.404166667
2020/8/17 20:00,0,0,0,0,0,0,0,0,5,0.566666667
2020/8/17 21:00,0,0,0,0,0,0,0,0,6,1.95
2020/8/17 22:00,0,0,0,0,0,0,0,0,7,0.338888889
2020/8/17 23:00,0,0,0,0,0,0,0,0,2,0.350909091
2020/8/18 0:00,0,0,0,0,0,0,0,0,10,3.575
2020/8/18 1:00,0,0,0,0,0,0,0,0,10,7.651724138
2020/8/18 2:00,0,0,0,0,0,0,0,0,11,5.0125
2020/8/18 3:00,0,0,0,0,0,0,0,0,2,5.124074074
2020/8/18 4:00,0,0,0,0,0,0,0,0,1,6.271929825
2020/8/18 5:00,0,0,0,0,0,0,0,0,1,7.516363636
2020/8/18 6:00,0,0,0,0,0,0,0,0,1,7.442857143
2020/8/18 7:00,0,0,0,0,0,0,0,0,1,7.388888889
2020/8/18 8:00,0,0,0,0,0,0,0,0,1,9.345
2020/8/18 9:00,0,0,0,0,0,0,0,0,1,7.944444444
2020/8/18 10:00,0,0,0,0,0,0,0,0,2,6.1
2020/8/18 11:00,0,0,0,0,0,0,0,0,8,2.807142857
2020/8/18 12:00,0,0,0,0,0,0,0,0,9,2.898305085
2020/8/18 13:00,0,0,0,0,0,0,0,0,5,2.311864407
2020/8/18 14:00,0,0,0,0,0,0,0,0,8,1.422033898
2020/8/18 15:00,0,0,0,0,0,0,0,0,2,4.510169492
2020/8/18 16:00,0,0,0,0,0,0,0,0,1,9.153571429
2020/8/18 17:00,0,0,0,0,0,0,0,0,9,6.791666667
2020/8/18 18:00,0,0,0,0,0,0,0,0,7,3.827586207
2020/8/18 19:00,0,0,0,0,0,0,0,0,8,6.394736842
2020/8/18 20:00,0,0,0,0,0,0,0,0,7,6.483050847
2020/8/18 21:00,0,0,0,0,0,0,0,0,7,5.693333333
2020/8/18 22:00,0,0,0,0,0,0,0,0,8,6.178333333
2020/8/18 23:00,0,0,0,0,0,0,0,0,9,6.551851852
2020/8/19 0:00,0,0,0,0,0,0,0,0,10,7.491836735
2020/8/19 1:00,0,0,0,0,0,0,0,0,9,6.647368421
2020/8/19 2:00,0,0,0,0,0,0,0,0,9,5.323214286
2020/8/19 3:00,0,0,0,0,0,0,0,0,10,3.088333333
2020/8/19 4:00,0,0,0,0,0,0,0,0,10,3.703508772
2020/8/19 5:00,0,0,0,0,0,0,0,0,10,2.628333333
2020/8/19 6:00,0,0,0,0,0,0,0,0,10,3.268333333
2020/8/19 7:00,0,0,0,0,0,0,0,0,11,3.213333333
2020/8/19 8:00,0,0,0,0,0,0,0,0,10,3.841666667
2020/8/19 9:00,0,0,0,0,0,0,0,0,9,4.793333333
2020/8/19 10:00,0,0,0,0,0,0,0,0,7,4.446666667
2020/8/19 11:00,0,0,0,0,0,0,0,0,6,4.515789474
2020/8/19 12:00,0,0,0,0,0,0,0,0,6,5.405
2020/8/19 13:00,0,0,0,0,0,0,0,0,4,4.04
2020/8/19 14:00,0,0,0,0,0,0,0,0,6,2.419607843
2020/8/19 15:00,0,0.3,0,0,0,0,0,0.1,2,0.553333333
2020/8/19 16:00,0,0,0.6,0.1,0.6,0,0.4,0.3,5,1.766666667
2020/8/19 17:00,0,0,0,0,0,0,0,0,6,3.431666667
2020/8/19 18:00,0,0,0,0,0,0,0,0,9,5.053333333
2020/8/19 19:00,0,0,0,0,0,0.1,0,0,9,2.781355932
2020/8/19 20:00,0,0,0,0,0,0,0,0,3,5.784482759
2020/8/19 21:00,0,0,0,0,0,0,0,0,2,6.255
2020/8/19 22:00,0,0,0,0,0,0,0,0,4,2.093333333
2020/8/19 23:00,0,0,0,0,0,0,0,0,8,0.201694915
2020/8/20 0:00,0,0,0,0,0,0,0,0,8,0.265306122
2020/8/20 1:00,0,0,0,0,0,0,0,0,8,0.251666667
2020/8/20 2:00,0,0,0,0,0,0,0,0,8,0.482352941
2020/8/20 3:00,0,0,0,0,0,0,0,0,8,0.448076923
2020/8/20 4:00,0,0,0,0,0,0,0,0,9,0.419444444
2020/8/20 5:00,0,0,0,0,0,0,0,0,8,0.397222222
2020/8/20 6:00,0,0,0,0,0,0,0,0,9,0.361016949
2020/8/20 7:00,0,0,0,0,0,0,0,0,9,0.414814815
2020/8/20 8:00,0,0,0,0,0,0,0,0,9,2.710416667
2020/8/20 9:00,0,0,0,0,0,0,0,0,8,6.687931034
2020/8/20 10:00,0,0,0,0,0,0,0,0,,
2020/8/20 11:00,0,0,0,0,0,0,0,0,8,6.857142857
2020/8/20 12:00,0,0,0,0,0,0,0,0,7,7.419512195
2020/8/20 13:00,0,0,0,0,0,0,0,0,5,6.906666667
2020/8/20 14:00,0,0,0,0,0,0,0,0,6,7.025454545
2020/8/20 15:00,0,0,0,0,0,0,0,0,7,7.135
2020/8/20 16:00,0,0,0,0,0,0,0,0,7,7.705
2020/8/20 17:00,0,0,0,0,0,0,0,0,6,8.63
2020/8/20 18:00,0,0,0,0,0,0,0,0,7,10.70238095
2020/8/20 19:00,0,0,0,0,0,0,0,0,7,11.92333333
2020/8/20 20:00,0,0,0,0,0,0,0,0,8,15.01666667
2020/8/20 21:00,0,0,0,0,0,0,0,0,8,13.99
2020/8/20 22:00,0,0,0,0,0,0,0,0,8,14.16666667
2020/8/20 23:00,0,0,0,0,0,0,0,0,8,14.89
2020/8/21 0:00,0,0,0,0,0,0,0,0,8,15.85178571
2020/8/21 1:00,0,0,0,0,0,0,0,0,,
2020/8/21 2:00,0,0,0,0,0,0,0,0,,
2020/8/21 3:00,0,0,0,0,0,0,0,0,,
2020/8/21 4:00,0,0,0,0,0,0,0,0,,
2020/8/21 5:00,0,0,0,0,0,0,0,0,,
2020/8/21 6:00,0,0,0,0,0,0,0,0,8,12.8
2020/8/21 7:00,0,0,0,0,0,0,0,0,8,7.516666667
2020/8/21 8:00,0,0,0,0,0,0,0,0,9,4.875
2020/8/21 9:00,0,0,0,0,0,0,0,0,6,7.06
2020/8/21 10:00,0,0,0,0,0,0,0,0,2,11.2372093
2020/8/21 11:00,0,0,0,0,0,0,0,0,2,12.08780488
2020/8/21 12:00,0,0,0,0,0,0,0,0,1,13.14444444
2020/8/21 13:00,0,0,0,0,0,0,0,0,,
2020/8/21 14:00,0,0,0,0.1,0,0,0,0,,
2020/8/21 15:00,0,0,0,0,0,0,0,0.1,,
2020/8/21 16:00,2.3,2.1,1.2,2,0.6,0.7,1,1.9,1,16.66976744
2020/8/21 17:00,4.2,3.9,4.3,3.2,4.2,4.5,4.6,4.1,2,19.74333333
2020/8/21 18:00,3.8,4.1,3.6,3.6,3,4.1,2.5,4.1,2,17.46833333
2020/8/21 19:00,0.4,0.4,0.4,0.2,0.7,1,0.6,0.5,2,15.37166667
2020/8/21 20:00,0,0,0,0,0,0,0,0,2,10.92833333
2020/8/21 21:00,0,0,0,0,0,0,0,0,1,6.336666667
2020/8/21 22:00,0,0,0,0,0,0,0,0,1,6.852542373
2020/8/21 23:00,0,0,0,0,0,0,0,0,1,4.336206897
2020/8/22 0:00,0,0,0,0,0,0,0,0,2,2.036666667
2020/8/22 1:00,0.1,0,0,0,0,0,0,0,5,0.07804878
2020/8/22 2:00,0,0,0,0,0,0,0,0,5,0.125806452
2020/8/22 3:00,0,0,0,0,0,0,0,0,5,0.243243243
2020/8/22 4:00,0,0,0,0,0,0,0,0,4,0.27
2020/8/22 5:00,0,0,0,0,0,0,0,0,3,0.3
2020/8/22 6:00,0,0,0,0,0,0,0,0,2,0.371666667
2020/8/22 7:00,0,0,0,0,0.1,0,0,0,5,0.271666667
2020/8/22 8:00,0,0,0,0,0,0,0,0,8,0.093220339
2020/8/22 9:00,0,0,0,0,0,0,0,0,1,0.386666667
2020/8/22 10:00,0,0,0,0,0,0,0,0,2,0.814285714
2020/8/22 11:00,0,0,0,0,0,0,0,0,2,0.468965517
2020/8/22 12:00,0,0,0,0,0,0,0,0,2,0.557142857
2020/8/22 13:00,0,0.1,0,0,0,0,0,0,2,7.886666667
2020/8/22 14:00,0,0,0,0,0,0,0,0,2,9.313559322
2020/8/22 15:00,0,0,0,0,0,0,0,0,2,8.008510638
2020/8/22 16:00,0,0,0,0,0,0,0,0,2,8.97
2020/8/22 17:00,0,0,0,0,0,0,0,0,2,11.57966102
2020/8/22 18:00,0,0,0,0,0,0,0,0,2,12.16956522
2020/8/22 19:00,1.9,2.4,1,1.6,1.3,0.5,1.5,2.5,,
2020/8/22 20:00,2.1,2.8,2.4,2.1,2.3,2.8,2.2,3.1,,
2020/8/22 21:00,0.4,0.8,0.5,0.3,0.4,0.8,0.4,0.9,,
2020/8/22 22:00,0.5,0.9,0.2,0.4,0.4,0.1,0.5,0.9,,
2020/8/22 23:00,0.9,1.2,0.9,0.7,0.8,0.7,0.6,1.4,,
2020/8/23 0:00,0.2,0.3,0.3,0.1,0.1,0.7,0,0.2,,
2020/8/23 1:00,1.2,1.6,1.3,1.1,1,1.3,1,1.6,2,14.592
2020/8/23 2:00,0.3,0.4,0.2,0.2,0.2,0.3,0.3,0.5,2,16.90338983
2020/8/23 3:00,0.5,1.2,0.3,0.3,0.3,0.2,0.2,1.1,2,19.09166667
2020/8/23 4:00,0.6,0.8,0.8,0.5,1,0.8,1,1,1,21.20666667
2020/8/23 5:00,0.3,0.6,0.2,0.1,0.1,0.2,0.1,0.8,1,22.48666667
2020/8/23 6:00,0.1,0.5,0.2,0,0,0.2,0.1,0.6,1,24.63
2020/8/23 7:00,0.2,0.3,0.1,0.1,0,0.1,0,0.8,1,23.115
2020/8/23 8:00,0,0.3,0.1,0,0,0,0.1,0.3,1,21.765
2020/8/23 9:00,0.1,0.2,0.1,0,0,0.1,0,0.3,1,21.54576271
2020/8/23 10:00,0,0,0,0,0,0,0,0,1,22.01166667
2020/8/23 11:00,0,0,0,0,0,0,0,0,1,20.87166667
2020/8/23 12:00,0,0,0,0,0,0,0,0,1,20.08
2020/8/23 13:00,0,0,0,0,0,0,0,0,1,20.645
2020/8/23 14:00,0,0,0,0,0,0,0,0,1,19.1877193
2020/8/23 15:00,0,0,0,0,0,0,0,0,1,17.54166667
2020/8/23 16:00,0,0,0,0,0,0,0,0,1,18.635
2020/8/23 17:00,0,0,0,0,0,0,0,0,1,16.22833333
2020/8/23 18:00,0,0,0,0,0,0,0,0,2,14.02413793
2020/8/23 19:00,0,0,0,0,0,0,0,0,2,10.97241379
2020/8/23 20:00,0,0,0,0,0,0,0,0,1,7.196666667
2020/8/23 21:00,0,0,0,0,0,0,0,0,1,6.896666667
2020/8/23 22:00,0,0,0,0,0,0,0,0,1,5.326666667
2020/8/23 23:00,0,0,0,0,0,0,0,0,1,3.963333333
2020/8/24 0:00,0,0,0,0,0,0,0,0,0,3.69
2020/8/24 1:00,0,0,0,0,0,0,0,0,0,3.812
2020/8/24 2:00,0,0,0,0,0,0,0,0,1,3.939655172
2020/8/24 3:00,0,0,0,0,0,0,0,0,12,2.985
2020/8/24 4:00,0,0,0,0,0,0,0,0,12,3.35
2020/8/24 5:00,0,0,0,0,0,0,0,0,2,4.706779661
2020/8/24 6:00,0,0,0,0,0,0,0,0,13,4.14
2020/8/24 7:00,0,0,0,0,0,0,0,0,10,4.643333333
2020/8/24 8:00,0,0,0,0,0,0,0,0,1,6.548214286
2020/8/24 9:00,0,0,0,0,0,0,0,0,1,6.848333333
2020/8/24 10:00,0,0,0,0,0,0,0,0,2,5.625423729
2020/8/24 11:00,0,0,0,0,0,0,0,0,1,4.101666667
2020/8/24 12:00,0,0,0,0,0,0,0,0,1,7.775
2020/8/24 13:00,0,0,0,0,0,0,0,0,2,7.553333333
2020/8/24 14:00,0,0,0,0,0,0,0,0,2,7.535
2020/8/24 15:00,0,0,0,0,0,0,0,0,10,4.293939394
2020/8/24 16:00,0,0,0,0,0,0,0,0,8,1.798333333
2020/8/24 17:00,0,0,0,0,0,0,0,0,2,0.36
2020/8/24 18:00,0,0,0,0,0,0,0,0,5,0.35
2020/8/24 19:00,0,0,0,0,0,0,0,0,10,5.007317073
2020/8/24 20:00,0,0,0,0,0,0,0,0,12,7.43
2020/8/24 21:00,0,0,0,0,0,0,0,0,11,12.65
2020/8/24 22:00,0,0,0,0,0,0,0,0,10,7.808333333
2020/8/24 23:00,0,0,0,0,0,0,0,0,12,4.434615385
2020/8/25 0:00,0,0,0,0,0,0,0,0,7,2.418333333
2020/8/25 1:00,0,0,0,0,0,0,0,0,1,3.778333333
2020/8/25 2:00,0,0,0,0,0,0,0,0,10,0.825641026
2020/8/25 3:00,0,0,0,0,0,0,0,0,5,0.259322034
2020/8/25 4:00,0,0,0,0,0,0,0,0,1,0.241666667
2020/8/25 5:00,0,0,0,0,0,0,0,0,2,0.221153846
2020/8/25 6:00,0,0,0,0,0,0,0,0,13,2.539285714
2020/8/25 7:00,0,0,0,0,0,0,0,0,4,3.3
2020/8/25 8:00,0,0,0,0,0,0,0,0,1,3.726666667
2020/8/25 9:00,0,0,0,0,0,0,0,0,11,1.216666667
2020/8/25 10:00,0,0,0,0,0,0,0,0,6,1.525423729
2020/8/25 11:00,0,0,0,0,0,0,0,0,7,1.795
2020/8/25 12:00,0,0,0,0,0,0,0,0,2,0.583333333
2020/8/25 13:00,0,0,0,0,0,0,0,0,2,7.025
2020/8/25 14:00,0,0,0,0,0,0,0,0,2,3.945762712
2020/8/25 15:00,0,0,0,0,0,0,0,0,1,0.571428571
2020/8/25 16:00,0,0,0,0,0,0,0,0,2,0.531372549
2020/8/25 17:00,0,0,0,0,0,0,0,0,5,1.931666667
2020/8/25 18:00,0,0,0,0,0,0,0,0,4,0.348333333
2020/8/25 19:00,0,0,0,0,0,0,0,0,2,0.157894737
2020/8/25 20:00,0,0,0,0,0,0,0,0,2,0.354237288
2020/8/25 21:00,0,0,0,0,0,0,0,0,2,0.221666667
2020/8/25 22:00,0,0,0,0,0,0,0,0,0,0.323333333
2020/8/25 23:00,0,0,0,0,0,0,0,0,5,1.223333333
2020/8/26 0:00,0,0,0,0,0,0,0,0,6,0.605
2020/8/26 1:00,0,0,0,0,0,0,0,0,2,0.27
2020/8/26 2:00,0,0,0,0,0,0,0,0,7,0.15
2020/8/26 3:00,0,0,0,0,0,0,0,0,9,3.894915254
2020/8/26 4:00,0,0,0,0,0,0,0,0,9,5.97
2020/8/26 5:00,0,0,0,0,0,0,0,0,10,5.916666667
2020/8/26 6:00,0,0,0,0,0,0,0,0,11,5.908333333
2020/8/26 7:00,0,0,0,0,0,0,0,0,11,3.656666667
2020/8/26 8:00,0,0,0,0,0,0,0,0,10,1.37
2020/8/26 9:00,0,0,0,0,0,0,0,0,9,1.223333333
2020/8/26 10:00,0,0,0,0,0,0,0,0,9,4.565
2020/8/26 11:00,0,0,0,0,0,0,0,0,8,4.803333333
2020/8/26 12:00,0,0,0,0,0,0,0,0,9,5.430508475
2020/8/26 13:00,0,0,0,0,0,0,0,0,6,2.848275862
2020/8/26 14:00,0,0,0,0,0,0,0,0,2,7.142372881
2020/8/26 15:00,0,0,0,0,0,0,0,0,2,4.240677966
2020/8/26 16:00,0,0,0,0,0,0,0,0,2,5.15
2020/8/26 17:00,0,0,0,0,0,0,0,0,2,6.951666667
2020/8/26 18:00,0,0,0,0,0,0,0,0,2,5.110169492
2020/8/26 19:00,0,0,0,0,0,0,0,0,3,3.485
2020/8/26 20:00,0,0,0,0,0,0,0,0,5,3.844444444
2020/8/26 21:00,0,0,0,0,0,0,0,0,7,5.863333333
2020/8/26 22:00,0,0,0,0,0,0,0,0,7,7.533333333
2020/8/26 23:00,0,0,0,0,0,0,0,0,7,8.427906977
2020/8/27 0:00,0,0,0,0,0,0,0,0,7,8.608333333
2020/8/27 1:00,0,0,0,0,0,0,0,0,7,8.33
2020/8/27 2:00,0,0,0,0,0,0,0,0,7,7.150847458
2020/8/27 3:00,0,0,0,0,0,0,0,0,8,6.768292683
2020/8/27 4:00,0,0,0,0,0,0,0,0,9,6.667241379
2020/8/27 5:00,0,0,0,0,0,0,0,0,10,3.261111111
2020/8/27 6:00,0,0,0,0,0,0,0,0,2,13.99565217
2020/8/27 7:00,0,0,0,0,0,0,0,0,2,14.31166667
2020/8/27 8:00,0,0,0,0,0,0,0,0,2,15.23269231
2020/8/27 9:00,0,0,0,0,0,0,0,0,2,14.48
2020/8/27 10:00,0,0,0,0,0,0,0,0,2,2.933333333
2020/8/27 11:00,0,0,0,0,0,0,0,0,2,0.556666667
2020/8/27 12:00,0,0,0,0,0,0,0,0,4,3.1
2020/8/27 13:00,0,0,0,0,0,0,0,0,3,5.215
2020/8/27 14:00,0,0,0,0,0,0,0,0,10,3.377966102
2020/8/27 15:00,0,0,0,0,0,0,0,0,5,2.293333333
2020/8/27 16:00,0,0,0,0,0,0,0,0,2,0.614285714
2020/8/27 17:00,0,0,0,0,0,0,0,0,2,0.52
2020/8/27 18:00,0,0,0,0,0,0,0,0,6,2.216666667
2020/8/27 19:00,0,0,0,0,0,0,0,0,9,7.29
2020/8/27 20:00,0,0,0,0,0,0,0,0,8,3.565
2020/8/27 21:00,0,0,0,0,0,0,0,0,8,4.471111111
2020/8/27 22:00,0,0,0,0,0,0,0,0,6,1.85
2020/8/27 23:00,0,0,0,0,0,0,0,0,7,0.32
2020/8/28 0:00,0,0,0,0,0,0,0,0,8,0.428333333
2020/8/28 1:00,0,0,0,0,0,0,0,0,8,0.531666667
2020/8/28 2:00,0,0,0,0,0,0,0,0,9,0.4525
2020/8/28 3:00,0,0,0,0,0,0,0,0,8,0.348333333
2020/8/28 4:00,0,0,0,0,0,0,0,0,8,0.595
2020/8/28 5:00,0,0,0,0,0,0,0,0,8,4.978333333
2020/8/28 6:00,0,0,0,0,0,0,0,0,7,11.1625
2020/8/28 7:00,0,0,0,0,0,0,0,0,8,11.17166667
2020/8/28 8:00,0,0,0,0,0,0,0,0,7,11.20333333
2020/8/28 9:00,0,0,0,0,0,0,0,0,7,9.825581395
2020/8/28 10:00,0,0,0,0,0,0,0,0,8,6.246428571
2020/8/28 11:00,0,0,0,0,0,0,0,0,7,6.565
2020/8/28 12:00,0,0,0,0,0,0,0,0,7,5.650847458
2020/8/28 13:00,0,0,0,0,0,0,0,0,7,6.421666667
2020/8/28 14:00,0,0,0,0,0,0,0,0,8,8.031034483
2020/8/28 15:00,0,0,0,0,0,0,0,0,8,7.288333333
2020/8/28 16:00,0,0,0,0,0,0,0,0,4,3.555
2020/8/28 17:00,0,0,0,0,0,0,0,0,2,0.605084746
2020/8/28 18:00,0,0,0,0,0,0,0,0,2,0.54
2020/8/28 19:00,0,0,0,0,0,0,0,0,2,6.738333333
2020/8/28 20:00,0,0,0,0,0,0,0,0,2,11.31833333
2020/8/28 21:00,0,0,0,0,0,0,0,0,2,10.735
2020/8/28 22:00,0,0,0,0,0,0,0,0,2,8.157142857
2020/8/28 23:00,0,0,0,0,0,0,0,0,2,12.14833333
2020/8/29 0:00,0,0,0,0,0,0,0,0,2,14.40217391
2020/8/29 1:00,0,0,0,0,0,0,0,0,2,16.51282051
2020/8/29 2:00,0,0,0,0,0,0,0,0,2,18.75
2020/8/29 3:00,0,0,0,0,0,0,0,0,2,20.165
2020/8/29 4:00,0,0,0,0,0,0,0,0,2,21.745
2020/8/29 5:00,1,1.3,0.9,1,0.6,0.7,1,1.3,2,21.44833333
2020/8/29 6:00,3.4,4.2,3.1,3.1,3.9,3.1,3.4,3.8,1,13.72333333
2020/8/29 7:00,3.5,4.4,4.5,3.4,4,3,4.7,4.6,2,7.948333333
2020/8/29 8:00,3.6,4.5,5.2,3.6,4.6,4.4,5.2,4.8,1,6.441666667
2020/8/29 9:00,2.2,3.3,2.2,1.9,2.4,2,3,3.1,1,4.196226415
2020/8/29 10:00,5,6.9,4.5,4.4,4.5,4.3,4.9,6.6,1,0
2020/8/29 11:00,4,4.7,4,3.2,3.8,4.2,3.9,5,1,0
2020/8/29 12:00,3,3,3.4,2.5,3.1,2.9,3.2,3,1,0
2020/8/29 13:00,1.2,0.8,1.8,1,1.8,1.3,1.8,0.9,1,0
2020/8/29 14:00,0.1,0.3,0.1,0,0,0.2,0,0.3,1,0
2020/8/29 15:00,0,0,0,0,0,0,0,0,1,0
2020/8/29 16:00,0,0,0,0,0,0,0,0,1,0
2020/8/29 17:00,0,0,0,0,0,0,0,0,1,0
2020/8/29 18:00,0,0,0,0,0,0,0,0,1,0
2020/8/29 19:00,0,0,0,0,0,0,0,0,1,0
2020/8/29 20:00,0,0,0,0,0,0,0,0,1,0
2020/8/29 21:00,0,0,0,0,0,0,0,0,1,0
2020/8/29 22:00,0,0,0,0,0,0,0,0,1,0.03
2020/8/29 23:00,0,0,0,0,0,0,0,0,1,0.626666667
2020/8/30 0:00,0,0,0,0,0,0,0,0,2,0.751666667
2020/8/30 1:00,0,0,0,0,0,0,0,0,2,0.688333333
2020/8/30 2:00,0,0,0,0,0,0,0,0,2,0.667241379
2020/8/30 3:00,0,0,0,0,0,0,0,0,2,0.714285714
2020/8/30 4:00,0,0.1,0,0,0,0,0,0.2,1,0.69375
2020/8/30 5:00,0.1,0.6,0.1,0.2,0,0.2,0,0.8,1,15.63773585
2020/8/30 6:00,0.6,1.5,0.4,0.4,0,0.3,0.2,1.7,1,13.76666667
2020/8/30 7:00,0.7,1.1,0.8,0.5,1,0.8,0.7,1.3,2,10.17333333
2020/8/30 8:00,0.2,0.1,0,0,0.2,0.2,0.1,0.3,2,7.108474576
2020/8/30 9:00,0,0,0.1,0.1,0.1,0,0,0,3,2.927118644
2020/8/30 10:00,0.1,0.2,0.1,0.1,0.1,0.1,0.2,0.1,8,0.326666667
2020/8/30 11:00,0,0,0,0,0,0,0,0,8,0.385
2020/8/30 12:00,0,0,0,0,0,0,0,0,8,0.481355932
2020/8/30 13:00,0,0,0,0,0,0,0,0,7,1.430508475
2020/8/30 14:00,0,0,0,0,0,0,0,0,4,2.606779661
2020/8/30 15:00,0,0,0,0,0,0,0,0,3,2.306896552
2020/8/30 16:00,0,0,0,0,0,0,0,0,2,2.765
2020/8/30 17:00,0,0,0,0,0,0,0,0,3,2.026666667
2020/8/30 18:00,0,0,0,0,0,0,0,0,4,1.128333333
2020/8/30 19:00,0,0,0,0,0,0,0,0,3,0.361666667
2020/8/30 20:00,0,0,0,0,0,0,0,0,2,1.114754098
2020/8/30 21:00,0,0,0,0,0,0,0,0,2,3.774358974
2020/8/30 22:00,0,0,0,0,0,0,0,0,2,3.605
2020/8/30 23:00,0,0,0,0,0,0,0,0,2,2.981666667
2020/8/31 0:00,0,0,0,0,0,0,0,0,9,0.188333333
2020/8/31 1:00,0,0,0,0,0,0,0,0,11,1.501923077
2020/8/31 2:00,0,0,0,0,0,0,0,0,10,2.119047619
2020/8/31 3:00,0,0,0,0,0,0,0,0,10,3.115789474
2020/8/31 4:00,0,0,0,0,0,0,0,0,9,4.985964912
2020/8/31 5:00,0,0,0,0,0,0,0,0,7,6.008333333
2020/8/31 6:00,0,0,0,0,0,0,0,0,8,7.411666667
2020/8/31 7:00,0,0,0,0,0,0,0,0,8,6.978333333
2020/8/31 8:00,0,0,0,0,0,0,0,0,8,8.26
2020/8/31 9:00,0,0,0,0,0,0,0,0,8,7.183928571
2020/8/31 10:00,0,0,0,0,0,0,0,0,8,5.678333333
2020/8/31 11:00,0,0,0,0,0,0,0,0,8,4.442372881
2020/8/31 12:00,0,0,0,0,0,0,0,0,7,4.741666667
2020/8/31 13:00,0,0,0,0,0,0,0,0,4,2.758333333
2020/8/31 14:00,0,0,0,0,0,0,0,0,2,2.183050847
2020/8/31 15:00,0,0,0,0,0,0,0,0,2,8.735
2020/8/31 16:00,0,0,0,0,0,0,0,0,1,10.3
2020/8/31 17:00,0,0,0,0,0,0,0,0,2,10.93
2020/8/31 18:00,0,0,0,0,0,0,0,0,2,10.67777778
2020/8/31 19:00,1.2,2.5,4.9,3.5,1.8,1.4,2.2,3.1,5,3.844642857
2020/8/31 20:00,0.1,0.1,0,0,0.1,0.4,0,0,9,0.198333333
2020/8/31 21:00,0,0,0,0.1,0,0,0,0,9,0.29
2020/8/31 22:00,0,0,0.1,0,0,0,0,0,7,0.473333333
2020/8/31 23:00,0,0,0,0,0,0,0,0,7,0.5
2020/9/1 0:00,0,0,0,0,0,0,0,0,9,0.363333333
2020/9/1 1:00,0,0,0,0,0,0,0,0,8,0.410169492
2020/9/1 2:00,0,0,0,0,0,0,0,0,9,0.120689655
2020/9/1 3:00,0,0,0,0,0,0,0,0,3,0.37027027
2020/9/1 4:00,0,0,0,0,0,0,0,0,2,0.465789474
2020/9/1 5:00,0,0,0,0,0,0,0,0,2,0.535714286
2020/9/1 6:00,0,0,0,0,0,0,0,0,2,0.491666667
2020/9/1 7:00,0,0,0,0,0,0,0,0,2,0.521666667
2020/9/1 8:00,0,0,0,0,0,0,0,0,1,0.666666667
2020/9/1 9:00,0.7,0.4,0.9,0.7,0.2,0.8,0.5,0.5,1,0.646666667
2020/9/1 10:00,0,0,0,0,0,0,0,0,1,9.212195122
2020/9/1 11:00,0,0,0,0,0,0,0,0,1,14.42166667
2020/9/1 12:00,0,0,0,0,0,0,0,0,1,16.07666667
2020/9/1 13:00,0,0,0,0,0,0,0,0,2,18.09830508
2020/9/1 14:00,0,0,0,0,0,0,0,0,1,18.42631579
2020/9/1 15:00,0,0,0,0,0,0,0,0,1,17.27678571
2020/9/1 16:00,0,0,0,0,0,0,0,0,1,16.13559322
2020/9/1 17:00,0,0,0,0,0,0,0,0,1,21.28837209
2020/9/1 18:00,0,0,0,0,0,0,0,0,1,14.41578947
2020/9/1 19:00,0,0,0,0,0,0,0,0,1,12.05535714
2020/9/1 20:00,0,0,0,0,0,0,0,0,1,6.193333333
2020/9/1 21:00,0,0,0,0,0,0,0,0,1,6.706896552
2020/9/1 22:00,0,0,0,0,0,0,0,0,1,6.241666667
2020/9/1 23:00,0,0,0,0,0,0,0,0,0,6.443333333
2020/9/2 0:00,0,0,0,0,0,0,0,0,1,5.798333333
2020/9/2 1:00,0,0,0,0,0,0,0,0,12,2.863333333
2020/9/2 2:00,0,0,0,0,0,0,0,0,2,2.781355932
2020/9/2 3:00,0,0,0,0,0,0,0,0,5,0.14
2020/9/2 4:00,0,0,0,0,0,0,0,0,8,0.16
2020/9/2 5:00,0,0,0,0,0,0,0,0,8,0.258
2020/9/2 6:00,0,0,0,0,0,0,0,0,8,0.518604651
2020/9/2 7:00,0,0,0,0,0,0,0,0,8,0.485
2020/9/2 8:00,0,0,0,0,0,0,0,0,9,0.381666667
2020/9/2 9:00,0,0,0,0,0,0,0,0,8,0.471666667
2020/9/2 10:00,0,0,0,0,0,0,0,0,9,0.469642857
2020/9/2 11:00,0,0,0,0,0,0,0,0,7,0.642592593
2020/9/2 12:00,0,0,0,0,0,0,0,0,7,3.688571429
2020/9/2 13:00,0,0,0,0,0,0,0,0,2,9.82745098
2020/9/2 14:00,0,0,0,0,0,0,0,0,1,12.6244898
2020/9/2 15:00,0,0,0,0,0,0,0,0,1,12.892
2020/9/2 16:00,0,0,0,0,0,0,0,0,2,13.56785714
2020/9/2 17:00,0,0,0,0,0,0,0,0,1,13.85666667
2020/9/2 18:00,0,0,0,0,0,0,0,0,1,12.785
2020/9/2 19:00,0,0,0,0,0,0,0,0,2,9.945
2020/9/2 20:00,0,0,0,0,0,0,0,0,2,7.39
2020/9/2 21:00,0,0,0,0,0,0,0,0,6,1.638333333
2020/9/2 22:00,0,0,0,0,0,0,0,0,8,0.303333333
2020/9/2 23:00,0,0,0,0,0,0,0,0,8,0.606451613
2020/9/3 0:00,0,0,0,0,0,0,0,0,7,0.646666667
2020/9/3 1:00,0,0,0,0,0,0,0,0,7,0.666666667
2020/9/3 2:00,0,0,0,0,0,0,0,0,,
2020/9/3 3:00,0,0,0,0,0,0,0,0,,
2020/9/3 4:00,0,0,0,0,0,0,0,0,10,0.146
2020/9/3 5:00,0,0,0,0,0,0,0,0,5,0.393333333
2020/9/3 6:00,0,0,0,0,0,0,0,0,2,0.386206897
2020/9/3 7:00,0,0,0,0,0,0,0,0,2,0.501666667
2020/9/3 8:00,0,0,0,0,0,0,0,0,2,0.501666667
2020/9/3 9:00,0,0,0,0,0,0,0,0,2,1.86779661
2020/9/3 10:00,0,0,0,0,0,0,0,0,3,3.11
2020/9/3 11:00,0,0,0,0,0,0,0,0,2,6.083333333
2020/9/3 12:00,0,0,0,0,0,0,0,0,2,7.795
2020/9/3 13:00,0,0,0,0,0,0,0,0,2,9.5
2020/9/3 14:00,0,0,0,0,0,0,0,0,2,8.508474576
2020/9/3 15:00,0,0,0,0,0,0,0,0,1,9.786440678
2020/9/3 16:00,0,0,0,0,0,0,0,0,1,10.472
2020/9/3 17:00,0,0,0,0,0,0,0,0,2,9.733333333
2020/9/3 18:00,0,0,0,0,0,0,0,0,2,8.403448276
2020/9/3 19:00,0,0,0,0,0,0,0,0,2,5.495652174
2020/9/3 20:00,0,0,0,0,0,0,0,0,7,0.563492063
2020/9/3 21:00,0,0,0,0,0,0,0,0,8,0.578333333
2020/9/3 22:00,0,0,0,0,0,0,0,0,8,0.686666667
2020/9/3 23:00,0,0,0,0,0,0,0,0,7,0.718333333
2020/9/4 0:00,0,0,0,0,0,0,0,0,7,0.661666667
2020/9/4 1:00,0,0,0,0,0,0,0,0,9,0.541666667
2020/9/4 2:00,0,0,0,0,0,0,0,0,10,5.037288136
2020/9/4 3:00,0,0,0,0,0,0,0,0,10,6.361666667
2020/9/4 4:00,0,0,0,0,0,0,0,0,11,5.113333333
2020/9/4 5:00,0,0,0,0,0,0,0,0,5,1.475
2020/9/4 6:00,0,0,0,0,0,0,0,0,2,0.405
2020/9/4 7:00,0,0,0,0,0,0,0,0,2,0.47
2020/9/4 8:00,0,0,0,0,0,0,0,0,2,0.488333333
2020/9/4 9:00,0,0,0,0,0,0,0,0,2,1.725
2020/9/4 10:00,0,0,0,0,0,0,0,0,2,4.106779661
2020/9/4 11:00,0,0,0,0,0,0,0,0,2,6.230188679
2020/9/4 12:00,0,0,0,0,0,0,0,0,2,7.418333333
2020/9/4 13:00,0,0,0,0,0,0,0,0,1,8.551282051
2020/9/4 14:00,0,0,0,0,0,0,0,0,2,7.647457627
2020/9/4 15:00,0,0,0,0,0,0,0,0,1,9.161016949
2020/9/4 16:00,0,0,0,0,0,0,0,0,1,6.993333333
2020/9/4 17:00,0,0,0,0,0,0,0,0,1,8.375
2020/9/4 18:00,0,0,0,0,0,0,0,0,2,9.011111111
2020/9/4 19:00,0,0,0,0,0,0,0,0,2,6.858730159
2020/9/4 20:00,0,0,0,0,0,0,0,0,3,4.976190476
2020/9/4 21:00,0,0,0,0,0,0,0,0,8,1.146341463
2020/9/4 22:00,0,0,0,0,0,0,0,0,9,0.204651163
2020/9/4 23:00,0,0,0,0,0,0,0,0,9,0.288888889
2020/9/5 0:00,0,0,0,0,0,0,0,0,8,0.456666667
2020/9/5 1:00,0,0,0,0,0,0,0,0,8,0.33
2020/9/5 2:00,0,0,0,0,0,0,0,0,10,1.822222222
2020/9/5 3:00,0,0,0,0,0,0,0,0,5,4.036507937
2020/9/5 4:00,0,0,0,0,0,0,0,0,2,8.559183673
2020/9/5 5:00,0,0,0,0,0,0,0,0,1,14.84615385
2020/9/5 6:00,0,0,0,0,0,0,0,0,1,14.40444444
2020/9/5 7:00,0,0,0,0,0,0,0,0,1,13.54833333
2020/9/5 8:00,0,0.4,0,0,0,0,0,0.4,2,11.98
2020/9/5 9:00,0.2,0.3,0.2,0.1,0.2,0.2,0,0.4,2,9.46
2020/9/5 10:00,0.4,0.8,0.3,0.4,0.1,0.3,0.1,0.9,1,11.05333333
2020/9/5 11:00,1.1,1.5,1.1,1.2,0.5,0.9,0.8,1.5,1,9.533898305
2020/9/5 12:00,0.5,0.1,0.4,0.2,0.6,0.7,0.4,0.2,5,5.188333333
2020/9/5 13:00,0,0,0,0,0,0,0,0,1,7.721666667
2020/9/5 14:00,0,0,0,0,0,0,0,0,2,5.344067797
2020/9/5 15:00,0,0,0,0,0,0,0,0,5,2.856666667
2020/9/5 16:00,0,0,0,0,0,0,0,0,1,4.341666667
2020/9/5 17:00,0,0,0,0,0,0,0,0,2,5.461666667
2020/9/5 18:00,0,0,0,0,0,0,0,0,1,6.715
2020/9/5 19:00,0,0,0,0,0,0,0,0,2,5.726666667
2020/9/5 20:00,0,0,0,0,0,0,0,0,2,3.826984127
2020/9/5 21:00,0,0,0,0,0,0,0,0,1,1.991666667
2020/9/5 22:00,0,0,0,0,0,0,0,0,7,0.409433962
2020/9/5 23:00,0,0,0,0,0,0,0,0,11,0.178333333
2020/9/6 0:00,0,0,0,0,0,0,0,0,4,2.665079365
2020/9/6 1:00,0,0,0,0,0,0,0,0,2,6.317948718
2020/9/6 2:00,0,0,0,0,0,0,0,0,,
2020/9/6 3:00,0,0,0,0,0,0,0,0,3,1.166666667
2020/9/6 4:00,0,0,0,0,0,0,0,0,6,0.157142857
2020/9/6 5:00,0,0,0,0,0,0,0,0.1,11,1.679591837
2020/9/6 6:00,0,0,0,0,0,0,0,0,11,1.6
2020/9/6 7:00,0,0,0,0,0,0,0,0,12,4.122641509
2020/9/6 8:00,0,0,0,0,0,0,0,0,11,3.963333333
2020/9/6 9:00,0,0,0,0,0,0,0,0,11,4.468571429
2020/9/6 10:00,0,0.1,0,0,0,0,0,0,10,2.846666667
2020/9/6 11:00,0,0,0,0,0,0,0,0,10,2.478333333
2020/9/6 12:00,0,0,0,0,0,0,0,0,10,5.55
2020/9/6 13:00,0,0,0,0,0,0,0,0,9,5.458333333
2020/9/6 14:00,0,0,0,0,0,0,0,0,3,9.006779661
2020/9/6 15:00,0,0.4,0.1,0.1,0,0.1,0,0.2,2,8.93220339
2020/9/6 16:00,0,0,0,0,0,0,0,0,2,6.975
2020/9/6 17:00,0,0,0,0,0,0,0,0,3,6.891666667
2020/9/6 18:00,0,0,0,0,0,0,0,0,7,0.491666667
2020/9/6 19:00,0,0,0,0,0,0,0,0,7,0.45
2020/9/6 20:00,0,0,0,0,0,0,0,0,7,0.428333333
2020/9/6 21:00,0,0,0,0,0,0,0,0,8,0.421666667
2020/9/6 22:00,0,0,0,0,0,0,0,0,8,0.58
2020/9/6 23:00,0,0,0,0,0,0,0,0,7,0.649206349
2020/9/7 0:00,0,0,0,0,0,0,0,0,7,0.675
2020/9/7 1:00,0,0,0,0,0,0,0,0,7,0.645
2020/9/7 2:00,0,0,0,0,0,0,0,0,8,0.572881356
2020/9/7 3:00,0,0,0,0,0,0,0,0,9,0.46
2020/9/7 4:00,0,0,0,0,0,0,0,0,9,0.388333333
2020/9/7 5:00,0,0,0,0,0,0,0,0,9,0.431481481
2020/9/7 6:00,0,0,0,0,0,0,0,0,9,0.378
2020/9/7 7:00,0,0,0,0,0,0,0,0,10,1.694827586
2020/9/7 8:00,0,0,0,0,0,0,0,0,9,2.115217391
2020/9/7 9:00,0,0,0,0,0,0,0,0,7,0.369811321
2020/9/7 10:00,0,0,0,0,0,0,0,0,6,0.624074074
2020/9/7 11:00,0,0,0,0,0,0,0,0,6,1.233898305
2020/9/7 12:00,0,0,0,0,0,0,0,0,6,7.70625
2020/9/7 13:00,0,0,0,0,0,0,0,0,6,7.698333333
2020/9/7 14:00,0,0,0,0,0,0,0,0,6,7.501724138
2020/9/7 15:00,0,0,0,0,0,0,0,0,7,6.648333333
2020/9/7 16:00,0,0,0,0,0,0,0,0,7,6.281666667
2020/9/7 17:00,0,0,0,0,0,0,0,0,7,5.256666667
2020/9/7 18:00,0,0,0,0,0,0,0,0,7,4.845
2020/9/7 19:00,0,0,0,0,0,0,0,0,7,6.937142857
2020/9/7 20:00,0,0,0,0,0,0,0,0,7,7.096296296
2020/9/7 21:00,0,0,0,0,0,0,0,0,6,9.451666667
2020/9/7 22:00,0,0,0,0,0,0,0,0,7,10.41666667
2020/9/7 23:00,0,0,0,0,0,0,0,0,8,9.648333333
2020/9/8 0:00,0,0,0,0,0,0,0,0,7,10.21166667
2020/9/8 1:00,0,0,0,0,0,0,0,0,8,12.165
2020/9/8 2:00,0,0,0,0,0,0,0,0,8,14.48983051
2020/9/8 3:00,0,0,0,0,0,0,0,0,8,14.13148148
2020/9/8 4:00,0,0,0,0,0,0,0,0,8,13.14102564
2020/9/8 5:00,0,0,0,0,0,0,0,0,8,11.38333333
2020/9/8 6:00,0,0,0,0,0,0,0,0,8,10.9
2020/9/8 7:00,0,0,0,0,0,0,0,0,8,10.22222222
2020/9/8 8:00,0,0,0,0,0,0,0,0,8,11.2
2020/9/8 9:00,0,0,0,0,0,0,0,0,7,9.303846154
2020/9/8 10:00,0,0,0,0,0,0,0,0,7,7.08
2020/9/8 11:00,0,0,0,0,0,0,0,0,7,6.834782609
2020/9/8 12:00,0,0,0,0,0,0,0,0,7,6.843181818
2020/9/8 13:00,0,0,0,0,0,0,0,0,6,6.286046512
2020/9/8 14:00,0,0,0,0,0,0,0,0,7,4.088
2020/9/8 15:00,0,0,0,0,0,0,0,0,5,1.2775
2020/9/8 16:00,0.3,0.7,0.1,0.7,0,0.6,0,0.7,2,3.936666667
2020/9/8 17:00,1.2,1.4,1.2,1.1,0.8,1,1.1,1.1,2,4.6
2020/9/8 18:00,1.7,1.9,1.7,1.7,1.6,1.7,1.7,1.9,2,0.772463768
2020/9/8 19:00,0.9,0.9,1,1,1.1,1.1,1,0.8,3,3.742857143
2020/9/8 20:00,1.6,1.4,1.7,1.4,1.9,1.7,1.7,1.6,4,5.333898305
2020/9/8 21:00,0.9,0.6,0.9,0.7,0.8,1,0.7,0.6,3,5.641666667
2020/9/8 22:00,0.5,0.3,0.3,0.4,0.7,0.4,0.7,0.3,3,4.276666667
2020/9/8 23:00,0.7,0.7,0.8,0.9,0.8,0.8,0.7,0.7,2,4.053333333
2020/9/9 0:00,0.6,0.5,0.5,0.4,0.4,0.6,0.4,0.5,2,3.874242424
2020/9/9 1:00,0,0,0.1,0,0,0,0.1,0,2,4.175757576
2020/9/9 2:00,0,0,0,0.1,0.2,0.1,0,0,3,2.238888889
2020/9/9 3:00,0,0.1,0.1,0,0.1,0,0.1,0.1,3,2.226666667
2020/9/9 4:00,0.1,0,0,0,0,0,0,0,4,0.194
2020/9/9 5:00,0,0.2,0,0,0,0,0.1,0.1,4,1.696825397
2020/9/9 6:00,0.7,0.7,0.5,0.5,0.6,0.3,0.5,0.4,2,3.355555556
2020/9/9 7:00,1.9,2.8,3.3,2.5,3.1,1.9,3,3.2,2,10.46792453
2020/9/9 8:00,0.5,0.3,0.7,0.3,0.3,1,0.3,0.7,2,11.77037037
2020/9/9 9:00,0,0,0,0,0.2,0.1,0.1,0,2,10.05555556
2020/9/9 10:00,0,0,0,0,0,0,0,0,1,11.7
2020/9/9 11:00,0,0,0,0,0,0,0,0,1,11.55862069
2020/9/9 12:00,0,0,0,0,0,0,0,0,1,11.77142857
2020/9/9 13:00,0,0,0,0,0,0,0,0,2,12.80666667
2020/9/9 14:00,0,0,0,0,0,0,0,0,2,13.5637931
2020/9/9 15:00,0,0,0,0,0,0,0,0,1,10.77833333
2020/9/9 16:00,0,0,0,0,0,0,0,0,2,7.243333333
2020/9/9 17:00,0,0,0,0,0,0,0,0,1,6.791666667
2020/9/9 18:00,0,0,0,0,0,0,0,0,1,8.835555556
2020/9/9 19:00,0,0,0,0,0,0,0,0,1,8.101515152
2020/9/9 20:00,0,0,0,0,0,0,0,0,1,6.351785714
2020/9/9 21:00,0,0,0,0,0,0,0,0,3,5.374242424
2020/9/9 22:00,0,0,0,0,0,0,0,0,1,3.173333333
2020/9/9 23:00,0,0,0,0,0,0,0,0,1,4.29
2020/9/10 0:00,0,0,0,0,0,0,0,0,5,1.42
2020/9/10 1:00,0,0,0,0,0,0,0,0,10,0.394339623
2020/9/10 2:00,0,0,0,0,0,0,0,0,11,4.832692308
2020/9/10 3:00,0,0,0,0,0,0,0,0,12,3.45
2020/9/10 4:00,0,0,0,0,0,0,0,0,1,5.34
2020/9/10 5:00,0,0,0,0,0,0,0,0,1,9.631666667
2020/9/10 6:00,0,0,0,0,0,0,0,0,2,9.560655738
2020/9/10 7:00,0,0,0,0,0,0,0,0,2,10.16666667
2020/9/10 8:00,0,0,0,0,0,0,0,0,2,7.775675676
2020/9/10 9:00,0,0,0,0,0,0,0,0,2,3.467241379
2020/9/10 10:00,0,0,0,0,0,0,0,0,7,0.69
2020/9/10 11:00,0,0,0,0,0,0,0,0,4,2.660714286
2020/9/10 12:00,0,0,0,0,0,0,0,0,5,3.107142857
2020/9/10 13:00,0,0,0,0,0,0,0,0,2,5.033333333
2020/9/10 14:00,0,0,0,0,0,0,0,0,4,4.439622642
2020/9/10 15:00,0,0,0,0,0,0,0,0,3,3.252542373
2020/9/10 16:00,0,0,0,0,0,0,0,0,5,2.610810811
2020/9/10 17:00,0,0,0,0,0,0,0,0,2,1.75
2020/9/10 18:00,0,0,0,0,0,0,0,0,7,4.825
2020/9/10 19:00,0,0,0,0,0,0,0,0,6,6.67
2020/9/10 20:00,0,0,0,0,0,0,0,0,6,8.805
2020/9/10 21:00,0,0,0,0,0,0,0,0,7,11.14067797
2020/9/10 22:00,0,0,0,0,0,0,0,0,7,10.44
2020/9/10 23:00,0,0,0,0,0,0,0,0,7,9.285714286
2020/9/11 0:00,0,0,0,0,0,0,0,0,7,5.893939394
2020/9/11 1:00,0,0,0,0,0,0,0,0,8,4.797777778
2020/9/11 2:00,0,0,0,0,0,0,0,0,7,1.606521739
2020/9/11 3:00,0,0,0,0,0,0,0,0,1,2.971153846
2020/9/11 4:00,0,0,0,0,0,0,0,0,2,4.066666667
2020/9/11 5:00,0,0,0,0,0,0,0,0,1,4.16779661
2020/9/11 6:00,0,0,0,0,0,0,0,0,2,2.044736842
2020/9/11 7:00,0,0,0,0,0,0,0,0,1,5.859677419
2020/9/11 8:00,0,0,0,0,0,0,0,0,5,3.406060606
2020/9/11 9:00,0,0,0,0,0,0,0,0,8,0.423809524
2020/9/11 10:00,0.1,0,0,0,0,0.1,0,0,8,6.606666667
2020/9/11 11:00,0,0,0,0,0,0,0,0,9,14.61333333
2020/9/11 12:00,0,0,0,0,0,0,0,0,9,12.98833333
2020/9/11 13:00,0,0,0,0,0,0,0,0,9,10.855
2020/9/11 14:00,0,0,0,0,0,0,0,0,9,10.29152542
2020/9/11 15:00,0,0,0,0,0,0,0,0,8,7.204918033
2020/9/11 16:00,0,0,0,0,0,0,0,0,7,5.986956522
2020/9/11 17:00,0,0,0,0,0,0,0,0,5,4.687179487
2020/9/11 18:00,0,0,0,0,0,0,0,0,2,5.477358491
2020/9/11 19:00,0,0,0,0,0,0,0,0,1,6.753030303
2020/9/11 20:00,0,0,0,0,0,0,0,0,1,6.97
2020/9/11 21:00,0,0,0,0,0,0,0,0,1,6.331666667
2020/9/11 22:00,0,0,0,0,0,0,0,0,1,7.93
2020/9/11 23:00,0,0,0,0,0,0,0,0,1,5.547619048
2020/9/12 0:00,0,0,0,0,0,0,0,0,7,2.348333333
2020/9/12 1:00,0,0,0,0,0,0,0,0,2,6.486666667
2020/9/12 2:00,0,0,0,0,0,0,0,0,1,14.63611111
2020/9/12 3:00,0,0,0,0,0,0,0,0,1,18.70833333
2020/9/12 4:00,0,0,0,0,0,0,0,0,2,16.252
2020/9/12 5:00,0,0,0,0,0,0,0,0,2,15.00285714
2020/9/12 6:00,0,0,0,0,0,0,0,0,2,12.55666667
2020/9/12 7:00,0,0,0,0,0,0,0,0,2,10.66666667
2020/9/12 8:00,0,0,0,0,0,0,0,0,2,9.12
2020/9/12 9:00,0,0,0,0,0,0,0,0,3,4.828333333
2020/9/12 10:00,0,0,0,0,0,0,0,0,5,2.049152542
2020/9/12 11:00,0,0,0,0,0,0,0,0,8,0.663333333
2020/9/12 12:00,0,0,0,0,0,0,0,0,9,0.666666667
2020/9/12 13:00,0,0,0,0,0,0,0,0,9,0.5
2020/9/12 14:00,0,0,0,0,0,0,0,0,8,0.586440678
2020/9/12 15:00,0,0,0,0,0,0,0,0,7,3.836666667
2020/9/12 16:00,0,0,0,0,0,0,0,0,6,5.505555556
2020/9/12 17:00,0,0,0,0,0,0,0,0,,
2020/9/12 18:00,0,0,0,0,0,0,0,0,,
2020/9/12 19:00,0,0,0,0,0,0,0,0,6,0.480769231
2020/9/12 20:00,0,0,0,0,0,0,0,0,7,0.455
2020/9/12 21:00,0,0,0,0,0,0,0,0,6,0.477966102
2020/9/12 22:00,0,0,0,0,0,0,0,0,4,0.243333333
2020/9/12 23:00,0,0,0,0,0,0,0,0,1,0.263333333
2020/9/13 0:00,0,0,0,0,0,0,0,0,2,0.473684211
2020/9/13 1:00,0,0,0,0,0,0,0,0,2,3.808695652
2020/9/13 2:00,0,0,0,0,0,0,0,0,2,6.52244898
2020/9/13 3:00,0,0.1,0,0,0,0,0,0.1,2,6.203703704
2020/9/13 4:00,0.1,0.3,0.2,0.2,0,0,0,0.3,2,6.677777778
2020/9/13 5:00,2.1,2.9,1.6,1.7,1.6,0.8,1.8,2.4,2,8.090909091
2020/9/13 6:00,2.5,2.9,3.8,2.5,2.7,3.1,2.9,3,,
2020/9/13 7:00,0.5,0.4,0.8,0.6,0.6,1.1,0.6,0.4,,
2020/9/13 8:00,1.1,1,1,0.9,0.8,0.6,0.8,0.8,,
2020/9/13 9:00,0.4,0,0.5,0.1,0.4,0.7,0.4,0.1,,
2020/9/13 10:00,0,0,0,0,0.2,0,0,0,,
2020/9/13 11:00,0,0,0,0,0,0,0,0,,
2020/9/13 12:00,0,0,0,0,0,0,0,0,,
2020/9/13 13:00,0,0,0,0,0,0,0,0,,
2020/9/13 14:00,0,0,0,0,0,0,0,0,,
2020/9/13 15:00,0,0,0,0,0,0,0,0,,
2020/9/13 16:00,0.4,0,0.2,0,0,0.2,0.8,0,,
2020/9/13 17:00,0.2,0,0.1,0,0.3,0.1,0.2,0.1,,
2020/9/13 18:00,1.2,0.7,0.4,1,1.6,0.6,1.2,0.8,2,4.731034483
2020/9/13 19:00,0.1,0.2,0.1,0.1,0.5,0.5,0.1,0.1,1,3.705
2020/9/13 20:00,0,0,0,0,0,0,0.1,0.1,5,1.252542373
2020/9/13 21:00,0,0,0.1,0,0.2,0,0,0,9,0.540816327
2020/9/13 22:00,0,0,0,0,0,0,0.1,0,9,1.902222222
2020/9/13 23:00,0,0,0,0,0.2,0,0,0,7,8.256410256
2020/9/14 0:00,0,0,0.1,0,0,0,0,0,7,8.658064516
2020/9/14 1:00,0,0,0,0,0,0,0,0,7,7.065454545
2020/9/14 2:00,0,0,0,0,0,0,0,0,9,6.932
2020/9/14 3:00,0,0,0,0,0,0,0,0,9,0.367307692
2020/9/14 4:00,0.5,0.5,0.5,0.4,0.7,0.3,0.6,0.5,9,0.270588235
2020/9/14 5:00,0.1,0.1,0,0,0.1,0.3,0.1,0,4,0.431707317
2020/9/14 6:00,0,0.1,0.1,0,0,0,0,0.1,8,1.062068966
2020/9/14 7:00,0,0,0,0.1,0,0,0,0,9,0.254166667
2020/9/14 8:00,0,0,0,0,0,0,0,0,9,0.377419355
2020/9/14 9:00,0,0,0,0,0,0,0,0,9,0.665714286
2020/9/14 10:00,0,0,0,0,0,0,0,0,2,4.766666667
2020/9/14 11:00,0,0,0,0,0,0,0,0,2,6.072881356
2020/9/14 12:00,0,0,0,0,0,0,0,0,2,11.20169492
2020/9/14 13:00,0,0,0,0,0,0,0,0,2,12.83965517
2020/9/14 14:00,0,0,0,0,0,0,0,0,1,12.78363636
2020/9/14 15:00,0,0,0,0,0,0,0,0,1,11.81206897
2020/9/14 16:00,1.1,3.5,1.1,1.1,0,0.4,0.6,3.6,1,18.52807018
2020/9/14 17:00,5.6,6.5,6.3,5.5,3.3,6.3,4.5,6.3,1,16.79
2020/9/14 18:00,0.5,0.4,0.6,0.3,0.1,0.9,0.3,0.4,2,11.105
2020/9/14 19:00,0,0,0,0,0,0,0,0,1,10.32777778
2020/9/14 20:00,0.8,2,0.8,0.8,0.4,0.9,0.4,1.7,1,9.888333333
2020/9/14 21:00,0.1,0.1,0.2,0.1,0.1,0.3,0,0.3,1,8.361666667
2020/9/14 22:00,0.2,0.3,0.1,0.1,0,0.1,0,0.2,2,6.99
2020/9/14 23:00,0,0,0,0,0,0,0,0,1,3.573333333
2020/9/15 0:00,0,0.1,0,0,0,0,0,0,1,0
2020/9/15 1:00,0,0,0,0,0,0,0,0,1,0
2020/9/15 2:00,0,0,0,0,0,0,0,0,2,0
2020/9/15 3:00,0,0,0,0,0,0,0,0,2,0
2020/9/15 4:00,0,0,0,0,0,0,0,0,4,0
2020/9/15 5:00,0,0,0,0,0,0,0,0,4,0
2020/9/15 6:00,0,0,0,0,0,0,0,0,,
2020/9/15 7:00,0,0,0,0,0,0,0,0,10,0
2020/9/15 8:00,0,0,0,0,0,0,0,0,3,0
2020/9/15 9:00,0,0,0,0,0,0,0,0,2,0
2020/9/15 10:00,0,0,0,0,0,0,0,0,2,0
2020/9/15 11:00,0,0,0,0,0,0,0,0,2,0.002564103
2020/9/15 12:00,0,0,0,0,0,0,0,0,3,0.7
2020/9/15 13:00,0,0,0,0,0,0,0,0,7,2.35483871
2020/9/15 14:00,0,0,0,0,0,0,0,0,4,3.303448276
2020/9/15 15:00,0,0,0,0,0,0,0,0,2,5.298333333
2020/9/15 16:00,0,0,0,0,0,0,0,0,1,9.286440678
2020/9/15 17:00,0,0,0,0,0,0,0,0,2,8.385
2020/9/15 18:00,0,0,0,0,0,0,0,0,2,6.313793103
2020/9/15 19:00,0,0,0,0,0,0,0,0,4,2.33220339
2020/9/15 20:00,0,0,0,0,0,0,0,0,8,0.398333333
2020/9/15 21:00,0,0,0,0,0,0,0,0,9,0.546666667
2020/9/15 22:00,0,0,0,0,0,0,0,0,8,0.613157895
2020/9/15 23:00,0,0,0,0,0,0,0,0,7,0.671428571
2020/9/16 0:00,0,0,0,0,0,0,0,0,7,0.658064516
2020/9/16 1:00,0,0,0,0,0,0,0,0,8,0.63
2020/9/16 2:00,0,0,0,0,0,0,0,0,7,0.62244898
2020/9/16 3:00,0,0,0,0,0,0,0,0,8,0.459183673
2020/9/16 4:00,0,0,0,0,0,0,0,0,10,0.433333333
2020/9/16 5:00,0,0,0,0,0,0,0,0,11,0.404651163
2020/9/16 6:00,0,0,0,0,0,0,0,0,11,0.397619048
2020/9/16 7:00,0,0,0,0,0,0,0,0,2,0.3375
2020/9/16 8:00,0,0,0,0,0,0,0,0,2,2.444444444
2020/9/16 9:00,0,0,0,0,0,0,0,0,2,4.575
2020/9/16 10:00,0,0,0,0,0,0,0,0,1,5.215
2020/9/16 11:00,0,0,0,0,0,0,0,0,2,9.2
2020/9/16 12:00,0,0,0,0,0,0,0,0,2,12.93898305
2020/9/16 13:00,0,0,0,0,0,0,0,0,2,13.45172414
2020/9/16 14:00,0,0,0,0,0,0,0,0,2,12.5559322
2020/9/16 15:00,0,0,0,0,0,0,0,0,2,9.744444444
2020/9/16 16:00,0,0,0,0,0,0,0,0,2,12.768
2020/9/16 17:00,0,0,0,0,0,0,0,0,2,12.94333333
2020/9/16 18:00,0,0,0,0,0,0,0,0,2,9.545454545
2020/9/16 19:00,0,0,0,0,0,0,0,0,2,3.715873016
2020/9/16 20:00,0,0,0,0,0,0,0,0,2,2.709433962
2020/9/16 21:00,0,0,0,0,0,0,0,0,4,2.592063492
2020/9/16 22:00,0,0,0,0,0,0,0,0,1,3.665079365
2020/9/16 23:00,0,0,0,0,0,0,0,0,1,5.821666667
2020/9/17 0:00,0,0,0,0,0,0,0,0,1,10.11509434
2020/9/17 1:00,0.1,0,0,0,0,0,0,0,5,3.448333333
2020/9/17 2:00,0.2,0,0,0.1,0,0.1,0.1,0,8,0.222580645
2020/9/17 3:00,0,0,0,0,0,0,0,0,6,2.369811321
2020/9/17 4:00,0,0,0,0,0,0.1,0,0,12,3.070731707
2020/9/17 5:00,0,0,0,0,0,0,0,0,11,1.945945946
2020/9/17 6:00,0,0,0,0,0,0,0,0,9,0.309259259
2020/9/17 7:00,0,0.1,0,0,0,0,0,0,9,0.339655172
2020/9/17 8:00,0,0,0.1,0,0,0,0,0.3,10,0.458823529
2020/9/17 9:00,0,0,0,0,0,0,0,0,10,0.485
2020/9/17 10:00,0,0,0,0,0,0,0,0,10,0.5
2020/9/17 11:00,0,0,0,0,0,0,0,0,10,5.713333333
2020/9/17 12:00,0,0,0,0,0,0,0,0,9,5.504255319
2020/9/17 13:00,0,0,0,0,0,0,0,0,10,4.911538462
2020/9/17 14:00,0,0,0,0,0,0,0,0,10,2.524324324
2020/9/17 15:00,0,0,0,0,0,0,0,0,11,4.058333333
2020/9/17 16:00,0,0,0,0,0,0,0,0,4,3.731666667
2020/9/17 17:00,0,0,0,0,0,0,0,0,2,3.933333333
2020/9/17 18:00,0,0,0,0,0,0,0,0,1,6.936666667
2020/9/17 19:00,0,0,0,0,0,0,0,0,2,6.418333333
2020/9/17 20:00,0,0,0,0,0,0,0,0,2,4.03
2020/9/17 21:00,0,0,0,0,0,0,0,0,5,3.583333333
2020/9/17 22:00,0,0,0,0,0,0,0,0,6,4.278846154
2020/9/17 23:00,0,0,0,0,0,0,0,0,8,6.823728814
2020/9/18 0:00,0,0,0,0,0,0,0,0,7,6.955172414
2020/9/18 1:00,0,0,0,0,0,0,0,0,7,6.952272727
2020/9/18 2:00,0,0,0,0,0,0,0,0,8,6.764285714
2020/9/18 3:00,0,0,0,0,0,0,0,0,8,6.935294118
2020/9/18 4:00,0,0,0,0,0,0,0,0,9,7.94137931
2020/9/18 5:00,0,0,0,0,0,0,0,0,9,7.561538462
2020/9/18 6:00,0,0,0,0,0,0,0,0,10,6.56097561
2020/9/18 7:00,0,0,0,0,0,0,0,0,11,5.415
2020/9/18 8:00,0,0,0,0,0,0,0,0,10,3.745762712
2020/9/18 9:00,0,0,0,0,0,0,0,0,8,0.870689655
2020/9/18 10:00,0,0,0,0,0,0,0,0,7,0.545
2020/9/18 11:00,0,0,0,0,0,0,0,0,7,1.336666667
2020/9/18 12:00,0,0,0,0,0,0,0,0,7,5.732608696
2020/9/18 13:00,0,0,0,0,0,0,0,0,7,5.985
2020/9/18 14:00,0,0,0,0,0,0,0,0,8,6.315254237
2020/9/18 15:00,0,0,0,0,0,0,0,0,5,4.536666667
2020/9/18 16:00,0,0,0,0,0,0,0,0,3,3.458333333
2020/9/18 17:00,0,0,0,0,0,0,0,0,5,2.254237288
2020/9/18 18:00,0,0,0,0,0,0,0,0,3,0.269491525
2020/9/18 19:00,0,0,0,0,0,0,0,0,3,2.648
2020/9/18 20:00,0,0,0,0,0,0,0,0,5,4.266666667
2020/9/18 21:00,0,0,0,0,0,0,0,0,6,5.903703704
2020/9/18 22:00,0,0,0,0,0,0,0,0,7,8.570731707
2020/9/18 23:00,0,0,0,0,0,0,0,0,7,10.95333333
2020/9/19 0:00,0,0,0,0,0,0,0,0,7,10.5775
2020/9/19 1:00,0,0,0,0,0,0,0,0,8,9.948148148
2020/9/19 2:00,0,0,0,0,0,0,0,0,9,7.245454545
2020/9/19 3:00,0,0,0,0,0,0,0,0,10,5.256
2020/9/19 4:00,0,0,0,0,0,0,0,0,10,4.088333333
2020/9/19 5:00,0,0,0,0,0,0,0,0,7,1.94
2020/9/19 6:00,0,0,0,0,0,0,0,0,3,0.25
2020/9/19 7:00,0,0,0,0,0,0,0,0,8,0.255172414
2020/9/19 8:00,0,0,0,0,0,0,0,0,9,0.129032258
2020/9/19 9:00,0,0,0,0,0,0,0,0,8,0.411764706
2020/9/19 10:00,0,0,0,0,0,0,0,0,7,0.6
2020/9/19 11:00,0,0,0,0,0,0,0,0,7,0.583333333
2020/9/19 12:00,0,0,0,0,0,0,0,0,6,1.343333333
2020/9/19 13:00,0,0,0,0,0,0,0,0,7,6.357627119
2020/9/19 14:00,0,0,0,0,0,0,0,0,5,6.116666667
2020/9/19 15:00,0,0,0,0,0,0,0,0,6,5.376923077
2020/9/19 16:00,0,0,0,0,0,0,0,0,5,5.07
2020/9/19 17:00,0,0,0,0,0,0,0,0,6,4.05
2020/9/19 18:00,0,0,0,0,0,0,0,0,6,1.706451613
2020/9/19 19:00,0,0,0,0,0,0,0,0,5,0.320930233
2020/9/19 20:00,0,0,0,0,0,0,0,0,7,0.544186047
2020/9/19 21:00,0,0,0,0,0,0,0,0,7,10.5
2020/9/19 22:00,0,0,0,0,0,0,0,0,7,10.02407407
2020/9/19 23:00,0,0,0,0,0,0,0,0,8,10.20434783
2020/9/20 0:00,0,0,0,0,0,0,0,0,8,8.826315789
2020/9/20 1:00,0,0,0,0,0,0,0,0,8,9.238461538
2020/9/20 2:00,0,0,0,0,0,0,0,0,9,6.952380952
2020/9/20 3:00,0,0,0,0,0,0,0,0,8,6.557894737
2020/9/20 4:00,0,0,0,0,0,0,0,0,8,3.833333333
2020/9/20 5:00,0,0,0,0,0,0,0,0,7,3.173684211
2020/9/20 6:00,0,0,0,0,0,0,0,0,6,2.245762712
2020/9/20 7:00,0,0,0,0,0,0,0,0,5,2.925925926
2020/9/20 8:00,0,0,0,0,0,0,0,0,2,2.822727273
2020/9/20 9:00,0,0,0,0,0,0,0,0,5,1.992105263
2020/9/20 10:00,0,0,0,0,0,0,0,0,5,1.367567568
2020/9/20 11:00,0,0,0,0,0,0,0,0,5,2.184
2020/9/20 12:00,0,0,0,0,0,0,0,0,2,6.777777778
2020/9/20 13:00,0,0,0,0,0,0,0,0,1,7.4
2020/9/20 14:00,0,0,0,0,0,0,0,0,1,11.28571429
2020/9/20 15:00,0,0,0,0,0,0,0,0,1,11.85
2020/9/20 16:00,0,0,0,0,0,0,0,0,2,12.075
2020/9/20 17:00,0,0,0,0,0,0,0,0,2,11.47428571
2020/9/20 18:00,0,0,0,0,0,0,0,0,1,11.4375
2020/9/20 19:00,0,0,0,0,0,0,0,0,,
2020/9/20 20:00,0,0,0,0,0,0,0,0,,
2020/9/20 21:00,0,0,0,0,0,0,0,0,,
2020/9/20 22:00,0,0,0,0,0,0,0,0,,
2020/9/20 23:00,0,0,0,0,0,0,0,0,,
2020/9/21 0:00,0,0,0,0,0,0,0,0,,
2020/9/21 1:00,0,0,0,0,0,0,0,0,,
2020/9/21 2:00,0.3,1.3,0.4,0.7,0,0,0.1,1.2,2,6.630434783
2020/9/21 3:00,0.7,1.4,1.4,0.9,0.9,1.2,1,1.4,2,6.811538462
2020/9/21 4:00,2,3.2,2.1,2.1,1.2,2.4,1.4,3.4,1,10.97
2020/9/21 5:00,0.6,0.7,1,0.6,0.3,0.9,0.5,0.8,2,8.496666667
2020/9/21 6:00,0.2,0.7,0.4,0.3,0.3,0.1,0.3,0.7,2,7.53
2020/9/21 7:00,0.2,0.4,0.5,0.1,0.2,0.3,0.2,0.4,1,8.628333333
2020/9/21 8:00,0,0,0,0,0,0.1,0,0,2,6.66
2020/9/21 9:00,0.5,0.4,0.2,0.2,0,0.4,0,0.3,3,2.687234043
2020/9/21 10:00,0.1,2,0,0,0,0.1,0,1,4,0.623333333
2020/9/21 11:00,0.5,0.7,0.5,0.6,0.6,0.7,0.2,0.8,6,0.353333333
2020/9/21 12:00,0,0.6,0.4,0,0.5,0,0.2,1.2,3,1.726666667
2020/9/21 13:00,0,0,0.1,0,0.3,0,0,0,4,1.788333333
2020/9/21 14:00,0,0.5,0,0,0,0,0,1,6,1.037288136
2020/9/21 15:00,0,0.1,0,0,0,0,0,0.1,7,0.491666667
2020/9/21 16:00,0.1,0.1,0,0,0,0,0,0.1,5,0.323333333
2020/9/21 17:00,0,0.1,0,0.1,0.2,0,0.2,0.1,6,0.375
2020/9/21 18:00,0.6,0.4,0.7,0.5,0.4,0.6,0.5,0.5,7,0.6
2020/9/21 19:00,0.4,0.3,0.6,0.3,0.3,0.3,0.5,0.2,6,0.696666667
2020/9/21 20:00,0,0,0,0.1,0,0.1,0,0.1,8,2.916666667
2020/9/21 21:00,0,0,0,0,0,0,0,0,8,6.496666667
2020/9/21 22:00,0.1,0.2,0.2,0.1,0.3,0.1,0.1,0.2,8,5.026666667
2020/9/21 23:00,0.9,1.9,1,0.7,0.5,0.6,0.7,2.1,2,5.681666667
2020/9/22 0:00,0.7,1.1,0.5,0.5,0.6,0.8,0.4,1.2,1,12.77166667
2020/9/22 1:00,0.1,0.2,0.2,0,0,0.2,0,0.3,1,16.17833333
2020/9/22 2:00,0.1,0.3,0.1,0.1,0,0.1,0.1,0.3,1,15.31186441
2020/9/22 3:00,0,0,0,0,0,0,0,0,1,12.64333333
2020/9/22 4:00,0,0,0,0,0,0,0,0,1,10.575
2020/9/22 5:00,0,0,0,0,0,0,0,0,1,9.265
2020/9/22 6:00,0,0,0,0,0,0,0,0,2,6.175
2020/9/22 7:00,0,0,0,0,0,0,0,0,2,4.375
