,year,month,day,hour,rainfall_6h,totalCloud,WD,WV,Transformation_3h,dewPoint,visibility,temperature,temperatureChange_24h,transformer_24h,rainfall_ww,rainfall_yc,WV_x,WV_y,rainfall
2018-01-01,2018.0,1.0,1.0,12.5,0.0,4.25,211.25,7.375,0.375,-20.687500000000004,29.875,-12.5625,-2.125,-1.75,0.0,0.0,-3.1677335758750007,0.996517922875,0.0
2018-01-02,2018.0,1.0,2.0,12.5,0.0625,8.0,192.5,5.375,0.0,-18.075,29.875,-14.1,-1.625,1.125,0.0,0.0,-3.9293491682500004,0.716859601875,0.25
2018-01-03,2018.0,1.0,3.0,12.5,0.05,7.75,157.5,9.75,-4.25,-15.174999999999999,29.25,-13.7375,0.5,-1.5,0.30000000000000004,0.05,-8.80235758775,3.7497515046250003,0.2
2018-01-04,2018.0,1.0,4.0,12.5,0.0,5.375,172.5,3.375,-2.0,-14.5625,29.75,-9.775,2.375,-2.25,0.15,0.0,-2.3326139071250003,1.6224387778749998,0.0
2018-01-05,2018.0,1.0,5.0,12.5,0.0,6.0,226.25,6.5,-2.625,-19.462500000000002,22.9,-9.712500000000002,0.5,-1.5,0.1,0.1,-0.7987778854999998,-1.1177905047499999,0.0
2018-01-06,2018.0,1.0,6.0,12.5,0.05,7.875,326.25,6.875,4.125,-20.3125,25.125,-18.275,-6.375,1.25,0.1,0.85,5.56313881975,-3.4788350974999998,0.2
2018-01-07,2018.0,1.0,7.0,12.5,0.11249999999999999,8.0,342.5,7.125,4.75,-23.3375,30.0,-20.312499999999996,-2.0,1.125,0.0,0.05,6.681787106,-1.658534870375001,0.44999999999999996
2018-01-08,2018.0,1.0,8.0,12.5,0.0,4.875,222.5,3.875,1.75,-27.850000000000005,30.0,-17.025000000000002,2.0,3.0,0.0,0.0,3.138846527,-0.34207156362499996,0.0
2018-01-09,2018.0,1.0,9.0,12.5,0.0,4.25,346.25,8.125,4.125,-28.150000000000002,30.0,-14.199999999999998,2.625,1.5,0.0,0.0,7.596784811125,-0.9087016928750016,0.0
2018-01-10,2018.0,1.0,10.0,12.5,0.0,4.25,260.0,5.625,0.0,-26.675,30.0,-12.662500000000001,1.5,1.125,0.0,0.0,5.19205326325,-0.7452622402500009,0.0
2018-01-11,2018.0,1.0,11.0,12.5,0.0,6.0,237.5,4.75,-1.125,-25.625,29.875,-10.7,1.25,0.125,0.0,0.0,3.843511619625,0.3950858304999995,0.0
2018-01-12,2018.0,1.0,12.0,12.5,0.0,7.0,203.75,2.875,-4.625,-25.9,29.625,-8.4125,1.5,-3.125,0.0,0.0,0.4609148439999999,-0.019267815624999962,0.0
2018-01-13,2018.0,1.0,13.0,12.5,0.0,4.5,207.5,5.5,-0.625,-24.924999999999997,29.875,-8.575,-0.25,-1.0,0.0,0.0,1.999149108375,0.1164445435,0.0
2018-01-14,2018.0,1.0,14.0,12.5,0.0,5.25,178.75,5.625,-4.0,-21.299999999999997,29.0,-7.137499999999999,1.25,-1.375,0.0,0.0,-4.029225502749999,0.79870789375,0.0
2018-01-15,2018.0,1.0,15.0,12.5,0.0,6.875,240.0,7.5,4.625,-21.525,30.0,-9.875,-1.625,1.125,0.0,0.0,6.033262594125,-0.3383633997500004,0.0
2018-01-16,2018.0,1.0,16.0,12.5,0.0,5.875,266.25,8.375,-7.75,-20.725,29.125,-8.5,1.125,-3.25,0.0,0.0,2.59476284925,-4.0032983565,0.0
2018-01-17,2018.0,1.0,17.0,12.5,0.0,7.25,188.75,5.0,6.75,-19.2,29.625,-12.149999999999999,-3.5,1.5,0.0,0.0,-0.9194197215000002,-0.14952095975000015,0.0
2018-01-18,2018.0,1.0,18.0,12.5,0.0,8.0,211.25,2.75,4.875,-21.837500000000002,29.375,-9.3,2.75,3.375,0.0,0.0,-0.49100687612499994,-0.11377263712499995,0.0
2018-01-19,2018.0,1.0,19.0,12.5,0.0,5.625,250.0,5.0,-0.75,-18.924999999999997,26.25,-9.3125,-1.0,0.125,0.0,0.0,2.473599997125,-1.4462721216250003,0.0
2018-01-20,2018.0,1.0,20.0,12.5,0.0,6.25,221.25,3.375,-1.25,-20.8375,29.25,-9.3875,0.5,-0.5,0.0,0.0,-1.004810687375,0.3542323434999999,0.0
2018-01-21,2018.0,1.0,21.0,12.5,0.0,7.75,231.25,6.0,-3.5,-18.2625,30.0,-11.074999999999998,-1.375,-2.0,0.0,0.0,0.219606289,1.6670196524999998,0.0
2018-01-22,2018.0,1.0,22.0,12.5,0.0,3.625,178.75,3.5,1.0,-17.0375,29.5,-10.749999999999998,0.25,-0.875,0.0,0.0,-1.6228701340000002,0.464193976125,0.0
2018-01-23,2018.0,1.0,23.0,12.5,0.0,3.375,178.75,5.375,-2.125,-19.15,28.75,-10.275,0.0,0.0,0.0,0.0,0.4703334136249998,0.8677775621249995,0.0
2018-01-24,2018.0,1.0,24.0,12.5,0.0125,7.875,180.0,8.0,-2.375,-18.0875,25.375,-11.875,-1.375,-2.5,0.0,0.0,-6.07485614825,1.9835854190000004,0.05
2018-01-25,2018.0,1.0,25.0,12.5,0.0625,5.875,237.5,5.875,3.875,-18.7875,29.75,-12.225000000000001,0.625,1.625,0.0,0.0,2.3798106874999996,0.6258180148749994,0.25
2018-01-26,2018.0,1.0,26.0,12.5,0.0,7.375,191.25,7.25,-4.625,-20.325,29.75,-10.900000000000002,1.0,-1.125,0.0,0.0,-3.548891288,1.239011697125,0.0
2018-01-27,2018.0,1.0,27.0,12.5,0.125,7.75,251.25,6.25,4.0,-19.1625,29.875,-15.05,-2.625,0.875,0.6499999999999999,0.05,5.0679371735,-2.1335891856250004,0.5
2018-01-28,2018.0,1.0,28.0,12.5,0.0875,7.5,212.5,3.625,3.625,-20.437499999999996,30.0,-18.425,-3.75,2.5,0.15000000000000002,0.1,-1.3880086362500001,0.36882638125000006,0.35
2018-01-29,2018.0,1.0,29.0,12.5,0.0,6.875,207.5,6.25,-2.25,-21.150000000000002,30.0,-16.2,2.5,-0.375,0.0,0.0,-1.3458539875,-0.5234462246250001,0.0
2018-01-30,2018.0,1.0,30.0,12.5,0.0,7.875,307.5,8.625,7.0,-23.087500000000002,30.0,-19.4875,-2.75,1.0,0.9,0.5,8.328009329125,-0.6582573635000013,0.0
2018-01-31,2018.0,1.0,31.0,12.5,0.0,5.0,246.25,3.0,-6.5,-26.5875,30.0,-15.1375,3.0,1.5,0.0,0.0,1.1317491881250001,-0.84192396475,0.0
2018-02-01,2018.0,2.0,1.0,12.5,0.0,5.0,271.875,6.5625,5.5625,-23.3625,29.9375,-16.8875,-1.4375,-1.0,0.0,0.0,3.2972533686875005,-2.218180027875001,0.0
2018-02-02,,,,,,,,,,,,,,,,,,,
2018-02-03,2018.0,2.0,3.0,12.5,0.0,4.875,255.0,3.875,-1.375,-25.562499999999996,29.875,-14.95,1.125,-1.625,0.0,0.0,1.120719131375,-0.6451372507500002,0.0
2018-02-04,2018.0,2.0,4.0,12.5,0.0,4.5,262.5,4.0,2.875,-26.5625,30.0,-14.462499999999999,0.125,0.375,0.0,0.0,1.8218055975,-0.754075568625,0.0
2018-02-05,,,,,,,,,,,,,,,,,,,
2018-02-06,2018.0,2.0,6.0,12.5,0.0,5.5,218.75,4.125,-2.25,-27.075,29.75,-12.0,0.0,-1.875,0.0,0.0,2.74118524,-0.47313606087500004,0.0
2018-02-07,2018.0,2.0,7.0,12.5,0.0,7.0,207.5,4.25,-4.375,-27.0375,29.5,-9.575,1.75,-0.75,0.0,0.0,-2.585973197,0.75923215325,0.0
2018-02-08,2018.0,2.0,8.0,12.5,0.0,7.0,281.25,8.0,-1.875,-24.325,30.0,-11.825,-1.125,-4.25,0.0,0.0,6.3642222985000005,0.26408572662499874,0.0
2018-02-09,2018.0,2.0,9.0,12.5,0.2,8.0,307.5,7.375,5.75,-22.1625,26.625,-18.75,-5.375,2.125,0.0,0.0,6.990275995125,-0.9848077530000009,0.8
2018-02-10,2018.0,2.0,10.0,12.5,0.0125,5.5,155.0,4.75,1.875,-24.2625,30.0,-18.924999999999997,-0.5,3.0,0.0,0.0,3.758770483125,0.5985352508749999,0.05
2018-02-11,2018.0,2.0,11.0,12.5,0.0,3.5,205.0,6.25,4.625,-24.775,30.0,-14.587499999999999,3.75,1.75,0.0,0.0,5.245222331125,-0.6048117100000003,0.0
2018-02-12,2018.0,2.0,12.0,12.5,0.0,4.875,158.75,3.125,-4.75,-25.375,29.625,-8.6875,4.5,0.625,0.0,0.0,-2.6785912095000004,0.9241200266249999,0.0
2018-02-13,2018.0,2.0,13.0,12.5,0.0,6.125,220.0,5.25,-6.5,-27.5,27.625,-3.2750000000000004,3.875,-3.625,0.0,0.0,-1.3906189972499998,1.0975955528749999,0.0
2018-02-14,2018.0,2.0,14.0,12.5,0.0,6.0,206.25,5.0,6.0,-18.787499999999998,25.75,-5.7875,-2.625,-0.375,0.0,0.0,3.867328565875,-0.8946289393750003,0.0
2018-02-15,2018.0,2.0,15.0,12.5,0.0,6.0,212.5,5.625,-0.25,-18.9125,28.75,-5.475,0.625,1.375,0.0,0.0,3.4410856648749997,0.06853544099999936,0.0
2018-02-16,2018.0,2.0,16.0,12.5,0.0,7.0,163.75,4.875,0.125,-18.0125,28.0,-3.6625,2.0,0.375,0.0,0.0,1.5493816953750001,1.1172048573749997,0.0
2018-02-17,2018.0,2.0,17.0,12.5,0.0125,8.0,278.75,8.125,1.5,-14.6,30.0,-11.125,-5.375,0.25,0.25,0.1,7.399051026875,-0.5258088390000013,0.05
2018-02-18,2018.0,2.0,18.0,12.5,0.0125,7.875,187.5,3.625,-0.5,-14.225,29.75,-10.225000000000001,0.125,0.125,0.0,0.05,-2.3582770885,0.428922179375,0.05
2018-02-19,2018.0,2.0,19.0,12.5,0.0,7.5,227.5,6.125,-2.0,-14.3,25.0,-11.287500000000001,-0.25,-0.875,0.0,0.0,2.544863442,0.008813328249999794,0.0
2018-02-20,2018.0,2.0,20.0,12.5,0.35,8.125,340.0,6.5,3.5,-16.1125,26.25,-13.9375,-2.25,0.875,1.5,2.5,6.0028444415,-1.3659236706250009,1.4
2018-02-21,2018.0,2.0,21.0,12.5,0.1,4.875,250.0,3.625,-0.75,-20.3375,30.0,-15.124999999999998,-1.125,0.75,0.0,0.0,1.823140288,-0.20860600500000026,0.4
2018-02-22,2018.0,2.0,22.0,12.5,0.0,3.75,255.0,4.375,-4.75,-22.450000000000003,29.375,-7.187499999999999,5.625,-0.625,0.0,0.0,0.6444253115000003,-1.1952935346250002,0.0
2018-02-23,2018.0,2.0,23.0,12.5,0.0,7.875,338.75,8.5,7.125,-17.825,29.875,-9.85,-1.0,-0.75,0.0,0.0,7.526519346374999,-2.4864053051250012,0.0
2018-02-24,2018.0,2.0,24.0,12.5,0.0,6.5,208.75,3.625,1.625,-15.000000000000002,29.875,-8.212499999999999,0.75,3.75,0.0,0.0,1.9179865986249998,0.7714443533749997,0.0
2018-02-25,2018.0,2.0,25.0,12.5,0.0,4.75,148.75,4.25,-1.625,-20.0625,29.125,-4.075,3.0,-1.0,0.0,0.0,2.594904663625,0.7286918354999997,0.0
2018-02-26,2018.0,2.0,26.0,12.5,0.0,7.75,156.25,5.875,-4.625,-19.6625,28.5,-4.1625,0.0,-0.875,0.0,0.0,-2.7454383636250004,3.0471189477500005,0.0
2018-02-27,2018.0,2.0,27.0,12.5,0.0,7.0,257.5,5.75,0.125,-14.724999999999998,29.375,-3.9874999999999994,0.625,-1.875,0.0,0.0,5.27481492625,-1.1558178247500002,0.0
2018-02-28,2018.0,2.0,28.0,12.5,0.0,6.5,256.25,4.875,-0.625,-16.45,29.125,-2.9375,0.625,0.25,0.0,0.0,3.795334907375,-0.4703291173750005,0.0
2018-03-01,2018.0,3.0,1.0,12.5,0.1125,7.125,217.5,5.125,-1.125,-11.375,28.375,-4.5625,-1.0,-0.125,0.0,0.0,1.8189734895000003,0.09630101199999969,0.45
2018-03-02,2018.0,3.0,2.0,12.5,0.0,5.375,187.5,6.125,-6.25,-14.9125,28.0,0.04999999999999999,3.25,-3.0,0.0,0.0,1.649550463875,-0.9863075938750001,0.0
2018-03-03,2018.0,3.0,3.0,12.5,0.0,7.375,296.25,10.75,6.125,-13.6625,29.25,-3.6375,-2.375,-0.25,0.0,0.0,7.7673355245,0.14108759787499853,0.0
2018-03-04,2018.0,3.0,4.0,12.5,0.0,7.0,252.5,5.75,4.25,-10.4625,29.5,-5.1625,-1.5,4.125,0.0,0.0,0.8395518237499999,0.42236859449999953,0.0
2018-03-05,2018.0,3.0,5.0,12.5,0.0,7.875,176.25,4.375,0.625,-8.412500000000001,29.5,-3.4875,0.875,1.375,0.0,0.0,-1.05554534825,2.3257598227500003,0.0
2018-03-06,2018.0,3.0,6.0,12.5,0.0,7.75,347.5,6.0,3.375,-12.35,29.625,-3.3875,0.375,0.75,0.0,0.0,5.7813857505,-1.2398230196250006,0.0
2018-03-07,2018.0,3.0,7.0,12.5,0.0,6.75,320.0,6.625,2.0,-11.625,23.4625,-6.3,-2.25,2.625,0.0,0.05,5.31656946425,-0.9796511683750011,0.0
2018-03-08,2018.0,3.0,8.0,12.5,0.0,4.25,237.5,3.0,0.125,-18.8625,25.5,-3.175,1.5,-0.25,0.0,0.0,1.68101087275,-0.4482029380000002,0.0
2018-03-09,2018.0,3.0,9.0,12.5,0.0,6.5,261.25,4.5,-2.5,-24.5375,28.25,-0.5375000000000001,1.625,-1.375,0.0,0.0,3.170334907375,-0.11789296425000045,0.0
2018-03-10,2018.0,3.0,10.0,12.5,0.0,7.5,198.75,4.125,-0.5,-19.0125,27.5,0.3500000000000002,0.875,-1.125,0.0,0.0,1.0379722123750001,0.11890999837500002,0.0
2018-03-11,2018.0,3.0,11.0,12.5,0.0,4.75,182.5,3.625,-0.25,-18.925,25.625,2.6125,1.875,0.5,0.0,0.0,0.8107015492499999,0.5826341104999999,0.0
2018-03-12,2018.0,3.0,12.0,12.5,0.0,6.625,131.25,4.25,-0.875,-17.125,26.625,3.2625,0.125,-0.75,0.0,0.0,0.6128569994999999,1.3884490400000002,0.0
2018-03-13,2018.0,3.0,13.0,12.5,0.0,4.75,197.5,3.75,-2.25,-16.462500000000002,25.25,4.4624999999999995,1.25,-0.75,0.0,0.0,1.448436026375,-0.057790885125000135,0.0
2018-03-14,2018.0,3.0,14.0,12.5,0.0,6.875,285.0,6.125,2.125,-17.087500000000002,25.5,5.0375,0.375,-0.625,0.0,0.0,4.176859711875,0.20860600499999876,0.0
2018-03-15,2018.0,3.0,15.0,12.5,0.0,7.75,232.5,6.75,-4.375,-11.362499999999999,23.875,0.45000000000000007,-3.5,0.125,0.0,0.0,-0.9118535536249994,1.2545842914999998,0.0
2018-03-16,,,,,,,,,,,,,,,,,,,
2018-03-17,2018.0,3.0,17.0,12.5,0.0,7.75,342.5,8.25,5.25,-12.1125,25.625,-3.05,-2.625,3.25,0.0,0.0,7.615334348500001,-2.3167922338750007,0.0
2018-03-18,2018.0,3.0,18.0,12.5,0.0,7.75,343.75,8.125,3.125,-11.2,27.875,-2.1875,1.0,2.375,0.0,0.0,7.3786057043749995,-0.8973714895000016,0.0
2018-03-19,2018.0,3.0,19.0,12.5,0.05,5.875,228.75,5.125,-2.5,-10.9625,21.875,-0.6624999999999999,0.5,-0.125,0.15,0.1,2.586115238125,-2.6059072311250002,0.2
2018-03-20,2018.0,3.0,20.0,12.5,0.0,5.0,296.25,5.25,3.125,-13.850000000000001,23.375,-2.5375,-1.375,1.25,0.0,0.05,4.9733379448749995,-0.7855493036250007,0.0
2018-03-21,2018.0,3.0,21.0,12.5,0.0,3.125,130.0,2.25,-0.75,-4.449999999999999,10.875,-1.15,0.875,0.25,0.0,0.0,2.174615776,-0.4275251791250002,0.0
2018-03-22,2018.0,3.0,22.0,12.5,0.0,5.25,292.5,6.0,-3.125,-20.325000000000003,25.625,2.25,1.875,-2.25,0.0,0.0,4.994079005375,-1.8323389125,0.0
2018-03-23,2018.0,3.0,23.0,12.5,0.0,6.375,327.5,7.125,4.5,-12.0875,27.25,0.525,-0.75,1.375,0.0,0.0,5.962791687125001,-0.5779089123750011,0.0
2018-03-24,2018.0,3.0,24.0,12.5,0.0,6.75,145.0,8.125,-1.75,-12.75,26.625,1.2625000000000002,0.0,0.5,0.0,0.0,-6.462877344624999,4.8090940625,0.0
2018-03-25,2018.0,3.0,25.0,12.5,0.0,6.125,321.25,6.875,5.375,-12.85,25.625,3.4,2.0,1.375,0.0,0.0,6.362209806375,-0.42849079300000126,0.0
2018-03-26,2018.0,3.0,26.0,12.5,0.0,7.125,272.5,4.25,-1.5,-12.924999999999999,22.625,3.775,0.5,1.75,0.0,0.0,2.917690860625,0.15360909024999944,0.0
2018-03-27,2018.0,3.0,27.0,12.5,0.0,5.5,175.0,5.25,-5.125,-18.7875,23.25,5.862500000000001,1.125,-2.375,0.0,0.0,-0.12127692175000004,1.791994148125,0.0
2018-03-28,2018.0,3.0,28.0,12.5,0.0,5.25,146.25,5.75,-2.375,-19.412499999999998,22.875,7.5875,1.625,-2.375,0.0,0.0,-4.168587104499999,3.256670931375,0.0
2018-03-29,2018.0,3.0,29.0,12.5,0.0,7.5,125.0,9.125,2.625,-9.0,17.875,5.6375,-1.25,-1.0,0.0,0.0,-1.0531633534999996,3.4637967303749995,0.0
2018-03-30,2018.0,3.0,30.0,12.5,0.025,7.875,302.5,6.25,7.0,-8.1,26.5,2.4250000000000003,-2.0,4.0,0.0,0.0,5.788982526374999,-1.4174895170000001,0.1
2018-03-31,2018.0,3.0,31.0,12.5,0.1,7.875,246.25,5.375,-2.25,-5.9875,21.375,0.3249999999999999,-1.75,1.75,0.0,0.0,2.21592923,0.2029151932499995,0.4
2018-04-01,2018.0,4.0,1.0,12.5,0.0,5.5,313.75,3.5,-4.25,-19.3,25.625,6.8625,4.625,-3.0,0.0,0.0,1.6870545146250002,-2.287249696,0.0
2018-04-02,2018.0,4.0,2.0,12.5,0.0,4.75,267.5,6.25,1.625,-13.575,20.375,8.100000000000001,1.75,-0.75,0.0,0.0,6.054001017750001,-0.08550503587500077,0.0
2018-04-03,2018.0,4.0,3.0,12.5,0.0,7.25,307.5,9.125,-5.625,-10.9375,26.5,1.3125000000000002,-5.75,0.375,0.0,0.0,5.45392496675,-0.14898676362500085,0.0
2018-04-04,2018.0,4.0,4.0,12.5,0.025,8.0,301.25,13.875,4.875,-8.8875,25.5,-1.4625,-1.75,-2.875,0.0,0.4,9.182746125875,1.4838166037499982,0.1
2018-04-05,2018.0,4.0,5.0,12.5,0.4375,8.375,325.0,9.625,6.375,-11.0875,30.0,-9.5625,-6.125,3.75,0.0,0.25,7.907030532875,-0.46662095337500187,1.75
2018-04-06,2018.0,4.0,6.0,12.5,0.05,3.375,255.0,8.375,1.375,-17.95,30.0,-9.674999999999999,-0.25,3.875,0.0,0.0,7.54433536625,-1.974772090625,0.2
2018-04-07,2018.0,4.0,7.0,12.5,0.0,2.5,107.5,2.75,-1.625,-9.6625,14.0,-0.4375,2.875,-1.375,0.0,0.0,2.29828108525,-0.28895445612500004,0.0
2018-04-08,2018.0,4.0,8.0,12.5,0.0,3.625,257.5,3.875,-4.75,-19.025000000000002,25.5,4.1000000000000005,3.875,-3.0,0.0,0.0,2.00715899625,-1.0472786967500003,0.0
2018-04-09,2018.0,4.0,9.0,12.5,0.0,6.875,305.0,6.75,0.5,-16.45,22.125,3.8875000000000006,0.0,-1.25,0.0,0.0,5.735770742625,-0.5995522847500014,0.0
2018-04-10,2018.0,4.0,10.0,12.5,0.0,7.875,286.25,7.125,-0.375,-11.312500000000002,24.5,1.9249999999999998,-2.125,1.125,0.0,0.0,3.0611452698749995,-1.2032955405000005,0.0
2018-04-11,2018.0,4.0,11.0,12.5,0.0,7.75,275.0,6.75,-3.25,-10.5125,24.875,3.1250000000000004,1.0,-2.5,0.0,0.0,1.625425445875,0.45480794337499947,0.0
2018-04-12,2018.0,4.0,12.0,12.5,0.875,8.375,292.5,9.5,7.0,-6.5875,28.125,-1.7374999999999998,-2.75,1.625,0.5,0.0,8.93969262075,0.5130302149999981,3.5
2018-04-13,2018.0,4.0,13.0,12.5,0.0625,7.875,360.0,8.25,3.625,-9.75,30.0,-7.312499999999999,-4.75,3.75,0.05,0.0,8.25,-2.0214975e-15,0.25
2018-04-14,2018.0,4.0,14.0,12.5,0.0,7.0,177.5,4.75,-3.625,-10.9625,29.875,-4.175,2.125,-0.125,0.0,0.0,-3.45488617225,1.7234135678750002,0.0
2018-04-15,2018.0,4.0,15.0,12.5,0.0,5.875,271.25,4.125,-1.25,-10.000000000000002,29.75,0.4750000000000001,3.875,-1.5,0.0,0.0,2.4442232078750004,-0.04887471637500057,0.0
2018-04-16,2018.0,4.0,16.0,12.5,0.0,2.25,145.0,2.875,-1.375,-9.287500000000001,16.375,2.6375,2.0,-0.5,0.0,0.0,2.18835793,-0.374459492,0.0
2018-04-17,2018.0,4.0,17.0,12.5,0.0,4.625,160.0,3.625,-0.25,-13.9625,19.25,8.2625,2.125,0.625,0.0,0.0,0.57971111225,0.9899643376249997,0.0
2018-04-18,2018.0,4.0,18.0,12.5,0.0,5.75,148.75,8.125,-8.875,-9.9125,20.0,11.075000000000001,1.625,-3.375,0.0,0.0,-6.217549294875001,4.577724779875,0.0
2018-04-19,2018.0,4.0,19.0,12.5,0.0,7.625,291.25,6.25,2.875,-3.8874999999999997,24.625,7.6125,-2.625,-2.5,0.0,0.0,3.1590551319999998,-1.0238838921250006,0.0
2018-04-20,2018.0,4.0,20.0,12.5,0.0,5.125,226.25,4.625,2.25,-3.9999999999999996,20.25,6.35,0.0,2.25,0.0,0.0,3.75256675175,-0.9443534558750002,0.0
2018-04-21,2018.0,4.0,21.0,12.5,0.09999999999999999,7.875,126.25,7.375,0.125,0.6625,26.0,6.012499999999999,-0.125,0.5,0.0,0.0,-5.04879549275,4.7352477455,0.39999999999999997
2018-04-22,2018.0,4.0,22.0,12.5,0.075,8.0,267.5,7.125,4.75,-0.23749999999999993,23.1875,3.45,-2.0,2.625,0.0,0.4,6.899756572875001,0.2616716921249991,0.3
2018-04-23,2018.0,4.0,23.0,12.5,0.95,8.375,347.5,7.5,2.875,-1.5124999999999997,25.875,-1.15,-3.25,2.25,9.5,6.5,7.1001991503749995,-1.583343003750001,3.8
2018-04-24,2018.0,4.0,24.0,12.5,0.0375,7.625,305.0,6.625,-1.5,-0.825,28.0,0.95,1.25,0.625,0.5,0.30000000000000004,6.23455606275,-0.760731994250001,0.15
2018-04-25,2018.0,4.0,25.0,12.5,0.0125,7.875,331.25,5.125,-1.25,-4.1625,29.75,2.5875000000000004,1.25,-1.125,0.0,0.0,4.40072417125,-2.170206562625,0.05
2018-04-26,2018.0,4.0,26.0,12.5,0.1125,6.875,180.0,3.0,2.25,-3.3125,26.25,1.2750000000000001,-0.625,1.5,0.0,0.0,0.6997213933749998,0.05263430050000001,0.45
2018-04-27,,,,,,,,,,,,,,,,,,,
2018-04-28,,,,,,,,,,,,,,,,,,,
2018-04-29,,,,,,,,,,,,,,,,,,,
2018-04-30,,,,,,,,,,,,,,,,,,,
2018-05-01,,,,,,,,,,,,,,,,,,,
2018-05-02,,,,,,,,,,,,,,,,,,,
2018-05-03,,,,,,,,,,,,,,,,,,,
2018-05-04,,,,,,,,,,,,,,,,,,,
2018-05-05,,,,,,,,,,,,,,,,,,,
2018-05-06,,,,,,,,,,,,,,,,,,,
2018-05-07,,,,,,,,,,,,,,,,,,,
2018-05-08,,,,,,,,,,,,,,,,,,,
2018-05-09,,,,,,,,,,,,,,,,,,,
2018-05-10,,,,,,,,,,,,,,,,,,,
2018-05-11,,,,,,,,,,,,,,,,,,,
2018-05-12,,,,,,,,,,,,,,,,,,,
2018-05-13,,,,,,,,,,,,,,,,,,,
2018-05-14,,,,,,,,,,,,,,,,,,,
2018-05-15,,,,,,,,,,,,,,,,,,,
2018-05-16,,,,,,,,,,,,,,,,,,,
2018-05-17,,,,,,,,,,,,,,,,,,,
2018-05-18,,,,,,,,,,,,,,,,,,,
2018-05-19,,,,,,,,,,,,,,,,,,,
2018-05-20,,,,,,,,,,,,,,,,,,,
2018-05-21,,,,,,,,,,,,,,,,,,,
2018-05-22,,,,,,,,,,,,,,,,,,,
2018-05-23,,,,,,,,,,,,,,,,,,,
2018-05-24,,,,,,,,,,,,,,,,,,,
2018-05-25,,,,,,,,,,,,,,,,,,,
2018-05-26,,,,,,,,,,,,,,,,,,,
2018-05-27,,,,,,,,,,,,,,,,,,,
2018-05-28,,,,,,,,,,,,,,,,,,,
2018-05-29,,,,,,,,,,,,,,,,,,,
2018-05-30,,,,,,,,,,,,,,,,,,,
2018-05-31,2018.0,5.0,31.0,23.0,0.0,9.0,140.0,9.0,14.0,-1.0,21.0,11.0,0.0,0.0,0.0,0.0,-6.894399987999999,5.785088487,0.0
2018-06-01,2018.0,6.0,1.0,12.5,0.0,6.875,290.0,9.0,5.0,-1.65,21.25,11.387500000000001,0.625,1.375,0.0,0.0,7.902000508875,0.47027769699999844,0.0
2018-06-02,2018.0,6.0,2.0,12.5,0.0,5.75,347.5,8.0,-0.125,-4.300000000000001,22.0,8.674999999999999,-2.25,1.5,0.0,0.5,7.605919083125,-1.7219137268750009,0.0
2018-06-03,2018.0,6.0,3.0,12.5,0.0125,7.875,287.5,4.375,-0.375,-0.275,28.75,6.4375,-1.5,0.25,0.0,0.0,0.491250201625,-0.7883432738749997,0.05
2018-06-04,2018.0,6.0,4.0,12.5,0.0,5.25,182.5,4.625,-3.25,-5.237500000000001,23.75,9.575000000000001,2.25,-1.25,0.0,0.0,1.2691663483750002,0.27671005937500015,0.0
2018-06-05,2018.0,6.0,5.0,12.5,0.0,6.625,252.5,5.5,2.875,-4.887499999999999,20.375,12.887499999999998,2.125,-1.0,0.0,0.0,4.623545298375,0.4590503342499989,0.0
2018-06-06,2018.0,6.0,6.0,12.5,0.25,8.0,301.25,7.25,2.75,-0.33749999999999997,24.75,7.0375,-3.75,2.125,0.0,0.05,6.944077862375,-0.723535250750001,1.0
2018-06-07,2018.0,6.0,7.0,12.5,0.0,8.375,296.25,5.25,-1.875,-4.2,30.0,5.225,-1.375,0.625,0.0,0.0,4.5062037315,-1.1277170457500008,0.0
2018-06-08,2018.0,6.0,8.0,12.5,0.0,7.75,248.75,2.75,-5.125,-5.9625,29.875,7.2749999999999995,1.25,-2.25,0.0,0.0,0.8648078339999998,-0.47352897012499995,0.0
2018-06-09,2018.0,6.0,9.0,12.5,0.0,6.625,221.25,2.25,-2.25,-4.5874999999999995,27.875,9.274999999999999,1.5,-2.375,0.0,0.0,1.207367492875,-0.4868606635000001,0.0
2018-06-10,2018.0,6.0,10.0,12.5,0.0,5.625,230.0,3.875,-1.375,-2.1,24.25,10.687500000000002,0.875,-0.875,0.0,0.0,-0.3542492425000002,-2.608320854625,0.0
2018-06-11,2018.0,6.0,11.0,12.5,0.0,6.0,282.5,3.875,0.875,-1.7749999999999997,24.375,11.65,0.875,-0.125,0.0,0.0,1.5538966446250002,-1.9419268595000003,0.0
2018-06-12,2018.0,6.0,12.0,12.5,0.0,5.75,265.0,4.75,-1.0,-3.325,20.875,13.937499999999998,1.625,-0.5,0.0,0.0,3.679426463375,-0.4002424151250003,0.0
2018-06-13,2018.0,6.0,13.0,12.5,0.0,7.75,118.75,2.75,1.75,-3.0125,19.5,13.962499999999999,0.5,1.0,0.0,0.0,-0.18494359075000003,0.9617673798750002,0.0
2018-06-14,2018.0,6.0,14.0,12.5,0.0,7.75,155.0,7.625,-2.875,-4.325,20.375,13.387500000000001,-1.125,-0.625,0.0,0.0,-6.551667679125001,3.522019002,0.0
2018-06-15,2018.0,6.0,15.0,12.5,0.0,7.875,295.0,7.25,-0.875,1.175,19.625,13.049999999999999,-0.125,-1.375,0.0,0.0,5.2143545177499995,1.2812813773749991,0.0
2018-06-16,2018.0,6.0,16.0,12.5,0.0,8.0,265.0,7.0,3.0,2.875,25.125,10.625,-1.625,1.0,0.0,0.1,6.700281594,0.1813232408749994,0.0
2018-06-17,2018.0,6.0,17.0,12.5,0.025,7.75,161.25,2.875,-1.75,3.9625000000000004,27.125,11.2375,0.0,0.0,0.0,0.0,1.699329633625,0.855584585375,0.1
2018-06-18,2018.0,6.0,18.0,12.5,1.225,7.875,287.5,4.75,3.25,5.6499999999999995,25.5,10.287500000000001,-0.75,0.375,0.4,0.0,3.3418384750000003,-0.4206171625000008,4.9
2018-06-19,2018.0,6.0,19.0,12.5,0.0,7.875,153.75,4.625,0.875,4.6875,29.625,11.3,1.0,0.875,0.0,0.4,-3.1473065279999997,2.260468993,0.0
2018-06-20,2018.0,6.0,20.0,12.5,0.625,8.125,196.25,3.375,0.5,6.562500000000001,26.75,11.125,-0.375,0.5,0.0,0.25,-2.0887592854999997,0.2884139481250001,2.5
2018-06-21,2018.0,6.0,21.0,12.5,0.1,5.125,297.5,3.5,-0.5,3.5875,28.75,14.7125,2.875,0.0,0.0,0.0,2.924190330125,-1.0073331222500004,0.4
2018-06-22,2018.0,6.0,22.0,12.5,0.0,7.75,168.75,2.5,-1.0,3.3125,23.5,15.925,0.625,-0.375,0.0,0.0,-0.6467643754999999,0.9063583326249999,0.0
2018-06-23,2018.0,6.0,23.0,12.5,0.0,7.75,175.0,6.0,0.625,6.4750000000000005,17.8125,13.312500000000002,-1.5,-0.25,0.0,0.35,3.508712129875,1.4174895168749997,0.0
2018-06-24,2018.0,6.0,24.0,12.5,0.075,8.125,246.25,4.125,-1.125,8.1875,22.2,11.1375,-1.5,0.0,0.39999999999999997,3.5,2.294071571125,0.2678453108749994,0.3
2018-06-25,2018.0,6.0,25.0,12.5,0.35,7.875,267.5,5.25,2.25,8.1875,24.7375,9.987499999999999,-1.0,0.0,0.15,3.2,5.0048690406250005,0.14888389224999926,1.4
2018-06-26,2018.0,6.0,26.0,12.5,0.45,7.875,170.0,4.125,0.375,9.9375,22.75,13.0625,2.0,1.0,0.15,0.1,-1.3334647987500001,0.8838329632500003,1.8
2018-06-27,2018.0,6.0,27.0,12.5,0.7875,7.75,187.5,5.125,2.375,11.125000000000002,17.5,13.6375,0.375,0.875,0.0,0.0,-2.649608817125,1.8258881983750002,3.15
2018-06-28,2018.0,6.0,28.0,12.5,0.275,7.25,141.25,9.125,-5.0,10.9375,23.625,14.537500000000001,0.875,-0.5,0.0,0.0,-6.7301884278749995,5.8234957430000005,1.1
2018-06-29,2018.0,6.0,29.0,12.5,0.25,7.875,272.5,5.25,1.125,9.275,27.0,13.2,-0.5,-1.75,1.0,3.3,3.2925611528750003,-0.8344240198750003,1.0
2018-06-30,2018.0,6.0,30.0,13.666666666666666,0.011111111111111112,8.11111111111111,268.8888888888889,3.3333333333333335,-0.7777777777777778,9.31111111111111,29.555555555555557,13.877777777777776,0.2222222222222222,0.5555555555555556,0.0,0.0,1.710561507,-0.14699616033333374,0.044444444444444446
2018-07-01,2018.0,7.0,1.0,12.5,1.125,8.375,335.0,8.375,-1.25,9.2625,20.975,10.224999999999998,-2.625,-1.125,2.8499999999999996,8.399999999999999,7.29207735375,-0.47027769712500156,4.5
2018-07-02,2018.0,7.0,2.0,12.5,0.8,8.25,302.5,7.875,0.0,6.450000000000001,29.375,9.475,-0.375,0.625,0.05,0.2,5.195779645625,0.7931713428749986,3.2
2018-07-03,2018.0,7.0,3.0,12.5,0.5,8.25,190.0,4.125,-1.125,6.1000000000000005,28.5,9.1625,-0.25,-0.625,0.0,0.0,-0.15539371112500006,1.6670196524999996,2.0
2018-07-04,2018.0,7.0,4.0,12.5,0.0,7.125,203.75,3.625,1.125,7.137499999999999,30.0,11.375,1.375,-0.25,0.0,0.0,0.15230594375000003,1.460827682125,0.0
2018-07-05,2018.0,7.0,5.0,12.5,0.0,7.5,236.25,5.25,2.25,8.225,29.75,13.3125,1.75,1.25,0.0,0.0,3.9458379989999997,0.7042674351249993,0.0
2018-07-06,2018.0,7.0,6.0,12.5,0.12499999999999999,8.125,305.0,5.75,3.25,8.5375,22.875,10.225,-1.25,1.375,0.0,0.65,5.36800373,-0.883832963375001,0.49999999999999994
2018-07-07,2018.0,7.0,7.0,12.5,0.3,8.25,282.5,4.375,-0.375,8.35,23.75,9.2375,-0.75,0.875,0.05,7.5,2.807040128375,-1.0416330243750003,1.2
2018-07-08,2018.0,7.0,8.0,12.5,0.875,8.375,211.25,3.75,-1.25,7.7875000000000005,21.0125,9.5875,-0.125,-0.5,0.0,0.05,-0.6384464158749998,0.09774943275000003,3.5
2018-07-09,2018.0,7.0,9.0,12.5,0.25,5.5,165.0,5.875,-3.625,8.625,20.7125,11.3625,1.375,-1.25,0.0,0.0,-5.0959306152499995,2.3662011773750002,1.0
2018-07-10,2018.0,7.0,10.0,12.5,0.8,7.25,255.0,4.25,2.75,6.475,25.875,8.6,0.125,-0.375,0.0,0.05,3.504810687375,-0.22923234350000057,3.2
2018-07-11,2018.0,7.0,11.0,12.5,0.0125,6.625,197.5,4.0,0.375,3.5875000000000004,26.25,10.3625,1.25,0.875,0.0,0.0,2.084154707,-0.7695453223749998,0.05
2018-07-12,2018.0,7.0,12.0,12.5,0.0,4.75,196.25,6.0,-1.625,7.187500000000001,27.125,14.087499999999999,1.25,-0.5,0.0,0.0,-3.315120703375,0.772442163875,0.0
2018-07-13,2018.0,7.0,13.0,12.5,0.125,5.0,203.75,4.75,-2.625,4.2125,23.0,16.125,1.625,-0.75,0.0,0.0,-1.4835483858749996,1.1431420410000002,0.5
2018-07-14,2018.0,7.0,14.0,12.5,0.0,7.5,227.5,6.875,1.375,6.7875,25.5,14.4,-1.125,-1.0,0.0,0.0,0.19557353662499943,0.6567575224999994,0.0
2018-07-15,2018.0,7.0,15.0,12.5,0.5,8.125,280.0,4.375,1.625,7.9625,28.0,11.45,-2.125,1.75,0.0,0.0,2.6400768447499994,0.08550503599999933,2.0
2018-07-16,2018.0,7.0,16.0,12.5,0.0,5.375,293.75,3.125,-1.5,4.9,30.0,15.712500000000002,2.75,-0.5,0.0,0.0,0.909055132125,-1.041671501875,0.0
2018-07-17,2018.0,7.0,17.0,12.5,0.0,4.5,151.25,3.875,-1.0,3.825,23.375,15.05,1.75,-0.5,0.0,0.0,-2.528399494,-0.054012046874999844,0.0
2018-07-18,2018.0,7.0,18.0,12.5,0.0,7.875,146.25,5.5,-1.75,8.1625,23.125,15.200000000000001,-1.375,-1.375,5.5,0.0,0.5878474038750005,1.838461110875,0.0
2018-07-19,2018.0,7.0,19.0,12.5,0.125,7.0,310.0,4.875,3.5,8.5875,28.5,16.125000000000004,0.375,0.75,4.5,0.1,4.763742153875,-0.20344942025000096,0.5
2018-07-20,2018.0,7.0,20.0,12.5,3.575,7.625,285.0,8.125,1.625,7.5125,25.5,10.1625,-4.0,1.25,4.0,1.9,7.17146259525,-0.6412877687500008,14.3
2018-07-21,2018.0,7.0,21.0,12.5,0.0,3.75,147.5,4.25,0.125,2.4375,29.375,14.825,2.875,0.75,0.0,0.0,-3.16021673225,2.1984678829999997,0.0
2018-07-22,2018.0,7.0,22.0,12.5,0.0,6.875,228.75,4.125,-1.375,5.575,23.75,12.750000000000002,0.375,-0.5,0.0,0.0,2.567830163875,0.22460998599999937,0.0
2018-07-23,2018.0,7.0,23.0,12.5,3.125,8.125,337.5,6.625,2.25,7.812500000000001,24.7,11.137499999999998,-2.375,-0.25,4.0,0.5,5.959006951375,-1.895923480375001,12.5
2018-07-24,2018.0,7.0,24.0,12.5,2.125,5.125,195.0,3.5,-0.125,2.5625,26.475,13.4625,1.375,1.375,0.0,0.0,-1.191159655875,-0.13717372249999996,8.5
2018-07-25,2018.0,7.0,25.0,12.5,0.0,3.625,152.5,7.0,-2.125,8.975,29.625,14.975,1.375,-1.5,0.0,0.0,-5.797340791,3.656932981625,0.0
2018-07-26,2018.0,7.0,26.0,12.5,0.0,5.875,287.5,5.375,-0.25,9.125,25.75,16.9625,1.375,-0.5,0.0,0.0,2.68530737925,0.08550503574999913,0.0
2018-07-27,2018.0,7.0,27.0,12.5,0.0,6.125,150.0,5.0,-0.5,12.812500000000002,23.25,16.887500000000003,0.125,-0.25,0.0,0.0,-4.142554194124999,2.554180843875,0.0
2018-07-28,2018.0,7.0,28.0,12.5,0.0,6.25,243.75,5.75,2.875,11.5125,25.2625,14.375,-1.625,0.375,0.0,0.0,2.465066004625,0.3218766116249998,0.0
2018-07-29,2018.0,7.0,29.0,12.5,0.0,7.75,215.0,6.0,0.875,12.3,28.875,14.225,-0.375,1.375,0.0,0.0,-2.7028615733749994,2.2121607005,0.0
2018-07-30,2018.0,7.0,30.0,14.545454545454545,0.18181818181818182,6.7272727272727275,132.72727272727272,5.818181818181818,-0.09090909090909091,11.609090909090908,26.0,16.099999999999998,1.3636363636363635,0.2727272727272727,0.0,0.0,-4.118074417181818,3.7979858209090906,0.7272727272727273
2018-07-31,2018.0,7.0,31.0,13.666666666666666,0.011111111111111112,5.555555555555555,144.44444444444446,7.888888888888889,-1.5555555555555556,10.366666666666667,29.11111111111111,15.144444444444442,-0.2222222222222222,-1.0,0.0,0.0,-6.332653125111111,4.569600921444445,0.044444444444444446
2018-08-01,2018.0,8.0,1.0,12.5,0.05,6.125,185.0,5.25,-1.75,11.3875,24.0625,14.1,-1.25,-1.125,0.0,0.0,-1.2340722635,1.5081511372499998,0.2
2018-08-02,2018.0,8.0,2.0,12.5,2.9,8.125,327.5,6.75,3.0,11.5,20.4125,11.85,-1.25,0.125,27.0,22.0,5.25,-1.2212453270876722e-15,11.6
2018-08-03,2018.0,8.0,3.0,12.5,0.9375,8.0,185.0,6.125,3.75,10.8125,24.7875,11.950000000000001,-0.25,2.5,0.0,0.2,5.7978556395,0.6243181739999994,3.75
2018-08-04,2018.0,8.0,4.0,12.5,0.8,7.0,182.5,3.75,0.5,12.037500000000001,29.5,14.4625,2.0,0.875,0.0,0.0,-2.881557823125,0.49419378612500003,3.2
2018-08-05,2018.0,8.0,5.0,12.5,0.1125,6.125,287.5,6.0,1.25,11.6125,25.375,14.349999999999998,-0.125,0.375,0.0,0.0,2.492461577625,-0.6855401277500005,0.45
2018-08-06,2018.0,8.0,6.0,12.5,0.9875,7.75,295.0,3.5,-1.25,11.25,22.875,12.75,-1.5,-0.125,4.5,0.45,2.034055132125,-0.14888389225000023,3.95
2018-08-07,2018.0,8.0,7.0,12.5,2.25,7.875,302.5,5.625,-0.375,8.762500000000001,25.5,11.625,-0.375,-0.125,5.15,1.55,5.1751579285,-0.9265854811250006,9.0
2018-08-08,2018.0,8.0,8.0,12.5,0.0,7.5,158.75,4.125,0.25,10.349999999999998,29.5,12.987500000000002,0.875,0.0,0.0,0.0,-0.8933927518749999,1.5133591421249997,0.0
2018-08-09,2018.0,8.0,9.0,12.5,0.275,7.75,211.25,3.375,-0.875,10.0625,28.75,13.6125,0.5,-0.25,6.0,0.0,1.243241115,-0.17057868500000006,1.1
2018-08-10,2018.0,8.0,10.0,12.5,0.0,6.0,283.75,6.25,-1.5,9.05,29.625,14.100000000000001,0.5,-0.75,0.0,0.0,5.054910262875,-0.7709038455000006,0.0
2018-08-11,2018.0,8.0,11.0,12.5,0.0,6.625,258.75,4.75,-0.75,9.6375,27.875,12.975000000000001,-1.125,-0.25,0.0,0.45,4.182154198375,0.20724748199999923,0.0
2018-08-12,2018.0,8.0,12.0,12.5,0.75,7.75,200.0,3.0,-0.5,8.925,28.625,12.0375,-0.5,-0.625,0.05,0.0,-1.748239863375,1.0002775069999998,3.0
2018-08-13,2018.0,8.0,13.0,12.5,0.0,7.75,198.75,3.625,-0.125,9.2625,23.25,13.262500000000001,1.25,-0.125,0.0,0.0,-2.1188389837500003,0.47639989550000006,0.0
2018-08-14,2018.0,8.0,14.0,12.5,0.1125,6.125,307.5,7.75,4.875,9.65,23.625,13.0875,-0.375,1.125,0.0,0.0,6.0944208645,-0.6258180148750012,0.45
2018-08-15,2018.0,8.0,15.0,12.5,0.1875,8.25,302.5,6.125,3.0,8.5625,22.4375,10.2875,-2.0,2.875,0.15,0.0,3.9468055972500005,-0.7540755686250006,0.75
2018-08-16,2018.0,8.0,16.0,12.5,1.45,8.25,242.5,8.125,-0.25,6.1499999999999995,22.8125,7.7125,-2.125,1.0,0.0,1.4,6.5336880395,0.2019495793749991,5.8
2018-08-17,2018.0,8.0,17.0,12.5,0.375,8.375,196.25,2.875,-3.125,9.3125,11.4375,9.6625,1.375,-1.375,0.1,0.0,-1.10188529575,-0.07572609374999995,1.5
2018-08-18,2018.0,8.0,18.0,12.5,0.0125,7.75,152.5,6.625,-4.75,10.2125,18.8625,11.9,1.875,-2.75,0.0,0.0,-5.662016280374999,3.15271609475,0.05
2018-08-19,2018.0,8.0,19.0,12.5,2.5125,6.875,183.75,3.75,1.0,9.6375,18.225,12.4875,0.0,-1.0,0.0,0.0,-1.97242869975,0.876210923875,10.05
2018-08-20,2018.0,8.0,20.0,12.5,0.75,8.625,260.0,3.875,0.5,9.8125,17.049999999999997,10.8625,-0.75,1.125,0.2,0.0,2.464844257875,-0.4087401705000004,3.0
2018-08-21,2018.0,8.0,21.0,12.5,2.75,6.875,350.0,8.125,2.375,7.499999999999999,21.0625,8.9625,-1.25,0.375,18.0,6.0,7.921462594875,-1.154317983750001,11.0
2018-08-22,2018.0,8.0,22.0,12.5,0.0,4.875,227.5,7.0,-2.125,2.775,29.25,12.0375,1.875,0.5,0.0,0.0,4.207703309875001,0.6958532968749993,0.0
2018-08-23,2018.0,8.0,23.0,12.5,0.0,6.25,166.25,6.0,-1.25,8.5625,21.7875,11.3875,-1.0,-1.25,0.0,0.0,-5.01252416975,2.3933426235,0.0
2018-08-24,2018.0,8.0,24.0,12.5,1.275,6.25,203.75,4.25,-0.5,7.775,26.5,11.225,0.0,-0.5,0.2,4.0,1.5522695198750003,0.7597663803749996,5.1
2018-08-25,2018.0,8.0,25.0,12.5,1.125,7.5,278.75,4.5,2.0,8.6625,22.35,10.225,-0.5,0.75,6.5,5.55,3.0248462018749995,-0.7508502116250002,4.5
2018-08-26,2018.0,8.0,26.0,10.5,0.016666666666666666,8.0,156.66666666666666,4.0,-3.3333333333333335,8.066666666666668,27.0,11.133333333333333,0.6666666666666666,0.16666666666666666,0.0,0.0,-3.469356853666667,1.4133328260000002,0.06666666666666667
2018-08-27,2018.0,8.0,27.0,12.5,0.075,7.0,222.5,5.5,2.375,9.562500000000002,9.1125,9.8625,0.125,-0.375,0.0,0.0,2.91701900025,0.7762017481249993,0.3
2018-08-28,2018.0,8.0,28.0,12.5,0.0625,7.375,240.0,3.75,0.0,11.262500000000001,16.8,12.5375,0.625,1.375,0.0,0.0,-0.4113574213750001,0.33170697412499994,0.25
2018-08-29,2018.0,8.0,29.0,12.5,1.0125,8.375,245.0,6.5,-0.25,11.062500000000002,9.987499999999999,11.812499999999998,-0.125,-0.375,0.0,0.0,0.6594805778750001,0.305924051,4.05
2018-08-30,2018.0,8.0,30.0,12.5,0.0875,8.375,266.25,3.25,-0.125,10.350000000000001,5.775,10.524999999999999,-0.875,0.0,4.5,2.55,0.15062310250000016,-0.12213535537500007,0.35
2018-08-31,2018.0,8.0,31.0,12.5,2.0,8.375,256.25,4.125,-2.875,10.6375,2.6500000000000004,10.837499999999999,0.25,-0.75,8.1,0.9500000000000001,1.4184703977500002,-0.9937623995000001,8.0
2018-09-01,2018.0,9.0,1.0,8.0,1.38,8.2,316.0,11.4,3.8,10.139999999999999,12.120000000000001,10.3,0.2,-0.8,2.08,10.4,10.340373334199999,0.3856725657999974,5.52
2018-09-02,,,,,,,,,,,,,,,,,,,
2018-09-03,,,,,,,,,,,,,,,,,,,
2018-09-04,,,,,,,,,,,,,,,,,,,
2018-09-05,,,,,,,,,,,,,,,,,,,
2018-09-06,,,,,,,,,,,,,,,,,,,
2018-09-07,,,,,,,,,,,,,,,,,,,
2018-09-08,,,,,,,,,,,,,,,,,,,
2018-09-09,,,,,,,,,,,,,,,,,,,
2018-09-10,,,,,,,,,,,,,,,,,,,
2018-09-11,,,,,,,,,,,,,,,,,,,
2018-09-12,,,,,,,,,,,,,,,,,,,
2018-09-13,,,,,,,,,,,,,,,,,,,
2018-09-14,,,,,,,,,,,,,,,,,,,
2018-09-15,,,,,,,,,,,,,,,,,,,
2018-09-16,,,,,,,,,,,,,,,,,,,
2018-09-17,,,,,,,,,,,,,,,,,,,
2018-09-18,,,,,,,,,,,,,,,,,,,
2018-09-19,,,,,,,,,,,,,,,,,,,
2018-09-20,,,,,,,,,,,,,,,,,,,
2018-09-21,,,,,,,,,,,,,,,,,,,
2018-09-22,,,,,,,,,,,,,,,,,,,
2018-09-23,,,,,,,,,,,,,,,,,,,
2018-09-24,,,,,,,,,,,,,,,,,,,
2018-09-25,,,,,,,,,,,,,,,,,,,
2018-09-26,,,,,,,,,,,,,,,,,,,
2018-09-27,,,,,,,,,,,,,,,,,,,
2018-09-28,,,,,,,,,,,,,,,,,,,
2018-09-29,,,,,,,,,,,,,,,,,,,
2018-09-30,,,,,,,,,,,,,,,,,,,
2018-10-01,,,,,,,,,,,,,,,,,,,
2018-10-02,,,,,,,,,,,,,,,,,,,
2018-10-03,,,,,,,,,,,,,,,,,,,
2018-10-04,,,,,,,,,,,,,,,,,,,
2018-10-05,,,,,,,,,,,,,,,,,,,
2018-10-06,,,,,,,,,,,,,,,,,,,
2018-10-07,,,,,,,,,,,,,,,,,,,
2018-10-08,,,,,,,,,,,,,,,,,,,
2018-10-09,,,,,,,,,,,,,,,,,,,
2018-10-10,,,,,,,,,,,,,,,,,,,
2018-10-11,,,,,,,,,,,,,,,,,,,
2018-10-12,,,,,,,,,,,,,,,,,,,
2018-10-13,,,,,,,,,,,,,,,,,,,
2018-10-14,,,,,,,,,,,,,,,,,,,
2018-10-15,,,,,,,,,,,,,,,,,,,
2018-10-16,,,,,,,,,,,,,,,,,,,
2018-10-17,,,,,,,,,,,,,,,,,,,
2018-10-18,,,,,,,,,,,,,,,,,,,
2018-10-19,,,,,,,,,,,,,,,,,,,
2018-10-20,,,,,,,,,,,,,,,,,,,
2018-10-21,,,,,,,,,,,,,,,,,,,
2018-10-22,,,,,,,,,,,,,,,,,,,
2018-10-23,,,,,,,,,,,,,,,,,,,
2018-10-24,,,,,,,,,,,,,,,,,,,
2018-10-25,,,,,,,,,,,,,,,,,,,
2018-10-26,,,,,,,,,,,,,,,,,,,
2018-10-27,,,,,,,,,,,,,,,,,,,
2018-10-28,,,,,,,,,,,,,,,,,,,
2018-10-29,,,,,,,,,,,,,,,,,,,
2018-10-30,,,,,,,,,,,,,,,,,,,
2018-10-31,,,,,,,,,,,,,,,,,,,
2018-11-01,,,,,,,,,,,,,,,,,,,
2018-11-02,,,,,,,,,,,,,,,,,,,
2018-11-03,,,,,,,,,,,,,,,,,,,
2018-11-04,,,,,,,,,,,,,,,,,,,
2018-11-05,,,,,,,,,,,,,,,,,,,
2018-11-06,,,,,,,,,,,,,,,,,,,
2018-11-07,,,,,,,,,,,,,,,,,,,
2018-11-08,,,,,,,,,,,,,,,,,,,
2018-11-09,,,,,,,,,,,,,,,,,,,
2018-11-10,,,,,,,,,,,,,,,,,,,
2018-11-11,,,,,,,,,,,,,,,,,,,
2018-11-12,,,,,,,,,,,,,,,,,,,
2018-11-13,,,,,,,,,,,,,,,,,,,
2018-11-14,,,,,,,,,,,,,,,,,,,
2018-11-15,,,,,,,,,,,,,,,,,,,
2018-11-16,,,,,,,,,,,,,,,,,,,
2018-11-17,,,,,,,,,,,,,,,,,,,
2018-11-18,,,,,,,,,,,,,,,,,,,
2018-11-19,,,,,,,,,,,,,,,,,,,
2018-11-20,,,,,,,,,,,,,,,,,,,
2018-11-21,,,,,,,,,,,,,,,,,,,
2018-11-22,,,,,,,,,,,,,,,,,,,
2018-11-23,,,,,,,,,,,,,,,,,,,
2018-11-24,,,,,,,,,,,,,,,,,,,
2018-11-25,,,,,,,,,,,,,,,,,,,
2018-11-26,,,,,,,,,,,,,,,,,,,
2018-11-27,,,,,,,,,,,,,,,,,,,
2018-11-28,,,,,,,,,,,,,,,,,,,
2018-11-29,,,,,,,,,,,,,,,,,,,
2018-11-30,,,,,,,,,,,,,,,,,,,
2018-12-01,,,,,,,,,,,,,,,,,,,
2018-12-02,,,,,,,,,,,,,,,,,,,
2018-12-03,,,,,,,,,,,,,,,,,,,
2018-12-04,,,,,,,,,,,,,,,,,,,
2018-12-05,,,,,,,,,,,,,,,,,,,
2018-12-06,,,,,,,,,,,,,,,,,,,
2018-12-07,,,,,,,,,,,,,,,,,,,
2018-12-08,,,,,,,,,,,,,,,,,,,
2018-12-09,,,,,,,,,,,,,,,,,,,
2018-12-10,,,,,,,,,,,,,,,,,,,
2018-12-11,,,,,,,,,,,,,,,,,,,
2018-12-12,,,,,,,,,,,,,,,,,,,
2018-12-13,,,,,,,,,,,,,,,,,,,
2018-12-14,,,,,,,,,,,,,,,,,,,
2018-12-15,,,,,,,,,,,,,,,,,,,
2018-12-16,,,,,,,,,,,,,,,,,,,
2018-12-17,,,,,,,,,,,,,,,,,,,
2018-12-18,,,,,,,,,,,,,,,,,,,
2018-12-19,,,,,,,,,,,,,,,,,,,
2018-12-20,,,,,,,,,,,,,,,,,,,
2018-12-21,,,,,,,,,,,,,,,,,,,
2018-12-22,,,,,,,,,,,,,,,,,,,
2018-12-23,,,,,,,,,,,,,,,,,,,
2018-12-24,,,,,,,,,,,,,,,,,,,
2018-12-25,,,,,,,,,,,,,,,,,,,
2018-12-26,,,,,,,,,,,,,,,,,,,
2018-12-27,,,,,,,,,,,,,,,,,,,
2018-12-28,,,,,,,,,,,,,,,,,,,
2018-12-29,,,,,,,,,,,,,,,,,,,
2018-12-30,,,,,,,,,,,,,,,,,,,
2018-12-31,,,,,,,,,,,,,,,,,,,
2019-01-01,,,,,,,,,,,,,,,,,,,
2019-01-02,,,,,,,,,,,,,,,,,,,
2019-01-03,2019.0,1.0,3.0,12.5,0.0,6.0,323.75,3.7624999999999997,2.125,-19.325,30.0,-10.475,-4.9375,15.0,0.0,0.0,2.9674206828750007,-2.097502350875,0.0
2019-01-04,2019.0,1.0,4.0,12.5,0.0,6.25,149.125,5.8999999999999995,-3.375,-18.275,30.0,-11.574999999999998,-1.1,-8.625,0.0,0.0,-5.177704477250001,2.70874137675,0.0
2019-01-05,2019.0,1.0,5.0,12.5,0.0,0.125,255.125,4.1375,-0.75,-21.575,29.900000000000002,-7.5,4.075,-23.25,0.0,0.0,2.1622575647500004,-2.5502578856249998,0.0
2019-01-06,2019.0,1.0,6.0,12.5,0.0,4.25,310.25,7.012500000000001,3.375,-19.65,30.0,-12.8375,-5.3374999999999995,22.25,0.0,0.0,4.512292869375,-5.2429857344999995,0.0
2019-01-07,2019.0,1.0,7.0,12.5,0.0,5.25,257.125,4.512499999999999,0.125,-18.112499999999997,29.975,-15.0375,-2.1999999999999993,15.5,0.0,0.0,1.3937844000000004,-1.635184846875,0.0
2019-01-08,2019.0,1.0,8.0,12.5,0.0,6.25,163.0,8.3375,-6.875,-16.862499999999997,24.2125,-15.1375,-0.10000000000000006,-40.375,0.0,0.0,-7.938524559375001,2.404779405625,0.0
2019-01-09,2019.0,1.0,9.0,12.5,0.0,1.25,291.875,3.7125,2.125,-17.912499999999998,26.4625,-12.3125,2.825,-13.25,0.0,0.0,2.1030757151249997,-2.418609272625,0.0
2019-01-10,2019.0,1.0,10.0,12.5,0.0,6.25,244.5,4.3375,0.75,-17.7875,29.85,-13.937500000000002,-1.6249999999999998,21.25,0.0,0.0,2.3166485414999998,-0.9891333932500002,0.0
2019-01-11,2019.0,1.0,11.0,12.5,0.0,0.0,275.75,5.7875,0.5,-22.6375,30.0,-9.1,4.8374999999999995,-16.375,0.0,0.0,3.7360223890000004,-1.904279423,0.0
2019-01-12,2019.0,1.0,12.0,12.5,0.0,1.25,222.0,4.275,3.0,-20.275000000000002,30.0,-10.387500000000001,-1.2874999999999999,31.625,0.0,0.0,-2.055701414875,0.886181120125,0.0
2019-01-13,2019.0,1.0,13.0,12.5,0.0,4.25,239.375,4.4875,-0.875,-20.05,29.85,-9.5125,0.875,0.5,0.0,0.0,0.628644766125,-1.1070599755000001,0.0
2019-01-14,2019.0,1.0,14.0,12.5,0.0,6.25,295.5,7.2625,4.125,-19.237500000000004,30.0,-14.8875,-5.375,24.125,0.0,0.0,6.640878497875,-1.6982624051249997,0.0
2019-01-15,2019.0,1.0,15.0,12.5,0.025,6.25,182.625,4.2875000000000005,-7.375,-17.2625,24.25,-14.8875,0.0,-18.625,0.1,0.1,-3.5920748184999995,1.5195712796249998,0.1
2019-01-16,2019.0,1.0,16.0,12.5,0.0,0.0,240.875,6.25,1.75,-20.6125,30.0,-11.3375,3.55,-25.0,0.0,0.0,3.8932142350000003,-1.51395859125,0.0
2019-01-17,2019.0,1.0,17.0,12.5,0.0,3.75,218.125,5.35,-0.75,-25.4125,29.925,-6.325,5.0125,-3.25,0.0,0.0,3.80744132575,-1.5071813628750002,0.0
2019-01-18,2019.0,1.0,18.0,12.5,0.0,6.25,250.75,5.025,-1.375,-20.075,30.0,-14.075,-7.75,-1.5,0.0,0.0,2.204161404625,-2.6506330609999997,0.0
2019-01-19,2019.0,1.0,19.0,12.5,0.05,6.25,258.0,5.975,6.125,-17.2125,28.25,-13.4,0.675,15.0,0.1,0.65,4.0007241030000005,-2.8455732667499998,0.2
2019-01-20,2019.0,1.0,20.0,12.5,0.125,6.25,245.5,5.7375,1.875,-16.9375,28.55,-15.2375,-1.8375000000000001,52.0,1.0,2.1500000000000004,4.685149738374999,-0.9344769305,0.5
2019-01-21,2019.0,1.0,21.0,12.5,0.0,0.0,280.125,3.9875000000000003,-3.75,-23.575,30.0,-12.0625,3.175,-17.125,0.0,0.0,1.586405508625,-2.2441045964999997,0.0
2019-01-22,2019.0,1.0,22.0,12.5,0.0,0.0,264.875,3.3625000000000003,-2.25,-26.799999999999997,29.875,-7.574999999999999,4.4875,-25.25,0.0,0.0,0.8454837789999999,-1.7661753844999997,0.0
2019-01-23,2019.0,1.0,23.0,12.5,0.0,0.125,166.0,4.1000000000000005,-4.125,-23.8,29.7625,-2.575,5.0,-34.25,0.0,0.0,-3.68068852625,1.0622854532500001,0.0
2019-01-24,2019.0,1.0,24.0,12.5,0.0,6.25,293.75,6.9375,7.5,-17.2625,29.8375,-14.074999999999998,-11.5,15.625,0.0,0.0,4.29748789275,-4.088637680375,0.0
2019-01-25,2019.0,1.0,25.0,12.5,0.0,0.25,201.5,4.85,3.625,-16.1125,29.9125,-9.35,4.7250000000000005,51.625,0.0,0.0,0.7627853981250002,-0.13837428162499998,0.0
2019-01-26,2019.0,1.0,26.0,12.5,0.0,5.25,272.625,6.374999999999999,-5.125,-17.7125,30.0,-10.524999999999999,-1.175,-21.375,0.0,0.0,2.22896647,-0.31211282700000004,0.0
2019-01-27,2019.0,1.0,27.0,12.5,0.075,6.25,240.625,5.824999999999999,-1.5,-14.874999999999998,29.712500000000002,-11.575,-1.0499999999999998,-4.125,0.0,0.0,-0.860333254625,0.729253669,0.3
2019-01-28,2019.0,1.0,28.0,12.5,0.0,5.25,159.375,5.112500000000001,1.75,-16.9,30.0,-12.462499999999999,-0.8875,-13.375,0.0,0.0,0.3735138865000003,0.7093948238749999,0.0
2019-01-29,2019.0,1.0,29.0,12.5,0.0,6.25,150.75,8.3375,-2.625,-16.912499999999998,29.8375,-10.749999999999998,1.7125000000000001,-8.875,0.0,0.0,-3.2161227588750005,4.750046864875,0.0
2019-01-30,2019.0,1.0,30.0,12.5,0.2125,6.25,273.375,6.9875,-0.125,-19.5625,29.637500000000003,-17.5125,-6.7625,-2.75,1.7,1.8,1.0340116973749998,-1.258963320375,0.85
2019-01-31,2019.0,1.0,31.0,12.5,0.0375,0.0,196.875,5.1625000000000005,1.75,-21.262499999999996,29.9875,-15.325,2.1875,23.125,0.7999999999999999,0.1,0.06645556212500026,-0.41856830437500003,0.15
2019-02-01,2019.0,2.0,1.0,12.5,0.0,1.75,231.25,6.075,-11.5,-20.0625,29.4375,-4.875,10.450000000000001,-68.5,0.0,0.0,-0.17320802425000004,-2.781861304875,0.0
2019-02-02,2019.0,2.0,2.0,12.5,0.0,6.25,211.25,8.425,10.0,-19.5875,30.0,-12.049999999999999,-7.175,4.625,1.8,0.0,7.6098177525,-2.03217043,0.0
2019-02-03,2019.0,2.0,3.0,12.5,0.025,5.75,219.75,5.0125,0.875,-15.6875,30.0,-13.15,-1.1,55.25,0.0,0.0,-3.0698950695,1.243598356125,0.1
2019-02-04,2019.0,2.0,4.0,12.5,0.0,2.5,237.25,5.2875000000000005,-4.125,-21.224999999999998,30.0,-8.975,4.175,-18.25,0.0,0.0,1.4325069901249998,-3.689223496375,0.0
2019-02-05,2019.0,2.0,5.0,12.5,0.0,4.0,163.625,4.824999999999999,-2.75,-19.075,29.7875,-8.5375,0.4374999999999999,-42.375,0.0,0.0,1.10433924625,0.33665975625,0.0
2019-02-06,2019.0,2.0,6.0,12.5,0.0,5.5,261.5,6.0625,2.125,-19.375,29.95,-8.762500000000001,-0.22500000000000003,19.0,0.0,0.0,1.8837140776250003,0.61405406575,0.0
2019-02-07,2019.0,2.0,7.0,12.5,0.0,6.25,101.25,9.524999999999999,1.875,-15.912500000000001,29.862499999999997,-8.2625,0.5,-4.375,0.0,0.0,1.682217023,2.0163242438749998,0.0
2019-02-08,2019.0,2.0,8.0,12.5,0.05,6.25,267.875,4.7375,-0.625,-15.1375,29.3125,-13.287500000000001,-5.0249999999999995,19.625,0.0,0.0,0.24312738387499977,-1.085077980625,0.2
2019-02-09,2019.0,2.0,9.0,12.5,0.075,6.25,261.75,5.2625,1.0,-18.0375,29.8,-15.837499999999999,-2.55,-6.875,0.0,0.75,1.15222655925,-1.5842249072499999,0.3
2019-02-10,2019.0,2.0,10.0,12.5,0.0,1.875,139.0,7.5125,0.875,-17.250000000000004,30.0,-12.2,3.6374999999999997,20.0,0.0,0.05,-1.1221995473750004,1.685581679,0.0
2019-02-11,2019.0,2.0,11.0,12.5,0.0,1.875,255.25,5.675000000000001,2.5,-20.0625,29.887500000000003,-7.075,5.125,-3.5,0.0,0.0,3.606403938,-2.4996734035,0.0
2019-02-12,2019.0,2.0,12.0,12.5,0.0,2.5,195.0,3.75,0.0,-18.775,29.15,-5.999999999999999,1.075,28.25,0.0,0.0,-2.1666137861249997,0.5023249052500001,0.0
2019-02-13,2019.0,2.0,13.0,12.5,0.0,4.25,241.75,7.825,-3.375,-17.05,28.95,-3.8875,2.1125,-39.25,0.0,0.0,4.547088864375,-2.224111770875,0.0
2019-02-14,2019.0,2.0,14.0,12.5,0.0625,6.25,283.25,5.9125,3.125,-14.299999999999999,30.0,-12.9375,-9.05,25.0,0.0,0.0,3.0735608715000002,-1.7774881971249994,0.25
2019-02-15,2019.0,2.0,15.0,12.5,0.0125,2.125,164.125,4.5625,-2.125,-16.7625,30.0,-10.45,2.4875000000000003,-7.625,0.0,0.0,-2.71372735375,1.849189237375,0.05
2019-02-16,2019.0,2.0,16.0,12.5,0.0,6.25,239.375,6.574999999999999,-1.375,-18.0875,30.0,-13.25,-2.8,-22.375,0.0,0.0,0.8731708072499996,-1.3181104165000002,0.0
2019-02-17,2019.0,2.0,17.0,12.5,0.025,5.25,281.5,5.7125,-3.125,-20.2125,30.0,-14.175,-0.9249999999999998,-8.75,0.0,0.0,4.58349138075,-2.5447069316249995,0.1
2019-02-18,2019.0,2.0,18.0,12.5,0.0,5.0,194.25,5.0125,-2.0,-17.150000000000002,29.4125,-12.0875,2.0875,-33.375,0.0,0.0,1.153193383125,-0.34526784987500003,0.0
2019-02-19,2019.0,2.0,19.0,12.5,0.0,1.25,193.375,6.012500000000001,4.625,-16.0375,29.8125,-8.55,3.5374999999999996,19.0,0.0,0.0,-2.794870766875,1.504166904625,0.0
2019-02-20,2019.0,2.0,20.0,12.5,0.0,4.25,218.625,5.2749999999999995,6.75,-14.2375,29.887500000000003,-7.649999999999999,0.8999999999999997,45.75,0.0,0.0,-0.8113718265,-0.603403970125,0.0
2019-02-21,2019.0,2.0,21.0,12.5,0.0,6.25,135.875,4.824999999999999,-3.125,-14.487499999999999,28.900000000000002,-5.550000000000001,2.1,17.25,0.0,0.0,-0.6073232283749999,1.599313163875,0.0
2019-02-22,2019.0,2.0,22.0,12.5,0.025,6.25,221.625,5.8625,2.25,-11.3375,29.2875,-6.9375,-1.3875,-1.25,0.0,0.0,1.37540970925,-0.19183987550000003,0.1
2019-02-23,2019.0,2.0,23.0,12.5,0.3375,6.25,241.625,6.2124999999999995,-2.125,-10.0875,29.799999999999997,-8.475000000000001,-1.5375,-7.375,0.0,0.0,0.1749637478749997,0.42084905725,1.35
2019-02-24,2019.0,2.0,24.0,12.5,0.48750000000000004,6.25,261.75,5.2125,-1.0,-10.8125,28.8125,-9.862499999999999,-1.3874999999999997,-5.375,0.0,0.0,2.835524221,-1.992096108375,1.9500000000000002
2019-02-25,2019.0,2.0,25.0,12.5,0.28750000000000003,6.25,202.875,4.1000000000000005,-0.625,-10.137500000000001,30.0,-9.5875,0.275,-11.0,0.0,0.0,-0.521766913125,0.5116962466249999,1.1500000000000001
2019-02-26,2019.0,2.0,26.0,12.5,0.4625,6.25,201.25,3.4375,-1.125,-10.062499999999998,26.0875,-9.3375,0.25,-2.0,0.0,0.0,-1.6771452605000001,1.041426794125,1.85
2019-02-27,2019.0,2.0,27.0,12.5,0.1,6.25,201.375,4.0875,-1.25,-9.299999999999999,27.225,-8.2625,1.075,-12.5,0.0,0.0,-1.967383066,1.43447049525,0.4
2019-02-28,2019.0,2.0,28.0,12.5,0.0,6.25,196.875,3.2,-0.5,-8.112499999999999,21.549999999999997,-6.937499999999999,1.3249999999999997,-12.0,0.0,0.0,-1.3417147723749996,0.457268936875,0.0
2019-03-01,,,,,,,,,,,,,,,,,,,
2019-03-02,,,,,,,,,,,,,,,,,,,
2019-03-03,,,,,,,,,,,,,,,,,,,
2019-03-04,,,,,,,,,,,,,,,,,,,
2019-03-05,,,,,,,,,,,,,,,,,,,
2019-03-06,,,,,,,,,,,,,,,,,,,
2019-03-07,,,,,,,,,,,,,,,,,,,
2019-03-08,,,,,,,,,,,,,,,,,,,
2019-03-09,,,,,,,,,,,,,,,,,,,
2019-03-10,,,,,,,,,,,,,,,,,,,
2019-03-11,,,,,,,,,,,,,,,,,,,
2019-03-12,,,,,,,,,,,,,,,,,,,
2019-03-13,,,,,,,,,,,,,,,,,,,
2019-03-14,,,,,,,,,,,,,,,,,,,
2019-03-15,,,,,,,,,,,,,,,,,,,
2019-03-16,,,,,,,,,,,,,,,,,,,
2019-03-17,,,,,,,,,,,,,,,,,,,
2019-03-18,,,,,,,,,,,,,,,,,,,
2019-03-19,,,,,,,,,,,,,,,,,,,
2019-03-20,,,,,,,,,,,,,,,,,,,
2019-03-21,,,,,,,,,,,,,,,,,,,
2019-03-22,,,,,,,,,,,,,,,,,,,
2019-03-23,,,,,,,,,,,,,,,,,,,
2019-03-24,,,,,,,,,,,,,,,,,,,
2019-03-25,,,,,,,,,,,,,,,,,,,
2019-03-26,,,,,,,,,,,,,,,,,,,
2019-03-27,,,,,,,,,,,,,,,,,,,
2019-03-28,,,,,,,,,,,,,,,,,,,
2019-03-29,,,,,,,,,,,,,,,,,,,
2019-03-30,,,,,,,,,,,,,,,,,,,
2019-03-31,,,,,,,,,,,,,,,,,,,
2019-04-01,,,,,,,,,,,,,,,,,,,
2019-04-02,,,,,,,,,,,,,,,,,,,
2019-04-03,,,,,,,,,,,,,,,,,,,
2019-04-04,,,,,,,,,,,,,,,,,,,
2019-04-05,,,,,,,,,,,,,,,,,,,
2019-04-06,,,,,,,,,,,,,,,,,,,
2019-04-07,,,,,,,,,,,,,,,,,,,
2019-04-08,,,,,,,,,,,,,,,,,,,
2019-04-09,,,,,,,,,,,,,,,,,,,
2019-04-10,,,,,,,,,,,,,,,,,,,
2019-04-11,,,,,,,,,,,,,,,,,,,
2019-04-12,,,,,,,,,,,,,,,,,,,
2019-04-13,,,,,,,,,,,,,,,,,,,
2019-04-14,,,,,,,,,,,,,,,,,,,
2019-04-15,,,,,,,,,,,,,,,,,,,
2019-04-16,,,,,,,,,,,,,,,,,,,
2019-04-17,,,,,,,,,,,,,,,,,,,
2019-04-18,,,,,,,,,,,,,,,,,,,
2019-04-19,,,,,,,,,,,,,,,,,,,
2019-04-20,,,,,,,,,,,,,,,,,,,
2019-04-21,,,,,,,,,,,,,,,,,,,
2019-04-22,,,,,,,,,,,,,,,,,,,
2019-04-23,,,,,,,,,,,,,,,,,,,
2019-04-24,,,,,,,,,,,,,,,,,,,
2019-04-25,,,,,,,,,,,,,,,,,,,
2019-04-26,,,,,,,,,,,,,,,,,,,
2019-04-27,2019.0,4.0,27.0,12.5,0.3625,2.0,236.625,6.7375,3.875,-0.4750000000000001,29.2125,7.2375,-0.03749999999999998,17.125,0.1,0.25,5.98467267725,-1.3233929022500002,1.45
2019-04-28,2019.0,4.0,28.0,12.5,0.55,6.25,257.125,6.0375000000000005,3.125,1.7374999999999996,24.387500000000003,3.75,-3.4875000000000003,28.0,0.0,0.0,5.815968366625,-1.0599801857500002,2.2
2019-04-29,2019.0,4.0,29.0,12.5,1.425,5.0,312.5,7.25,2.0,-1.9375,25.125,-1.575,-5.325,13.25,3.1,11.0,5.093604735625,-0.9993336599999999,5.7
2019-04-30,2019.0,4.0,30.0,12.5,0.0,4.875,144.625,4.699999999999999,-8.125,-0.6500000000000004,25.5,1.4125,2.9875,-33.75,0.0,0.0,-3.200953294875,1.880404341125,0.0
2019-05-01,2019.0,5.0,1.0,12.5,0.0,6.25,159.375,5.25,2.5,0.6625000000000001,29.2,5.824999999999999,4.412499999999999,-6.5,0.0,0.0,1.0615460639999998,1.2796446822499998,0.0
2019-05-02,2019.0,5.0,2.0,12.5,0.0,5.25,163.25,6.7124999999999995,-1.625,2.5,29.6625,6.949999999999999,1.1249999999999998,-7.625,0.55,0.5,-1.9586897821250002,2.432001286,0.0
2019-05-03,2019.0,5.0,3.0,12.5,3.0374999999999996,5.125,193.375,6.375,3.5,2.2625,22.125,4.4125000000000005,-2.5375000000000005,18.5,10.35,12.9,4.5675433615,-0.58908314625,12.149999999999999
2019-05-04,2019.0,5.0,4.0,12.5,0.55,6.0,181.875,4.475,0.5,2.7875,26.375,5.550000000000001,1.1375,3.5,0.05,1.85,-1.6543934524999997,1.3147964502500002,2.2
2019-05-05,2019.0,5.0,5.0,12.5,4.875,6.25,163.0,3.9625,0.25,1.1375,10.375000000000002,1.275,-4.275,16.75,2.1500000000000004,9.65,-3.5472097861250003,1.4095730450000001,19.5
2019-05-06,2019.0,5.0,6.0,12.5,4.0874999999999995,6.25,156.0,4.2124999999999995,-3.125,0.15000000000000002,9.0625,0.25,-1.0250000000000001,-20.625,5.1,9.4,-3.67546662425,1.8034080901249998,16.349999999999998
2019-05-07,2019.0,5.0,7.0,12.5,2.4625,6.25,224.25,9.0625,-0.25,0.05000000000000003,23.975,0.175,-0.07499999999999998,-16.125,5.5,2.5,8.965857550499999,-0.17163847612500033,9.85
2019-05-08,2019.0,5.0,8.0,12.5,0.15,5.25,133.375,8.9125,1.75,-0.8625,29.9,0.05,-0.12499999999999992,13.75,0.8000000000000002,2.9000000000000004,8.73105363375,-0.14097114325,0.6
2019-05-09,2019.0,5.0,9.0,12.5,1.9125,4.75,263.375,4.050000000000001,-1.125,-0.7625,19.2,-0.07499999999999996,-0.125,-8.375,0.8,1.7,3.1957361167500005,-1.5709867638749997,7.65
2019-05-10,2019.0,5.0,10.0,12.5,0.1875,5.0,208.75,5.1625,1.5,-1.8125,26.4375,0.6750000000000002,0.75,10.625,0.0,1.3,1.9141704585000001,1.1021520148750001,0.75
2019-05-11,2019.0,5.0,11.0,12.5,0.0875,3.75,269.75,6.512499999999999,0.25,-3.3125,21.4375,3.2125000000000004,2.5374999999999996,-6.75,0.0,0.0,2.725029088375,-1.0421899420000005,0.35
2019-05-12,2019.0,5.0,12.0,12.5,0.0,5.75,233.125,8.2875,-1.0,-4.175000000000001,14.3875,0.06250000000000017,-3.15,21.0,0.0,0.0,1.9566205426249998,-0.37330066387500005,0.0
2019-05-13,2019.0,5.0,13.0,12.5,0.0,2.5,131.125,4.449999999999999,-3.875,-3.8750000000000004,29.3375,5.6875,5.625,-33.0,0.0,0.0,1.053661064375,1.1814693078749998,0.0
2019-05-14,2019.0,5.0,14.0,12.5,1.6,4.625,204.875,3.2875,2.25,0.22500000000000003,22.174999999999997,5.525,-0.1625,-5.875,0.0,0.0,-0.047049888749999935,-0.141881341,6.4
2019-05-15,2019.0,5.0,15.0,12.5,0.175,6.25,194.625,7.437499999999999,0.375,1.625,21.2875,5.1375,-0.38749999999999996,27.875,0.0,0.0,-2.410492984375,2.978183132875,0.7
2019-05-16,2019.0,5.0,16.0,12.5,0.0,5.75,248.625,4.25,-1.5,1.1375,30.0,7.6625000000000005,2.525,-27.875,0.0,0.0,0.4331706323749999,0.32415954149999987,0.0
2019-05-17,2019.0,5.0,17.0,12.5,0.4625,3.75,185.5,4.5125,0.25,0.85,27.7625,8.862499999999999,1.1999999999999997,-5.875,0.0,0.0,-1.3663857945,1.8085272925,1.85
2019-05-18,2019.0,5.0,18.0,12.5,0.23750000000000002,4.25,252.25,8.637500000000001,5.375,-1.8875,29.25,2.6125,-6.249999999999999,16.25,0.0,0.0,7.150976646,-1.0754259713749998,0.9500000000000001
2019-05-19,2019.0,5.0,19.0,12.5,0.0,6.25,259.75,5.5625,2.375,-2.7375,30.0,2.1375,-0.47499999999999976,54.125,0.0,0.0,3.22586402675,-2.3120104648749993,0.0
2019-05-20,2019.0,5.0,20.0,12.5,0.0,5.125,234.0,5.7,-1.625,-3.65,29.9125,6.512500000000001,4.374999999999999,-11.25,0.0,0.0,0.589832303375,0.5512560410000003,0.0
2019-05-21,2019.0,5.0,21.0,12.5,0.0,2.625,347.0,6.3500000000000005,0.875,-7.2875,28.6875,7.875,1.3624999999999998,5.0,0.0,0.0,6.177556806625,-1.2612561405000002,0.0
2019-05-22,2019.0,5.0,22.0,12.5,0.0,5.0,155.125,5.074999999999999,-4.625,-4.2124999999999995,28.6875,10.6875,2.8125,-17.875,0.0,0.0,-3.60532866425,2.3412809487499997,0.0
2019-05-23,2019.0,5.0,23.0,12.5,0.0,5.75,175.625,3.8375000000000004,-1.25,-1.6875000000000002,29.8125,10.3375,-0.35000000000000003,-23.375,0.0,0.0,0.6495017826249997,-0.009327792750000008,0.0
2019-05-24,2019.0,5.0,24.0,12.5,0.0,2.625,215.125,4.425,0.0,-4.8125,28.725,12.575,2.2375,-5.75,0.0,0.0,4.09920620975,-0.853011080125,0.0
2019-05-25,2019.0,5.0,25.0,12.5,0.0,6.25,284.125,8.2125,3.625,-5.3,29.775000000000002,7.8500000000000005,-4.725,8.625,0.0,0.0,6.576184747375,-2.261626752,0.0
2019-05-26,2019.0,5.0,26.0,12.5,0.0,6.25,238.0,7.3999999999999995,3.75,-7.85,29.975,1.2875,-6.5625,41.5,0.0,0.0,5.824805607375,-2.150065788625,0.0
2019-05-27,2019.0,5.0,27.0,12.5,0.125,6.25,200.5,5.9125,-2.875,-1.2000000000000004,25.45,0.8999999999999999,-0.3875000000000002,-2.5,0.0,0.0,-2.75204418475,2.2832240460000004,0.5
2019-05-28,2019.0,5.0,28.0,12.5,0.0,2.625,236.5,6.0249999999999995,-0.75,-0.7374999999999999,25.925,5.625,4.725,-11.75,0.0,0.0,5.086875262124999,-1.187384271875,0.0
2019-05-29,2019.0,5.0,29.0,12.5,0.075,6.25,257.625,8.7875,1.875,-0.3874999999999999,29.7625,5.450000000000001,-0.175,-6.375,0.0,1.9,8.557050105749997,-1.02233537025,0.3
2019-05-30,2019.0,5.0,30.0,12.5,0.0125,6.25,251.125,4.0375,0.25,-0.5375,29.95,6.025000000000001,0.5750000000000001,18.75,0.0,0.0,1.542704328375,0.179533644625,0.05
2019-05-31,2019.0,5.0,31.0,12.5,0.7375,6.25,321.125,5.0375000000000005,-2.0,-1.55,26.1875,5.9375,-0.08750000000000002,-11.25,1.1,1.5,3.699349868125,-2.74961221775,2.95
2019-06-01,2019.0,6.0,1.0,12.5,0.0,4.125,209.0,5.65,-0.25,-4.787499999999999,30.0,8.712499999999999,2.7749999999999995,-13.5,0.0,0.0,2.675097104625,-2.51202858125,0.0
2019-06-02,2019.0,6.0,2.0,12.5,0.0,4.75,229.75,3.75,-2.625,-3.0,30.0,8.5375,-0.17499999999999993,-7.0,0.0,0.0,1.95548935725,-2.3109637631249997,0.0
2019-06-03,2019.0,6.0,3.0,12.5,0.0,4.625,294.5,5.2125,-0.125,-2.3249999999999997,29.1,11.0125,2.475,-15.625,0.0,0.0,2.8904542225,-1.497042226,0.0
2019-06-04,2019.0,6.0,4.0,12.5,0.625,6.25,239.625,2.1,1.625,2.2125,27.475,6.7375,-4.275,16.125,0.0,0.0,-0.21628126212500012,-0.21373654662499994,2.5
2019-06-05,2019.0,6.0,5.0,12.5,0.0,3.875,257.375,4.8,-0.75,0.95,30.0,9.7375,3.0,-1.625,0.0,0.0,0.5267551871250001,-2.411155386,0.0
2019-06-06,2019.0,6.0,6.0,12.5,0.35000000000000003,3.75,187.875,3.35,0.375,1.1,29.5625,11.375,1.6375,5.125,0.0,1.4000000000000001,0.9450890725000001,0.24224589762499998,1.4000000000000001
2019-06-07,2019.0,6.0,7.0,12.5,1.1,4.875,235.875,4.0875,2.125,6.325000000000001,24.325000000000003,8.3625,-3.0124999999999997,10.25,0.6000000000000001,2.5999999999999996,2.6106063615000004,-0.7337399235,4.4
2019-06-08,2019.0,6.0,8.0,12.5,0.0,5.5,239.75,3.5375000000000005,-2.125,1.6,30.0,10.1625,1.8,-4.25,0.0,0.0,1.467775127875,-0.5468463867500001,0.0
2019-06-09,2019.0,6.0,9.0,12.5,0.625,6.25,155.25,5.4625,-1.5,4.6499999999999995,28.475,9.962499999999999,-0.20000000000000007,-18.375,0.0,0.55,-4.273746976125,2.5590003282499993,2.5
2019-06-10,,,,,,,,,,,,,,,,,,,
2019-06-11,,,,,,,,,,,,,,,,,,,
2019-06-12,2019.0,6.0,12.0,12.5,0.0,0.5,281.375,5.0249999999999995,-0.625,2.6375,29.6125,10.85,1.9874999999999998,5.375,0.0,0.0,4.214664292875,-0.9892198493750002,0.0
2019-06-13,2019.0,6.0,13.0,12.5,0.0,2.75,144.875,7.324999999999999,-3.75,5.6499999999999995,29.787499999999998,12.25,1.4,-19.375,0.0,0.0,-5.9000865075,4.226617272875,0.0
2019-06-14,2019.0,6.0,14.0,12.5,1.4,6.25,217.375,8.6375,2.125,5.5874999999999995,26.474999999999998,7.699999999999999,-4.55,-5.375,0.6,3.7,4.999255304125,0.5687206627499998,5.6
2019-06-15,2019.0,6.0,15.0,12.5,1.025,6.25,265.25,5.0875,0.375,5.687499999999999,27.312500000000004,7.6125,-0.08750000000000016,8.25,2.3,1.5,2.540448038125,-0.584969519875,4.1
2019-06-16,2019.0,6.0,16.0,12.5,0.0,6.25,251.375,3.7125,0.75,2.0375,28.7125,10.25,2.6374999999999997,6.5,0.0,0.0,0.6949759172499999,-1.51052998275,0.0
2019-06-17,2019.0,6.0,17.0,12.5,0.0,6.25,188.125,4.05,0.5,2.3749999999999996,29.925,12.1875,1.9375,10.125,0.0,0.0,-0.29455575912500004,1.2173455908750002,0.0
2019-06-18,2019.0,6.0,18.0,12.5,0.17500000000000002,6.25,161.375,3.6875,-1.625,3.825,28.1625,8.275,-3.9125000000000005,-8.0,0.0,0.0,-2.94257908275,1.482532411125,0.7000000000000001
2019-06-19,2019.0,6.0,19.0,12.5,0.0625,6.25,243.5,4.6375,-1.75,6.375,22.599999999999998,9.7875,1.5125000000000002,-26.0,0.3,0.0,2.5034297302499997,-0.12011924987499994,0.25
2019-06-20,2019.0,6.0,20.0,12.5,0.5375,6.25,221.625,4.4624999999999995,0.625,10.125,17.8875,10.85,1.0625,4.125,0.6000000000000001,13.6,1.3699554939999998,-0.25417323025,2.15
2019-06-21,2019.0,6.0,21.0,12.5,4.7,6.25,257.75,3.4625,2.75,9.75,9.2375,9.85,-1.0,17.0,4.75,27.1,1.6430783503749997,-0.541966703125,18.8
2019-06-22,2019.0,6.0,22.0,12.5,0.0125,6.25,218.75,2.6125,0.5,9.8375,21.625,10.424999999999999,0.5750000000000001,11.5,0.39999999999999997,6.6,1.0168433445000002,-0.24839660424999993,0.05
2019-06-23,2019.0,6.0,23.0,12.5,3.0375,6.25,249.75,4.8500000000000005,-0.875,9.487499999999999,22.1375,9.8125,-0.6124999999999999,-1.25,3.1,2.0,3.291250730375,-0.20977893149999996,12.15
2019-06-24,2019.0,6.0,24.0,12.5,0.15000000000000002,5.75,211.5,6.012500000000001,2.875,7.8875,27.412499999999998,12.474999999999998,2.6625,7.0,0.0,0.3,5.8165164073749995,-0.848623321125,0.6000000000000001
2019-06-25,2019.0,6.0,25.0,12.5,0.1375,6.0,137.0,6.1125,-3.5,9.925,19.049999999999997,10.4625,-2.0125,5.125,4.3,8.649999999999999,0.8294767443750003,1.7631740808749998,0.55
2019-06-26,2019.0,6.0,26.0,12.5,9.4,6.25,310.0,8.2625,-2.625,6.950000000000001,15.3875,7.050000000000001,-3.4125,-33.625,28.6,14.65,8.177443951875002,-0.676832563375,37.6
2019-06-27,2019.0,6.0,27.0,12.5,2.3125000000000004,6.25,266.5,10.3125,1.375,3.8500000000000005,26.1375,5.4125000000000005,-1.6375000000000002,-6.5,2.25,6.2,10.2012901585,-0.7315359186249999,9.250000000000002
2019-06-28,2019.0,6.0,28.0,12.5,0.0,6.25,181.375,5.0875,2.0,2.7500000000000004,30.0,9.674999999999999,4.2625,17.125,0.0,0.0,4.961572626375,0.009168044499999861,0.0
2019-06-29,2019.0,6.0,29.0,12.5,0.0,6.25,279.75,2.7,1.75,1.7375,30.0,9.799999999999999,0.125,15.0,0.0,0.0,2.257602584375,-0.485785244375,0.0
2019-06-30,2019.0,6.0,30.0,12.5,0.0,3.5,136.375,3.275,-0.5,2.6624999999999996,30.0,11.450000000000001,1.65,5.5,0.0,0.0,-0.14975032300000002,0.6316398428750001,0.0
2019-07-01,,,,,,,,,,,,,,,,,,,
2019-07-02,,,,,,,,,,,,,,,,,,,
2019-07-03,,,,,,,,,,,,,,,,,,,
2019-07-04,,,,,,,,,,,,,,,,,,,
2019-07-05,,,,,,,,,,,,,,,,,,,
2019-07-06,,,,,,,,,,,,,,,,,,,
2019-07-07,,,,,,,,,,,,,,,,,,,
2019-07-08,,,,,,,,,,,,,,,,,,,
2019-07-09,,,,,,,,,,,,,,,,,,,
2019-07-10,,,,,,,,,,,,,,,,,,,
2019-07-11,,,,,,,,,,,,,,,,,,,
2019-07-12,,,,,,,,,,,,,,,,,,,
2019-07-13,,,,,,,,,,,,,,,,,,,
2019-07-14,,,,,,,,,,,,,,,,,,,
2019-07-15,,,,,,,,,,,,,,,,,,,
2019-07-16,,,,,,,,,,,,,,,,,,,
2019-07-17,,,,,,,,,,,,,,,,,,,
2019-07-18,,,,,,,,,,,,,,,,,,,
2019-07-19,,,,,,,,,,,,,,,,,,,
2019-07-20,,,,,,,,,,,,,,,,,,,
2019-07-21,,,,,,,,,,,,,,,,,,,
2019-07-22,,,,,,,,,,,,,,,,,,,
2019-07-23,,,,,,,,,,,,,,,,,,,
2019-07-24,,,,,,,,,,,,,,,,,,,
2019-07-25,,,,,,,,,,,,,,,,,,,
2019-07-26,,,,,,,,,,,,,,,,,,,
2019-07-27,,,,,,,,,,,,,,,,,,,
2019-07-28,,,,,,,,,,,,,,,,,,,
2019-07-29,,,,,,,,,,,,,,,,,,,
2019-07-30,,,,,,,,,,,,,,,,,,,
2019-07-31,,,,,,,,,,,,,,,,,,,
2019-08-01,,,,,,,,,,,,,,,,,,,
2019-08-02,,,,,,,,,,,,,,,,,,,
2019-08-03,,,,,,,,,,,,,,,,,,,
2019-08-04,,,,,,,,,,,,,,,,,,,
2019-08-05,,,,,,,,,,,,,,,,,,,
2019-08-06,,,,,,,,,,,,,,,,,,,
2019-08-07,,,,,,,,,,,,,,,,,,,
2019-08-08,,,,,,,,,,,,,,,,,,,
2019-08-09,,,,,,,,,,,,,,,,,,,
2019-08-10,,,,,,,,,,,,,,,,,,,
2019-08-11,,,,,,,,,,,,,,,,,,,
2019-08-12,,,,,,,,,,,,,,,,,,,
2019-08-13,,,,,,,,,,,,,,,,,,,
2019-08-14,,,,,,,,,,,,,,,,,,,
2019-08-15,,,,,,,,,,,,,,,,,,,
2019-08-16,,,,,,,,,,,,,,,,,,,
2019-08-17,,,,,,,,,,,,,,,,,,,
2019-08-18,,,,,,,,,,,,,,,,,,,
2019-08-19,,,,,,,,,,,,,,,,,,,
2019-08-20,,,,,,,,,,,,,,,,,,,
2019-08-21,,,,,,,,,,,,,,,,,,,
2019-08-22,,,,,,,,,,,,,,,,,,,
2019-08-23,,,,,,,,,,,,,,,,,,,
2019-08-24,,,,,,,,,,,,,,,,,,,
2019-08-25,,,,,,,,,,,,,,,,,,,
2019-08-26,,,,,,,,,,,,,,,,,,,
2019-08-27,,,,,,,,,,,,,,,,,,,
2019-08-28,,,,,,,,,,,,,,,,,,,
2019-08-29,,,,,,,,,,,,,,,,,,,
2019-08-30,,,,,,,,,,,,,,,,,,,
2019-08-31,,,,,,,,,,,,,,,,,,,
2019-09-01,,,,,,,,,,,,,,,,,,,
2019-09-02,,,,,,,,,,,,,,,,,,,
2019-09-03,,,,,,,,,,,,,,,,,,,
2019-09-04,,,,,,,,,,,,,,,,,,,
2019-09-05,,,,,,,,,,,,,,,,,,,
2019-09-06,,,,,,,,,,,,,,,,,,,
2019-09-07,,,,,,,,,,,,,,,,,,,
2019-09-08,,,,,,,,,,,,,,,,,,,
2019-09-09,,,,,,,,,,,,,,,,,,,
2019-09-10,,,,,,,,,,,,,,,,,,,
2019-09-11,,,,,,,,,,,,,,,,,,,
2019-09-12,,,,,,,,,,,,,,,,,,,
2019-09-13,,,,,,,,,,,,,,,,,,,
2019-09-14,,,,,,,,,,,,,,,,,,,
2019-09-15,,,,,,,,,,,,,,,,,,,
2019-09-16,,,,,,,,,,,,,,,,,,,
2019-09-17,,,,,,,,,,,,,,,,,,,
2019-09-18,,,,,,,,,,,,,,,,,,,
2019-09-19,,,,,,,,,,,,,,,,,,,
2019-09-20,,,,,,,,,,,,,,,,,,,
2019-09-21,,,,,,,,,,,,,,,,,,,
2019-09-22,,,,,,,,,,,,,,,,,,,
2019-09-23,,,,,,,,,,,,,,,,,,,
2019-09-24,,,,,,,,,,,,,,,,,,,
2019-09-25,,,,,,,,,,,,,,,,,,,
2019-09-26,,,,,,,,,,,,,,,,,,,
2019-09-27,,,,,,,,,,,,,,,,,,,
2019-09-28,,,,,,,,,,,,,,,,,,,
2019-09-29,,,,,,,,,,,,,,,,,,,
2019-09-30,,,,,,,,,,,,,,,,,,,
2019-10-01,,,,,,,,,,,,,,,,,,,
2019-10-02,,,,,,,,,,,,,,,,,,,
2019-10-03,,,,,,,,,,,,,,,,,,,
2019-10-04,,,,,,,,,,,,,,,,,,,
2019-10-05,,,,,,,,,,,,,,,,,,,
2019-10-06,,,,,,,,,,,,,,,,,,,
2019-10-07,,,,,,,,,,,,,,,,,,,
2019-10-08,,,,,,,,,,,,,,,,,,,
2019-10-09,,,,,,,,,,,,,,,,,,,
2019-10-10,,,,,,,,,,,,,,,,,,,
2019-10-11,,,,,,,,,,,,,,,,,,,
2019-10-12,,,,,,,,,,,,,,,,,,,
2019-10-13,,,,,,,,,,,,,,,,,,,
2019-10-14,,,,,,,,,,,,,,,,,,,
2019-10-15,,,,,,,,,,,,,,,,,,,
2019-10-16,,,,,,,,,,,,,,,,,,,
2019-10-17,,,,,,,,,,,,,,,,,,,
2019-10-18,,,,,,,,,,,,,,,,,,,
2019-10-19,,,,,,,,,,,,,,,,,,,
2019-10-20,,,,,,,,,,,,,,,,,,,
2019-10-21,,,,,,,,,,,,,,,,,,,
2019-10-22,,,,,,,,,,,,,,,,,,,
2019-10-23,,,,,,,,,,,,,,,,,,,
2019-10-24,,,,,,,,,,,,,,,,,,,
2019-10-25,,,,,,,,,,,,,,,,,,,
2019-10-26,,,,,,,,,,,,,,,,,,,
2019-10-27,,,,,,,,,,,,,,,,,,,
2019-10-28,,,,,,,,,,,,,,,,,,,
2019-10-29,,,,,,,,,,,,,,,,,,,
2019-10-30,,,,,,,,,,,,,,,,,,,
2019-10-31,,,,,,,,,,,,,,,,,,,
2019-11-01,,,,,,,,,,,,,,,,,,,
2019-11-02,,,,,,,,,,,,,,,,,,,
2019-11-03,,,,,,,,,,,,,,,,,,,
2019-11-04,,,,,,,,,,,,,,,,,,,
2019-11-05,,,,,,,,,,,,,,,,,,,
2019-11-06,,,,,,,,,,,,,,,,,,,
2019-11-07,,,,,,,,,,,,,,,,,,,
2019-11-08,,,,,,,,,,,,,,,,,,,
2019-11-09,,,,,,,,,,,,,,,,,,,
2019-11-10,,,,,,,,,,,,,,,,,,,
2019-11-11,,,,,,,,,,,,,,,,,,,
2019-11-12,,,,,,,,,,,,,,,,,,,
2019-11-13,,,,,,,,,,,,,,,,,,,
2019-11-14,,,,,,,,,,,,,,,,,,,
2019-11-15,,,,,,,,,,,,,,,,,,,
2019-11-16,,,,,,,,,,,,,,,,,,,
2019-11-17,,,,,,,,,,,,,,,,,,,
2019-11-18,,,,,,,,,,,,,,,,,,,
2019-11-19,,,,,,,,,,,,,,,,,,,
2019-11-20,,,,,,,,,,,,,,,,,,,
2019-11-21,,,,,,,,,,,,,,,,,,,
2019-11-22,,,,,,,,,,,,,,,,,,,
2019-11-23,,,,,,,,,,,,,,,,,,,
2019-11-24,,,,,,,,,,,,,,,,,,,
2019-11-25,,,,,,,,,,,,,,,,,,,
2019-11-26,,,,,,,,,,,,,,,,,,,
2019-11-27,,,,,,,,,,,,,,,,,,,
2019-11-28,,,,,,,,,,,,,,,,,,,
2019-11-29,,,,,,,,,,,,,,,,,,,
2019-11-30,,,,,,,,,,,,,,,,,,,
2019-12-01,,,,,,,,,,,,,,,,,,,
2019-12-02,,,,,,,,,,,,,,,,,,,
2019-12-03,,,,,,,,,,,,,,,,,,,
2019-12-04,,,,,,,,,,,,,,,,,,,
2019-12-05,,,,,,,,,,,,,,,,,,,
2019-12-06,,,,,,,,,,,,,,,,,,,
2019-12-07,,,,,,,,,,,,,,,,,,,
2019-12-08,,,,,,,,,,,,,,,,,,,
2019-12-09,,,,,,,,,,,,,,,,,,,
2019-12-10,,,,,,,,,,,,,,,,,,,
2019-12-11,,,,,,,,,,,,,,,,,,,
2019-12-12,,,,,,,,,,,,,,,,,,,
2019-12-13,,,,,,,,,,,,,,,,,,,
2019-12-14,,,,,,,,,,,,,,,,,,,
2019-12-15,,,,,,,,,,,,,,,,,,,
2019-12-16,,,,,,,,,,,,,,,,,,,
2019-12-17,,,,,,,,,,,,,,,,,,,
2019-12-18,,,,,,,,,,,,,,,,,,,
2019-12-19,,,,,,,,,,,,,,,,,,,
2019-12-20,,,,,,,,,,,,,,,,,,,
2019-12-21,,,,,,,,,,,,,,,,,,,
2019-12-22,,,,,,,,,,,,,,,,,,,
2019-12-23,,,,,,,,,,,,,,,,,,,
2019-12-24,,,,,,,,,,,,,,,,,,,
2019-12-25,,,,,,,,,,,,,,,,,,,
2019-12-26,,,,,,,,,,,,,,,,,,,
2019-12-27,,,,,,,,,,,,,,,,,,,
2019-12-28,,,,,,,,,,,,,,,,,,,
2019-12-29,,,,,,,,,,,,,,,,,,,
2019-12-30,,,,,,,,,,,,,,,,,,,
2019-12-31,,,,,,,,,,,,,,,,,,,
2020-01-01,2020.0,1.0,1.0,13.0,0.0,0.0,152.33333333333334,7.766666666666667,1.0,-21.666666666666668,30.0,-5.366666666666667,-0.4666666666666666,-12.666666666666666,0.0,0.0,-6.434782733,3.9393063809999997,0.0
2020-01-02,2020.0,1.0,2.0,23.0,0.0,0.0,301.0,2.4,3.0,-20.9,30.0,-7.3,2.3,39.0,0.0,0.0,1.23609138,-2.0572015219999997,0.0
2020-01-03,2020.0,1.0,3.0,11.0,0.0,8.0,166.0,4.0,5.0,-21.1,29.1,-1.6,5.6,10.0,0.0,0.0,-3.881182905,0.967687582,0.0
2020-01-04,2020.0,1.0,4.0,20.0,0.0,1.0,242.0,7.4,-5.0,-14.45,30.0,-5.25,-2.9,-68.0,0.0,0.0,-1.5925998694999999,0.4081717610000002,0.0
2020-01-05,2020.0,1.0,5.0,3.5,0.0,0.0,186.0,9.75,-5.0,-23.35,30.0,-5.949999999999999,1.3,-52.0,0.0,0.0,9.623674638999999,1.0176159955,0.0
2020-01-06,2020.0,1.0,6.0,11.0,0.6,10.0,352.0,1.0,6.0,-12.7,11.6,-10.1,-1.4,20.0,0.0,0.0,0.9902680690000001,-0.139173101,2.4
2020-01-07,,,,,,,,,,,,,,,,,,,
2020-01-08,2020.0,1.0,8.0,14.75,0.0,10.0,219.25,5.45,-1.5,-15.549999999999999,29.925,-9.125,-2.35,-9.0,0.0,0.0,-2.223691722,0.48693190725000013,0.0
2020-01-09,2020.0,1.0,9.0,15.0,0.10000000000000002,3.3333333333333335,311.0,4.066666666666666,0.6666666666666666,-14.1,29.166666666666668,-12.433333333333332,-2.0,-3.3333333333333335,0.0,0.13333333333333333,2.6137291033333336,-3.0499907653333334,0.4000000000000001
2020-01-10,2020.0,1.0,10.0,16.0,0.3666666666666667,10.0,266.3333333333333,4.7,12.666666666666666,-15.266666666666666,30.0,-13.466666666666667,-0.19999999999999996,14.0,4.266666666666667,1.0666666666666667,1.8030703046666663,-2.6765663493333336,1.4666666666666668
2020-01-11,2020.0,1.0,11.0,20.0,0.0,0.0,270.3333333333333,4.766666666666667,5.666666666666667,-20.599999999999998,30.0,-12.466666666666667,1.8,-21.0,0.0,0.0,1.434382817666667,-2.1320158919999996,0.0
2020-01-12,2020.0,1.0,12.0,14.6,0.04,4.8,149.6,4.26,3.4,-17.3,29.96,-13.200000000000003,-1.3399999999999999,-11.0,0.0,0.0,0.4861672062000001,-0.06340401660000002,0.16
2020-01-13,2020.0,1.0,13.0,17.0,0.0,3.5,187.25,3.1,6.0,-17.15,30.0,-10.175,2.9499999999999997,3.0,0.0,0.0,-2.4339465147499997,0.9670991565,0.0
2020-01-14,2020.0,1.0,14.0,15.5,0.0,6.666666666666667,236.33333333333334,4.366666666666667,1.0,-16.016666666666666,29.566666666666666,-5.516666666666667,3.65,-25.833333333333332,0.0,0.0,-1.5086561288333336,-0.28646452699999986,0.0
2020-01-15,2020.0,1.0,15.0,20.0,0.0,10.0,329.0,5.7,19.0,-16.3,30.0,-14.5,-6.2,51.0,0.0,0.0,4.885853614,-2.935717027,0.0
2020-01-16,2020.0,1.0,16.0,15.5,0.0,0.0,246.5,5.2,11.5,-15.899999999999999,30.0,-11.2,3.1500000000000004,17.0,0.0,0.0,1.0539983435,-1.2964143015,0.0
2020-01-17,2020.0,1.0,17.0,18.0,0.0,6.666666666666667,208.0,4.966666666666667,8.666666666666666,-16.5,30.0,-10.700000000000001,1.0666666666666667,-6.333333333333333,0.0,0.0,-3.133767127,0.12008426266666665,0.0
2020-01-18,2020.0,1.0,18.0,2.0,0.4,0.0,358.0,10.0,0.0,-15.6,30.0,-13.2,-1.6,-6.0,0.0,0.0,9.99390827,-0.34899496700000004,1.6
2020-01-19,2020.0,1.0,19.0,20.0,0.13333333333333333,6.666666666666667,263.3333333333333,2.6333333333333333,1.6666666666666667,-16.733333333333334,30.0,-11.533333333333333,2.8666666666666667,-23.333333333333332,0.0,0.0,-0.24449080766666675,-0.8372486736666667,0.5333333333333333
2020-01-20,2020.0,1.0,20.0,20.0,0.0,6.666666666666667,339.0,5.333333333333333,7.333333333333333,-20.766666666666666,30.0,-7.566666666666667,3.966666666666667,-36.666666666666664,0.0,0.0,4.759652035666667,-2.1563646700000003,0.0
2020-01-21,2020.0,1.0,21.0,17.0,0.0,0.0,165.5,1.65,3.0,-16.55,30.0,-6.95,-0.30000000000000004,8.5,0.0,0.0,-1.580089053,0.43787072250000003,0.0
2020-01-22,2020.0,1.0,22.0,14.0,0.0,10.0,3.0,5.2,-10.0,-22.0,30.0,-2.6,0.3,15.0,0.0,0.0,5.192873581000001,0.272146972,0.0
2020-01-23,2020.0,1.0,23.0,23.0,0.0,0.0,310.0,4.1,9.0,-17.8,30.0,-13.7,0.6,32.0,0.0,0.0,2.6354292,-3.140782217,0.0
2020-01-24,2020.0,1.0,24.0,14.75,0.0,0.0,234.5,3.825,3.75,-18.525,30.0,-12.15,-0.07500000000000001,26.75,0.0,0.0,0.025895458749999767,-1.0666978592499998,0.0
2020-01-25,2020.0,1.0,25.0,17.0,0.0,6.0,122.0,8.0,-4.0,-19.0,30.0,-6.3,1.9,-49.0,0.0,0.0,-4.239354114,6.784384769,0.0
2020-01-26,2020.0,1.0,26.0,8.0,0.0,0.0,349.0,2.5,-3.0,-20.0,30.0,-11.9,1.8,-40.0,0.0,0.0,2.454067959,-0.47702248799999997,0.0
2020-01-27,2020.0,1.0,27.0,23.0,0.0,0.0,120.0,1.9,2.0,-20.6,30.0,-13.2,0.7,8.0,0.0,0.0,-0.95,1.645448267,0.0
2020-01-28,2020.0,1.0,28.0,18.5,0.0,10.0,170.0,5.1,15.0,-20.049999999999997,30.0,-11.05,0.75,32.5,0.0,0.0,4.6871806195,-0.24826071100000013,0.0
2020-01-29,2020.0,1.0,29.0,13.0,0.0,0.0,225.33333333333334,2.1333333333333333,0.3333333333333333,-26.96666666666667,30.0,-9.933333333333332,0.23333333333333325,27.666666666666668,0.0,0.0,-0.8075747576666666,-0.8279659406666667,0.0
2020-01-30,2020.0,1.0,30.0,23.0,0.0,0.0,109.0,1.5,1.0,-23.9,30.0,-12.2,-0.6,-26.0,0.0,0.0,-0.48835223200000005,1.4182778630000001,0.0
2020-01-31,2020.0,1.0,31.0,20.0,0.0,10.0,308.0,7.9,19.0,-20.0,30.0,-12.6,-2.8,-10.0,0.0,0.0,4.863725655,-6.225284952999999,0.0
2020-02-01,2020.0,2.0,1.0,5.0,0.0,0.0,343.0,1.2,-3.0,-19.3,30.0,-13.6,-0.2,1.0,0.0,0.0,1.147565707,-0.350846046,0.0
2020-02-02,2020.0,2.0,2.0,11.0,0.0,10.0,159.0,3.7,4.0,-17.0,30.0,-11.1,-1.2,39.0,0.0,0.0,-3.454247578,1.325961413,0.0
2020-02-03,,,,,,,,,,,,,,,,,,,
2020-02-04,2020.0,2.0,4.0,17.0,0.0,0.0,4.0,6.4,-3.0,-22.9,30.0,-3.7,-0.4,4.0,0.0,0.0,6.384409922000001,0.446441432,0.0
2020-02-05,2020.0,2.0,5.0,17.0,0.0,8.0,7.0,6.5,4.0,-24.2,30.0,-4.6,-0.9,1.0,0.0,0.0,6.451549986,0.7921507320000001,0.0
2020-02-06,2020.0,2.0,6.0,9.5,0.0,5.0,246.5,5.0,-2.0,-18.0,30.0,-8.6,0.0,9.0,0.0,0.0,2.199239573,-2.5957664019999998,0.0
2020-02-07,2020.0,2.0,7.0,18.0,0.0,4.666666666666667,228.0,6.266666666666666,15.666666666666666,-23.099999999999998,30.0,-8.966666666666667,-0.7333333333333334,47.666666666666664,0.0,0.0,5.598593431666667,-1.4517363036666666,0.0
2020-02-08,2020.0,2.0,8.0,10.25,0.0,5.25,303.25,4.8500000000000005,-0.5,-21.125,29.925,-8.625,-0.8250000000000001,46.5,0.0,0.0,2.7821855975000003,-2.3765644972499995,0.0
2020-02-09,,,,,,,,,,,,,,,,,,,
2020-02-10,2020.0,2.0,10.0,5.0,0.0,0.0,187.0,1.9,-15.0,-21.9,30.0,-8.1,3.6,-73.0,0.0,0.0,-1.885837688,-0.231551752,0.0
2020-02-11,2020.0,2.0,11.0,20.0,0.0,0.0,34.0,6.0,16.0,-31.1,30.0,-2.5,2.2,7.0,0.0,0.0,4.974225435,3.3551574210000004,0.0
2020-02-12,2020.0,2.0,12.0,20.0,0.0,0.0,91.0,2.5,4.0,-31.1,30.0,-0.9,1.6,-29.0,0.0,0.0,-0.043631015999999995,2.499619238,0.0
2020-02-13,2020.0,2.0,13.0,17.0,0.3,10.0,6.0,11.45,3.0,-16.200000000000003,30.0,-9.35,-11.45,-13.5,0.0,0.0,11.38763928,1.1767082979999999,1.2
2020-02-14,2020.0,2.0,14.0,20.0,0.0,10.0,345.0,10.3,26.0,-25.0,30.0,-21.6,-9.5,61.0,0.0,2.4,9.949036011,-2.665836165,0.0
2020-02-15,2020.0,2.0,15.0,15.5,0.0,0.0,318.5,6.199999999999999,14.0,-26.4,30.0,-17.1,2.8,35.5,0.0,0.0,4.691214324500001,-3.8325484495000004,0.0
2020-02-16,2020.0,2.0,16.0,21.5,0.0,5.0,214.5,2.1500000000000004,14.0,-21.4,30.0,-12.85,3.9,13.5,0.0,0.0,-0.41911253150000005,0.37808067700000003,0.0
2020-02-17,2020.0,2.0,17.0,14.0,0.0,5.333333333333333,199.33333333333334,3.966666666666667,-1.6666666666666667,-21.933333333333334,30.0,-9.5,1.5333333333333332,1.6666666666666667,0.0,0.0,-1.308028051666667,0.014534802000000013,0.0
2020-02-18,2020.0,2.0,18.0,17.75,0.0,5.0,159.5,7.0,3.75,-19.5,29.975,-8.425,-0.2749999999999998,-27.25,0.0,0.0,-0.36484911475000015,0.6417279029999999,0.0
2020-02-19,2020.0,2.0,19.0,18.5,0.0,10.0,81.0,7.35,17.5,-21.450000000000003,29.85,-2.75,5.05,-12.5,0.0,0.0,3.4975063360000003,1.4972375104999998,0.0
2020-02-20,2020.0,2.0,20.0,15.5,0.15,10.0,182.0,5.3,12.5,-16.950000000000003,28.85,-11.899999999999999,-8.35,55.5,0.0,0.0,4.406834931,-0.29373693849999993,0.6
2020-02-21,2020.0,2.0,21.0,14.0,0.0,0.0,148.0,3.05,5.0,-18.6,30.0,-13.700000000000001,0.0,19.0,0.0,0.0,-2.7867522835000003,1.190111369,0.0
2020-02-22,2020.0,2.0,22.0,17.0,0.0,0.0,155.0,5.7,-6.0,-20.4,28.2,4.9,9.0,-21.0,0.0,0.0,-5.165954386,2.408924092,0.0
2020-02-23,2020.0,2.0,23.0,20.0,0.0,10.0,26.0,9.0,14.0,-16.7,28.4,0.6,2.9,-53.0,0.0,0.0,8.089146417,3.945340321,0.0
2020-02-24,,,,,,,,,,,,,,,,,,,
2020-02-25,,,,,,,,,,,,,,,,,,,
2020-02-26,,,,,,,,,,,,,,,,,,,
2020-02-27,,,,,,,,,,,,,,,,,,,
2020-02-28,2020.0,2.0,28.0,5.0,0.0,0.0,279.0,2.1,-12.0,-11.6,30.0,-4.4,-1.5,-28.0,0.0,0.0,0.32851237699999997,-2.074145515,0.0
2020-02-29,,,,,,,,,,,,,,,,,,,
2020-03-01,2020.0,3.0,1.0,10.0,0.19999999999999998,6.666666666666667,168.33333333333334,4.866666666666666,1.6666666666666667,-11.966666666666669,30.0,-9.3,-1.4000000000000001,13.666666666666666,0.13333333333333333,0.26666666666666666,1.4603221683333334,-0.4500711986666667,0.7999999999999999
2020-03-02,2020.0,3.0,2.0,18.5,0.0,7.5,278.5,6.825,2.0,-16.8,30.0,-5.275,0.07500000000000001,15.25,0.0,0.0,6.558627486750001,0.28510990649999995,0.0
2020-03-03,2020.0,3.0,3.0,20.0,0.0,5.0,213.5,3.8499999999999996,4.0,-18.799999999999997,30.0,-4.55,1.45,2.0,0.0,0.0,3.1138129985,0.7545732625000001,0.0
2020-03-04,2020.0,3.0,4.0,20.0,0.0,4.0,341.0,3.5,7.0,-17.2,30.0,-2.4,3.1,-45.0,0.0,0.0,3.309315015,-1.139488541,0.0
2020-03-05,2020.0,3.0,5.0,14.0,0.0,10.0,330.0,6.3,-2.5,-19.15,28.55,0.4,-0.7,-36.0,0.0,0.0,5.2957492805,-3.3795463779999997,0.0
2020-03-06,2020.0,3.0,6.0,15.5,0.0,0.0,218.0,7.65,7.0,-15.8,30.0,-6.3,-1.4500000000000002,3.5,0.0,0.0,-3.3773313619999996,3.239819413,0.0
2020-03-07,,,,,,,,,,,,,,,,,,,
2020-03-08,2020.0,3.0,8.0,11.0,0.35,5.0,177.5,12.100000000000001,11.5,-14.95,30.0,-8.4,-6.35,28.0,0.0,0.0,11.989050259999999,-0.431997859,1.4
2020-03-09,2020.0,3.0,9.0,23.0,0.0,0.0,106.0,1.0,1.0,-15.8,30.0,-10.7,1.5,19.0,0.0,0.0,-0.275637356,0.9612616959999999,0.0
2020-03-10,2020.0,3.0,10.0,17.0,0.0,2.0,345.0,8.0,-9.0,-18.6,30.0,-1.0,4.9,-33.0,0.0,0.0,7.72740661,-2.070552361,0.0
2020-03-11,2020.0,3.0,11.0,14.0,0.0,2.6666666666666665,165.33333333333334,5.966666666666666,-8.0,-17.733333333333334,30.0,-5.666666666666667,0.0,-26.666666666666668,0.0,0.0,4.581560960666667,-0.4954579383333333,0.0
2020-03-12,2020.0,3.0,12.0,5.0,0.0,0.0,324.0,4.7,-5.0,-18.5,30.0,-11.4,-2.5,15.0,0.0,0.0,3.8023798739999997,-2.7625906860000002,0.0
2020-03-13,2020.0,3.0,13.0,11.0,0.3,0.0,332.0,4.7,-3.0,-15.549999999999999,30.0,-7.0,4.3,53.0,0.0,0.0,3.7213632595000004,-2.0744129009999996,1.2
2020-03-14,2020.0,3.0,14.0,23.0,0.0,0.0,141.0,7.4,6.0,-16.5,30.0,-2.4,5.7,-22.0,0.0,0.0,-5.750880115,4.656970894,0.0
2020-03-15,2020.0,3.0,15.0,10.0,0.0,0.0,112.33333333333333,4.8999999999999995,-2.3333333333333335,-15.4,30.0,-5.166666666666667,1.2000000000000002,-14.333333333333334,0.0,0.0,-2.9329918953333327,0.8594659566666666,0.0
2020-03-16,2020.0,3.0,16.0,23.0,0.0,0.0,4.0,4.3,7.0,-16.8,30.0,-4.6,3.0,21.0,0.0,0.0,4.289525416,0.29995283699999997,0.0
2020-03-17,2020.0,3.0,17.0,20.0,0.0,10.0,31.0,6.1,5.0,-18.4,30.0,-0.8,2.4,-32.0,0.0,0.0,5.228720534,3.1417322569999997,0.0
2020-03-18,2020.0,3.0,18.0,20.0,0.0,3.0,316.5,7.1,-4.0,-20.6,29.4,-0.55,-0.39999999999999997,3.0,0.0,0.0,6.0679599665,-3.064676199,0.0
2020-03-19,2020.0,3.0,19.0,11.0,0.0,2.0,292.5,4.25,-8.5,-17.5,29.6,0.6000000000000001,0.55,-28.5,0.0,0.0,2.8612231059999997,-1.5511266504999999,0.0
2020-03-20,2020.0,3.0,20.0,21.5,0.0,5.0,356.0,7.65,20.0,-15.2,29.8,0.0,0.5,-8.5,0.0,0.0,7.628298566,-0.510682533,0.0
2020-03-21,2020.0,3.0,21.0,11.0,0.0,10.0,126.0,5.2,4.0,-11.2,28.4,2.4,-0.1,25.0,0.0,0.0,-3.0564833119999997,4.206888371000001,0.0
2020-03-22,2020.0,3.0,22.0,21.5,0.0,5.0,68.0,6.800000000000001,18.0,-6.8,30.0,2.15,1.3,-4.5,0.0,0.0,-0.3191490060000004,3.1119658529999996,0.0
2020-03-23,2020.0,3.0,23.0,20.0,0.0,4.666666666666667,164.33333333333334,5.900000000000001,0.3333333333333333,-8.566666666666666,29.766666666666666,1.9666666666666666,-1.8,11.666666666666666,0.0,0.0,4.170951834666667,0.9489213776666666,0.0
2020-03-24,2020.0,3.0,24.0,18.5,0.0,2.5,135.5,9.5,-10.0,-6.9,27.65,6.4,3.25,-48.5,0.0,0.0,-6.3324260585,6.8378022775,0.0
2020-03-25,2020.0,3.0,25.0,18.5,0.0,7.5,351.25,12.125,8.5,-13.174999999999999,29.925,-4.075,-9.725,11.25,0.0,0.0,11.9710581685,-1.8674448260000003,0.0
2020-03-26,2020.0,3.0,26.0,14.6,0.08,6.0,168.0,5.5200000000000005,6.4,-12.580000000000002,29.619999999999997,-5.6000000000000005,-2.2800000000000002,55.4,0.0,0.0,0.5402661894,1.0284519708,0.32
2020-03-27,2020.0,3.0,27.0,11.0,0.0,6.666666666666667,226.66666666666666,7.6000000000000005,-10.333333333333334,-11.4,29.600000000000005,-2.3666666666666667,2.533333333333333,16.0,0.0,0.0,-1.2301963643333333,1.1748719343333331,0.0
2020-03-28,2020.0,3.0,28.0,20.0,0.0,5.0,174.5,7.1,7.0,-7.6000000000000005,30.0,-2.8,1.65,-42.0,0.0,0.0,6.878199202499999,-0.2849882020000001,0.0
2020-03-29,2020.0,3.0,29.0,17.0,0.0,10.0,153.0,6.5,-16.0,-6.4,30.0,2.5,3.9,-1.0,0.0,0.0,-5.791542407000001,2.950938248,0.0
2020-03-30,2020.0,3.0,30.0,16.0,0.0,3.3333333333333335,235.0,7.3,10.666666666666666,-8.366666666666667,29.599999999999998,-3.566666666666667,-1.4333333333333333,29.0,0.0,0.0,7.161786597666667,-0.2565432910000001,0.0
2020-03-31,2020.0,3.0,31.0,20.0,1.4,5.0,342.0,5.65,9.0,-8.25,30.0,-7.3,-5.25,1.0,0.0,3.4,5.3488780505,-1.721469672,5.6
2020-04-01,2020.0,4.0,1.0,12.5,0.8750000000000001,7.125,216.625,4.0625,-0.5,-7.7875000000000005,23.6875,-6.975,-2.3125,0.375,0.0,0.9,-0.1648424332500001,-0.3693041109999999,3.5000000000000004
2020-04-02,2020.0,4.0,2.0,12.5,0.1875,7.125,169.25,3.65,2.875,-7.3875,26.712500000000002,-6.025,0.9500000000000001,24.0,0.0,0.0,-2.8955689483750002,1.5263679305,0.75
2020-04-03,2020.0,4.0,3.0,12.5,0.3375,8.125,134.375,6.3,2.75,-7.2375,25.187500000000004,-4.5,1.5250000000000001,19.125,0.0,0.0,-4.202820679125,4.61649614175,1.35
2020-04-04,2020.0,4.0,4.0,12.5,0.1625,4.625,97.5,6.2,-0.625,-6.75,27.35,-2.1125000000000003,2.3874999999999997,9.75,0.0,0.0,-1.8107210877499997,3.315278138625,0.65
2020-04-05,2020.0,4.0,5.0,12.5,0.037500000000000006,4.25,222.25,2.7125,-2.125,-5.1375,29.0,-1.0374999999999999,1.075,-15.625,0.0,0.0,0.6161404027500001,-0.331388532625,0.15000000000000002
2020-04-06,2020.0,4.0,6.0,12.5,1.5499999999999998,3.375,190.125,3.3875,0.5,-5.312500000000001,28.5625,-1.8625,-0.8250000000000001,-5.75,0.0,0.0,0.870205720375,0.013467295125000112,6.199999999999999
2020-04-07,2020.0,4.0,7.0,12.5,0.0,5.625,266.25,3.675,-0.5,-12.487500000000002,30.0,-0.4875000000000001,1.3750000000000002,5.25,0.0,0.0,2.0895842079999998,-1.9985514751250002,0.0
2020-04-08,2020.0,4.0,8.0,12.5,0.0,2.75,265.125,4.4625,-0.625,-12.8375,30.0,2.15,2.6374999999999997,-9.125,0.0,0.0,3.57989929625,-0.962990521,0.0
2020-04-09,2020.0,4.0,9.0,12.5,0.0,4.75,177.5,3.25,-1.5,-11.7375,30.0,2.6875,0.5375000000000001,-8.0,0.0,0.0,0.8903492145,-0.706984102375,0.0
2020-04-10,2020.0,4.0,10.0,12.5,0.0,1.625,312.125,9.1,6.5,-14.8875,24.475,-2.1499999999999995,-4.8375,30.0,0.0,0.0,9.06087919975,-0.5369185495000003,0.0
2020-04-11,2020.0,4.0,11.0,12.5,0.0,0.25,261.0,5.525,-0.625,-15.974999999999998,29.962500000000002,-2.225,-0.07500000000000023,18.375,0.0,0.0,2.9475512983749996,-0.735169081125,0.0
2020-04-12,2020.0,4.0,12.0,12.5,0.0,2.25,156.875,4.5875,-2.375,-16.962500000000002,29.15,0.2374999999999999,2.4625,-17.875,0.0,0.0,-1.9080407262499999,2.097728176375,0.0
2020-04-13,2020.0,4.0,13.0,12.5,0.0,1.375,265.5,4.4375,-3.75,-11.65,28.4875,1.8624999999999996,1.625,-23.75,0.0,0.0,2.0777573240000002,0.40874074062500004,0.0
2020-04-14,2020.0,4.0,14.0,12.5,0.0,1.0,265.75,4.15,-1.0,-13.575,24.0625,5.375,3.5125,-18.5,0.0,0.0,3.83032120325,-0.7259259506249999,0.0
2020-04-15,2020.0,4.0,15.0,12.5,0.0,1.625,157.5,6.949999999999999,0.0,-9.875000000000002,27.099999999999998,6.975,1.5999999999999999,-5.375,0.0,0.0,5.9945106485,-0.2970708060000001,0.0
2020-04-16,2020.0,4.0,16.0,12.5,0.0,1.875,284.5,6.9,3.25,-9.6125,29.1125,1.65,-5.325,22.75,0.0,0.0,4.028052768375,-1.19264754125,0.0
2020-04-17,2020.0,4.0,17.0,12.5,0.0,7.875,157.5,10.1125,-4.625,-13.9,28.650000000000002,1.2,-0.45,-26.75,0.0,0.0,-8.384716200374998,4.973692644375,0.0
2020-04-18,2020.0,4.0,18.0,12.5,0.3,2.5,153.875,7.049999999999999,1.875,-4.2125,28.475,0.5,-0.6999999999999998,-0.375,0.0,0.0,6.4173436385,-0.12677668300000006,1.2
2020-04-19,2020.0,4.0,19.0,12.5,0.0,8.125,258.25,7.2625,2.375,-7.4125,29.975,1.9375,1.4375000000000002,30.5,0.0,0.0,7.015992781625,-0.30365676587500035,0.0
2020-04-20,2020.0,4.0,20.0,12.5,0.0,4.75,208.25,7.012499999999999,0.5,-9.7125,29.975,-1.6875,-3.625,-0.5,0.0,0.0,2.9455010962499997,0.29787780924999996,0.0
2020-04-21,2020.0,4.0,21.0,12.5,0.0,8.125,245.5,2.525,1.25,-7.3125,26.8375,-2.0875000000000004,-0.39999999999999997,10.375,0.0,0.0,1.249752645,-0.5449376716250001,0.0
2020-04-22,2020.0,4.0,22.0,12.5,0.0,5.25,267.375,6.0125,1.75,-14.150000000000002,29.9,-1.0500000000000003,1.0374999999999999,3.25,0.0,0.0,3.0475341638749995,-0.38736691875,0.0
2020-04-23,2020.0,4.0,23.0,12.5,0.0,4.5,271.625,5.5875,0.75,-18.049999999999997,30.0,-1.2625000000000002,-0.2125,19.875,0.0,0.0,2.84725026625,-0.24321770099999995,0.0
2020-04-24,2020.0,4.0,24.0,12.5,0.0,2.75,182.75,4.812500000000001,0.25,-19.3625,30.0,-1.025,0.23750000000000002,-0.25,0.0,0.0,2.48260916475,-1.1159029125000002,0.0
2020-04-25,2020.0,4.0,25.0,12.5,0.0,1.25,211.375,3.925,2.375,-23.6,29.65,1.85,2.875,11.375,0.0,0.0,3.5865635538750005,-0.7063188766249999,0.0
2020-04-26,2020.0,4.0,26.0,12.5,0.0,0.25,267.25,4.574999999999999,1.0,-22.25,29.0125,4.725,2.8750000000000004,15.5,0.0,0.0,2.9553322486249995,-2.858058851375,0.0
2020-04-27,2020.0,4.0,27.0,12.5,0.0,0.5,167.0,2.575,-3.625,-18.962500000000002,26.925,7.637499999999999,2.9125000000000005,-1.25,0.0,0.0,-0.9016293645,1.221130127875,0.0
2020-04-28,2020.0,4.0,28.0,12.5,0.0,0.5,226.0,3.6625,-3.625,-14.162500000000001,27.312500000000004,7.7,0.06250000000000001,-46.625,0.0,0.0,1.030176436375,-0.772459863875,0.0
2020-04-29,2020.0,4.0,29.0,12.5,0.0,3.0,292.625,3.1375,2.875,-17.3625,25.6375,9.0,1.3000000000000003,6.375,0.0,0.0,2.584901165,-1.2875597546249997,0.0
2020-04-30,2020.0,4.0,30.0,12.5,0.0,1.625,287.625,2.5500000000000003,-2.375,-15.275,24.512500000000003,10.0875,1.0875,4.25,0.0,0.0,0.36547997512500013,-0.57075731625,0.0
2020-05-01,2020.0,5.0,1.0,12.5,0.0,0.25,225.25,3.6125,-1.75,-13.4625,24.224999999999998,11.65,1.5625,-23.5,0.0,0.0,1.370175294875,-0.8428166501250001,0.0
2020-05-02,2020.0,5.0,2.0,12.5,0.0,2.5,279.625,4.8125,-2.0,-12.3125,23.075000000000003,13.6625,2.0124999999999997,-18.5,0.0,0.0,3.0510166307500004,-1.0207070096250002,0.0
2020-05-03,2020.0,5.0,3.0,12.5,0.0,1.375,220.5,9.175,3.25,-3.1874999999999996,22.225,9.45,-4.2125,11.375,0.0,0.0,8.927422186375,-1.1258142628749999,0.0
2020-05-04,2020.0,5.0,4.0,12.5,0.0,7.0,167.875,6.6625,-2.75,1.25,29.4625,7.937500000000001,-1.5125000000000002,-1.5,0.0,0.0,-1.4287397995,2.3616186837499997,0.0
2020-05-05,2020.0,5.0,5.0,12.5,0.0,4.75,156.875,6.975,-8.125,0.39999999999999997,29.975,10.975000000000001,3.0374999999999996,-32.25,0.0,0.0,-6.241738533375,2.8401563845,0.0
2020-05-06,2020.0,5.0,6.0,12.5,0.05,6.75,215.75,8.1625,7.25,2.1875,25.924999999999997,4.1125,-6.862500000000001,-0.25,2.5,3.3,7.5547943403749995,-1.163096316,0.2
2020-05-07,2020.0,5.0,7.0,12.5,1.95,4.875,260.75,7.875,2.875,-1.05,29.2,0.07500000000000012,-4.0375000000000005,27.625,0.15,8.299999999999999,7.64809438975,-1.009488642375,7.8
2020-05-08,2020.0,5.0,8.0,12.5,0.6749999999999999,7.0,215.25,9.3125,0.375,-4.3500000000000005,29.6875,-2.625,-2.7,14.625,0.25,0.9,8.950847561,-0.907774146,2.6999999999999997
2020-05-09,2020.0,5.0,9.0,12.5,0.0125,5.625,250.625,4.687500000000001,-1.25,-12.549999999999999,29.9125,1.6625,4.2875,1.5,0.0,0.0,2.2078660231250002,-1.0215928525,0.05
2020-05-10,2020.0,5.0,10.0,12.5,0.5,3.875,277.875,9.700000000000001,8.5,-7.6625000000000005,30.0,-0.3875000000000002,-2.05,20.125,0.0,0.4,8.427395268375001,-1.4866351572499998,2.0
2020-05-11,2020.0,5.0,11.0,12.5,0.0,4.5,187.5,3.7875,-4.75,-11.799999999999999,30.0,1.0500000000000003,1.4374999999999998,20.125,0.0,0.0,1.5817576975,0.258205341625,0.0
2020-05-12,2020.0,5.0,12.0,12.5,0.0,3.375,137.5,5.6,-5.5,-10.0875,29.9375,6.2,5.15,-47.375,0.0,0.0,-4.211361748375,3.190248440749999,0.0
2020-05-13,2020.0,5.0,13.0,12.5,0.5375,6.75,303.625,5.1125,0.125,-4.800000000000001,29.8,4.9375,-1.2625000000000002,-18.25,0.0,0.0,2.74049035925,-2.4950436806250003,2.15
2020-05-14,2020.0,5.0,14.0,12.5,0.0125,3.375,256.625,5.0,-1.625,-6.775,29.95,6.224999999999999,1.2874999999999999,-4.75,0.0,0.0,1.14654884225,-1.4894584280000003,0.05
2020-05-15,2020.0,5.0,15.0,10.5,0.0,3.0,222.66666666666666,4.583333333333333,2.0,-5.083333333333333,30.0,6.6499999999999995,0.5499999999999999,-3.3333333333333335,0.0,0.0,3.113650277833333,-1.3003120169999998,0.0
2020-05-16,2020.0,5.0,16.0,14.0,0.0,2.857142857142857,328.0,6.3,-0.42857142857142855,-6.257142857142858,30.0,9.485714285714284,3.042857142857143,36.285714285714285,0.0,0.0,4.620757583,-3.255139871,0.0
2020-05-17,2020.0,5.0,17.0,12.5,0.0,0.25,260.375,6.8125,0.75,-10.575,29.374999999999996,8.649999999999999,-0.22499999999999998,-11.0,0.0,0.0,6.369381664374999,-1.57021893275,0.0
2020-05-18,2020.0,5.0,18.0,12.5,0.0,1.375,136.625,5.6625,-4.375,-9.875000000000002,26.7875,8.375,-0.27500000000000024,-19.5,0.0,0.0,-1.1229182194999998,2.5342888890000004,0.0
2020-05-19,2020.0,5.0,19.0,12.5,0.025,5.75,238.125,4.2625,0.75,-4.25,28.7625,8.025,-0.34999999999999987,-15.125,0.0,0.0,1.7104629135,-0.655884041,0.1
2020-05-20,2020.0,5.0,20.0,12.5,0.025,5.625,196.25,1.975,2.625,-0.6749999999999999,28.637500000000003,8.924999999999999,0.9000000000000001,21.625,0.0,0.0,-0.6029082268750001,0.4811821169999999,0.1
2020-05-21,2020.0,5.0,21.0,12.5,0.0,5.875,252.75,4.525,3.625,-4.0375000000000005,26.525000000000002,10.187499999999998,1.2625,34.375,0.0,0.0,4.154200776374999,-0.7570020485,0.0
2020-05-22,2020.0,5.0,22.0,12.5,0.0,4.125,211.0,5.5874999999999995,0.375,0.3125,28.65,8.2375,-1.95,-4.875,0.9,0.2,1.763374588125,-0.8889236762500001,0.0
2020-05-23,2020.0,5.0,23.0,12.5,0.9625,7.25,306.875,9.3,1.5,0.6250000000000001,29.6875,3.2375,-5.0,19.125,1.0,12.1,9.157456478875,-1.3209531860000001,3.85
2020-05-24,2020.0,5.0,24.0,12.5,0.0375,6.75,305.5,4.949999999999999,-1.125,-2.2375000000000003,30.0,4.6375,1.4000000000000001,-1.125,0.0,0.0,4.4215565685,-1.6715176236250002,0.15
2020-05-25,2020.0,5.0,25.0,12.5,1.6,8.375,129.375,6.1375,0.25,-0.3375,25.475,2.7,-1.9375,-5.875,1.9000000000000001,13.950000000000001,5.618692915625,-0.08725444625000003,6.4
2020-05-26,2020.0,5.0,26.0,12.5,1.35,6.125,215.875,4.074999999999999,2.0,-1.3375,27.8,1.6625,-1.0374999999999999,16.25,0.8999999999999999,3.85,3.9691297207500003,-0.7135206198749999,5.4
2020-05-27,2020.0,5.0,27.0,12.5,0.0,3.625,282.75,3.875,-4.625,-5.0125,30.0,3.9125,2.25,-14.625,0.0,0.0,2.0769567080000004,-2.247802423875,0.0
2020-05-28,2020.0,5.0,28.0,12.5,0.1375,2.5,256.75,4.6625,-4.625,-3.45,30.0,5.7625,1.85,-41.375,0.0,0.0,-0.07049064450000013,-1.00014744125,0.55
2020-05-29,2020.0,5.0,29.0,12.5,0.725,2.25,168.75,5.375,2.0,-3.075,29.475,3.8,-1.9625,-10.375,3.8000000000000003,5.0,3.884201531625,-0.9545681005000001,2.9
2020-05-30,2020.0,5.0,30.0,12.5,0.0,7.0,285.625,4.8875,3.125,-3.5625000000000004,30.0,4.8125,1.0125000000000002,22.25,0.0,0.0,2.1292717092499998,-1.5121330268749997,0.0
2020-05-31,2020.0,5.0,31.0,12.5,0.0,3.0,210.875,4.5874999999999995,-1.875,-3.5875000000000004,30.0,7.5125,2.6999999999999997,1.5,0.0,0.0,0.8254080541249998,0.6814470768749998,0.0
2020-06-01,2020.0,6.0,1.0,12.5,0.0,5.625,248.625,5.8875,2.5,-4.925,30.0,7.6,0.08750000000000004,22.625,0.0,0.0,5.090448583375,-0.0682544125,0.0
2020-06-02,2020.0,6.0,2.0,12.5,0.0,2.25,281.625,4.887500000000001,-1.875,-5.862500000000001,30.0,9.6625,2.0625000000000004,-10.625,0.0,0.0,3.116432100625,-2.6104306307500003,0.0
2020-06-03,2020.0,6.0,3.0,12.5,0.9249999999999999,4.875,196.875,2.5,-2.25,-2.3875,29.712500000000002,9.1125,-0.55,-14.625,0.0,0.0,-0.556936283875,-0.9235784747499999,3.6999999999999997
2020-06-04,2020.0,6.0,4.0,12.5,0.0,2.5,254.625,3.6,1.75,-4.2749999999999995,30.0,11.987499999999999,2.875,0.5,0.0,0.0,1.9644301361249996,-1.2039373111249998,0.0
2020-06-05,2020.0,6.0,5.0,12.5,0.0,0.0,175.375,5.4125,-4.0,-5.0,29.475,13.275,1.2875,-13.0,0.0,0.0,-3.8518514765,1.04569156025,0.0
2020-06-06,2020.0,6.0,6.0,12.5,0.0,2.5,163.25,3.3249999999999997,-0.375,-0.3124999999999999,29.0625,12.112499999999999,-1.1624999999999999,-20.625,0.0,0.0,-2.273702490625,1.3228869345,0.0
2020-06-07,2020.0,6.0,7.0,12.5,0.425,4.625,219.0,8.762500000000001,4.375,-0.85,29.05,6.4875,-5.625,19.25,0.5,0.75,8.4861848065,-0.9391996246250001,1.7
2020-06-08,2020.0,6.0,8.0,12.5,0.8999999999999999,7.0,164.25,8.187499999999998,1.0,-3.2,30.0,5.2375,-1.2500000000000002,28.375,2.8999999999999995,1.4000000000000001,3.3891849337499993,1.48025064575,3.5999999999999996
2020-06-09,2020.0,6.0,9.0,12.5,0.075,1.375,254.75,8.0,0.625,-0.3374999999999998,30.0,7.7,2.4625,-4.875,0.0,0.15000000000000002,3.1901172911250004,0.37243330775000016,0.3
2020-06-10,2020.0,6.0,10.0,12.5,0.2,4.625,141.25,8.225,-4.125,2.3125,29.4375,8.887500000000001,1.1875000000000002,-17.875,1.55,2.55,-1.9378672746250005,3.5206161071249995,0.8
2020-06-11,2020.0,6.0,11.0,12.5,0.5625,1.375,238.625,6.599999999999999,2.125,1.5000000000000002,29.65,8.6875,-0.2,-1.125,3.3,0.75,4.79138201175,-1.624994578,2.25
2020-06-12,2020.0,6.0,12.0,12.5,0.25,6.75,270.875,6.1625,1.5,1.1375,29.2625,8.9625,0.275,-1.625,0.0,0.0,1.494133984875,-2.621487863875,1.0
2020-06-13,2020.0,6.0,13.0,12.5,1.3124999999999998,6.125,179.375,6.5125,0.875,2.9875000000000003,29.725,6.425,-2.5374999999999996,28.625,0.0,0.0,-2.221484327125,3.2559366469999995,5.249999999999999
2020-06-14,2020.0,6.0,14.0,12.5,0.8375,5.625,157.5,3.8499999999999996,-1.875,4.35,28.1625,9.787500000000001,3.3625,-8.875,0.4,0.0,-2.637892917,1.6609223960000001,3.35
2020-06-15,2020.0,6.0,15.0,12.5,2.7249999999999996,8.125,213.625,5.25,-0.25,5.0875,28.025,8.149999999999999,-1.6375,-7.0,0.8500000000000001,1.0,3.6812548903750004,-1.634339925,10.899999999999999
2020-06-16,2020.0,6.0,16.0,12.5,1.65,6.75,347.375,8.649999999999999,-1.0,3.3000000000000003,29.95,6.6375,-1.5125,-6.875,0.35,0.1,8.41212365475,-1.4546326150000002,6.6
2020-06-17,2020.0,6.0,17.0,12.5,0.0625,4.125,318.75,4.8125,0.875,0.31249999999999983,30.0,9.8625,3.225,3.75,0.0,0.0,4.253092297,-1.467367524,0.25
2020-06-18,2020.0,6.0,18.0,12.5,0.0,1.375,147.0,3.6625,-2.875,-1.0999999999999999,29.0375,13.274999999999999,3.4125,-5.25,0.0,0.0,-2.38296355625,1.8426645124999999,0.0
2020-06-19,2020.0,6.0,19.0,12.5,0.0,6.125,188.875,4.95,0.0,1.3250000000000002,29.175,14.8625,1.5875,-13.875,0.0,0.0,-0.18953173262500012,0.9364158121249999,0.0
2020-06-20,2020.0,6.0,20.0,12.5,0.0,3.625,251.125,4.35,-0.875,2.8875,26.025,15.875,1.0125,-3.25,0.0,0.0,3.203788728625,-0.6531689130000004,0.0
2020-06-21,2020.0,6.0,21.0,12.5,2.55,5.875,182.5,7.8375,2.375,5.9125000000000005,23.825,8.899999999999999,-6.975,3.0,0.2,11.2,7.7884166294999995,0.2541144612499998,10.2
2020-06-22,2020.0,6.0,22.0,12.5,3.2,7.125,284.875,7.45,1.375,4.5,26.3125,6.8500000000000005,-2.05,20.375,0.1,1.5,5.099263836000001,-1.2454256550000002,12.8
2020-06-23,2020.0,6.0,23.0,12.5,0.025,4.125,189.875,3.6500000000000004,-1.25,0.8999999999999999,30.0,10.3,3.4499999999999997,-1.75,0.0,0.1,0.6627607584999999,0.2671713830000001,0.1
2020-06-24,2020.0,6.0,24.0,12.5,0.0,2.75,244.5,4.45,0.375,1.0374999999999999,30.0,12.6,2.3000000000000003,-4.375,0.0,0.0,3.9879772808750005,-0.5700341162500002,0.0
2020-06-25,2020.0,6.0,25.0,12.5,0.07500000000000001,5.0,223.25,3.9000000000000004,-1.25,0.4,29.9375,10.737499999999997,-1.8625000000000003,-4.25,0.0,0.0,0.32606936799999986,-0.029570885624999876,0.30000000000000004
2020-06-26,2020.0,6.0,26.0,12.5,0.025,5.25,194.5,6.325,-0.875,2.0749999999999997,29.9125,11.0,0.26250000000000007,-2.75,0.0,0.0,-2.416745014,1.910507709375,0.1
2020-06-27,2020.0,6.0,27.0,12.5,0.125,5.625,143.875,6.1499999999999995,0.5,3.325,29.4125,10.1125,-0.8874999999999998,-11.625,0.05,1.3,2.976294497625,1.0733723029999998,0.5
2020-06-28,2020.0,6.0,28.0,12.5,0.0,0.5,222.625,5.3500000000000005,0.5,3.8375000000000004,29.9625,12.0625,1.9500000000000002,7.0,0.05,0.0,4.20589465625,-1.09640233875,0.0
2020-06-29,2020.0,6.0,29.0,12.5,0.0,0.25,262.25,5.2875,3.25,2.5875,29.9875,13.012500000000003,0.9500000000000002,20.5,0.0,0.0,5.1763238486250005,-0.585861873375,0.0
2020-06-30,2020.0,6.0,30.0,12.5,1.0,5.0,230.75,2.4625,1.375,4.6625,29.7625,10.000000000000002,-3.0124999999999997,19.25,0.0,0.05,0.76716127375,-0.66786234925,4.0
